0    INFO  [main] Log5J : ***  23.1591  ***  **********************************************************
1    INFO  [main] Log5J : ***  23.921  ***  Logger configuration successful. Configuration file used: 
1    INFO  [main] Log5J : ***  23.9672  ***  C:\Infineon\AURIX-Studio-1.10.16\configuration\org.eclipse.osgi\397\0\.cp\lib\log4j.properties
1    INFO  [main] Log5J : ***  24.005  ***  **********************************************************
96   INFO  [main] ISysProductFactory : ***  119.4908  ***  Found product: Name: com.infineon.aurix.buildsystem.aurixide, winIDEA package: winIDEA_IFX_ADS
1973 INFO  [main] ISysArtifactoryRepository : Is repository on mirror 1 site 'https://m1.247365bb.com/ftp/afrs' available: true
1974 INFO  [main] ISysArtifactoryRepository : Is repository on mirror 2 site 'https://m2.247365bb.com/ftp/afrs' available: true
1974 INFO  [main] WinIdeaUpdateManager : Downloading PackageManager.exe from 'https://m1.247365bb.com/ftp/afrs/production/PackageManager.exe'
7828 INFO  [main] WinIdeaUpdateManager : PackageManager.exe set up at 'C:\Users\User\AppData\Local\iSYSTEM\b18\PackageManager.exe'
7828 INFO  [main] WinIdeaUpdateManager : PackageManager 'C:\Users\User\AppData\Local\iSYSTEM\b18\PackageManager.exe' is executable.
7829 INFO  [main] CmdRunner : Running: 'C:\Users\User\AppData\Local\iSYSTEM\b18\PackageManager.exe init --afr-path="C:\Infineon\AURIX-Studio-1.10.16\local_AFR" --owner="C:\Infineon\AURIX-Studio-1.10.16\AURIX-studio.exe"'
8672 INFO  [main] CmdRunner : Operation finished in 843ms Return code: 0
8672 INFO  [main] CmdRunner : Output: >>><<<
8673 INFO  [main] WinIdeaUpdateManager : WinIdeaUpdateManager: initialization:
8673 INFO  [main] WinIdeaUpdateManager :  - Product folder: C:\Infineon\AURIX-Studio-1.10.16
8673 INFO  [main] WinIdeaUpdateManager :  - Product exe (owner): C:\Infineon\AURIX-Studio-1.10.16\AURIX-studio.exe
8673 INFO  [main] WinIdeaUpdateManager :  - Package manager: C:\Users\User\AppData\Local\iSYSTEM\b18\PackageManager.exe
8673 INFO  [main] WinIdeaUpdateManager :  - Local AFR: C:\Infineon\AURIX-Studio-1.10.16\local_AFR
8673 INFO  [main] WinIdeaUpdateManager :  - Update channel: Production
8889 INFO  [main] ISysDebugPlugin : ***  8911.8696  ***  Starting plugin: si.isystem.eclipse.debug
8890 INFO  [main] ISysPluginConfiguration : ***  8913.1163  ***  Loading debug plugin properties from 'C:\Infineon\AURIX-Studio-1.10.16\isys_debugger_configuration.json'
8896 INFO  [main] ISysPluginConfiguration : ***  8919.3962  ***  Loaded plugin configuration:
	 - Enable embedded: false
	 - Enable portable false
	 - Default selection: Custom
	 - Default install path: '\winIDEA'
8896 INFO  [main] ISystemPreferences : ***  8919.7096  ***  State location loaded at D:\Project\Aurix-TC275\.metadata\.plugins\si.isystem.eclipse.debug
8902 INFO  [main] ISystemPreferences : ***  8925.6445  ***  Preferences loaded: Install type: Custom, Custom path: '\winIDEA'
8908 INFO  [main] ISysDebugPlugin : ***  8931.4911  ***  Starting Plugin si.isystem.eclipse.debug version 921.33400.216241.
8909 INFO  [main] ISysDebugPlugin : ***  8932.3318  ***  Plugin si.isystem.eclipse.debug started.
29430 INFO  [si.isystem.eclipse.debug - 0] ISysAbstractDsfService : ***  29454.0718  ***  ISysConnectionService initialization(super) started.
29437 INFO  [si.isystem.eclipse.debug - 0] IConLaunchManager : ***  29460.812  ***  
Starting debug session using launch configuration paramenters: 
 - Launch name = 'TC275-LED TriCore Debug (TASKING)'
 - Project name = 'TC275-LED'
 - Project path = 'D:/Project/Aurix-TC275/TC275-LED'
 - Output file = 'TriCore Debug (TASKING)\TC275-LED.elf'
 - Stop on startup = 'true'
 - Stop on startup location = 'core0_main'
 - Verbose mode = false' - winIDEA visible = 'false'
 - Bring winIDEA to top = 'true'
 - Verify download = 'true'
 - Analyze source files = 'false'
 - Shutdown winIDEA at terminate session = 'true'
 - winIDEA workspace path = '.ads/winIDEAWorkspaces/TriCore-Debug-(TASKING)/ADS.xjrf'
 - full winIDEA workspace path = 'D:\Project\Aurix-TC275\TC275-LED\.ads\winIDEAWorkspaces\TriCore-Debug-(TASKING)\ADS.xjrf'
 - Device = 'TC275T'
 - Hardware = 'IFX_DAS'
 - Communication = 'USB'
 - Hardware debugger = ''
 - Image check = 'Default'
 - Create SMP = 'true'
 - After download action = 'none'
 - After download symbol = ''

33467 INFO  [si.isystem.eclipse.debug - 0] ISysAbstractDsfService : ***  33490.0004  ***  ISysConnectionService initialization(super) finished.
33467 INFO  [si.isystem.eclipse.debug - 0] ISysAbstractDsfService : ***  33490.0789  ***  ISysConnectionService initialization(main) started.
33468 INFO  [si.isystem.eclipse.debug - 0] ISysAbstractDsfService : ***  33490.4997  ***  ISysConnectionService initialization(main) finished.
33468 ERROR [Worker-6: Launching TC275-LED TriCore Debug (TASKING)] ISysLaunchDelegate : Launch failed.
org.eclipse.debug.core.DebugException: TASKING winIDEA services initialization failed.
	at si.isystem.dsf.launch.ISysLaunchDelegate.initializeServices(Unknown Source)
	at si.isystem.dsf.launch.ISysLaunchDelegate.launch(Unknown Source)
	at org.eclipse.debug.internal.core.LaunchConfiguration.launch(LaunchConfiguration.java:805)
	at org.eclipse.debug.internal.core.LaunchConfiguration.launch(LaunchConfiguration.java:716)
	at org.eclipse.debug.internal.ui.DebugUIPlugin.buildAndLaunch(DebugUIPlugin.java:1038)
	at org.eclipse.debug.internal.ui.DebugUIPlugin$1.run(DebugUIPlugin.java:1241)
	at org.eclipse.core.internal.jobs.Worker.run(Worker.java:63)
Caused by: java.util.concurrent.ExecutionException: org.eclipse.core.runtime.CoreException: Unhandled exception when executing Sequence si.isystem.dsf.launch.ISysServiceInitializationSequence@6e09c89d, step #0
	at org.eclipse.cdt.dsf.concurrent.Query.get(Query.java:112)
	... 7 more
Caused by: org.eclipse.core.runtime.CoreException: Unhandled exception when executing Sequence si.isystem.dsf.launch.ISysServiceInitializationSequence@6e09c89d, step #0
	... 8 more
Caused by: java.lang.NullPointerException: Cannot invoke "si.isystem.debug.core.proxy.SessionControllerProxy.getPrimaryClusterCores()" because "this.m_sessionController" is null
	at si.isystem.debug.core.proxy.IConnectProxy.disconnectAndCloseWinIdea(Unknown Source)
	at si.isystem.debug.core.proxy.ISysSessionManager.debugSessionStop(Unknown Source)
	at si.isystem.dsf.services.ISysConnectionService.closeWinIDEA(Unknown Source)
	at si.isystem.dsf.services.ISysConnectionService.doInitialize(Unknown Source)
	at si.isystem.dsf.ISysAbstractDsfService.initialize(Unknown Source)
	at si.isystem.dsf.launch.ISysServiceInitializationSequence$1.execute(Unknown Source)
	at org.eclipse.cdt.dsf.concurrent.Sequence.executeStep(Sequence.java:475)
	at org.eclipse.cdt.dsf.concurrent.Sequence.run(Sequence.java:380)
	at java.base/java.util.concurrent.Executors$RunnableAdapter.call(Executors.java:539)
	at java.base/java.util.concurrent.FutureTask.run(FutureTask.java:264)
	at java.base/java.util.concurrent.ScheduledThreadPoolExecutor$ScheduledFutureTask.run(ScheduledThreadPoolExecutor.java:304)
	at java.base/java.util.concurrent.ThreadPoolExecutor.runWorker(ThreadPoolExecutor.java:1136)
	at java.base/java.util.concurrent.ThreadPoolExecutor$Worker.run(ThreadPoolExecutor.java:635)
	at java.base/java.lang.Thread.run(Thread.java:840)
33468 ERROR [si.isystem.eclipse.debug - 0] ISysAbstractDsfService : ***  33490.6364  ***  ISysConnectionService initialization(sub) failed: 'Failed to initialize connection service.'!
si.isystem.exceptions.SException: Cancelled the creation of a winIDEA workspace.
	at si.isystem.debug.core.winidea.IConLaunchManager.checkWorkspaceFileExistence(Unknown Source)
	at si.isystem.debug.core.proxy.ISysSessionManager.openWinIdeaWithWorkspaceAndConnect(Unknown Source)
	at si.isystem.debug.core.winidea.IConLaunchManager.startDebugSession(Unknown Source)
	at si.isystem.dsf.services.ISysConnectionService.startWinIdeaDebugSession(Unknown Source)
	at si.isystem.dsf.services.ISysConnectionService.startWinIdeaDebugSessionWithProgressDialog(Unknown Source)
	at si.isystem.dsf.services.ISysConnectionService.doInitialize(Unknown Source)
	at si.isystem.dsf.ISysAbstractDsfService.initialize(Unknown Source)
	at si.isystem.dsf.launch.ISysServiceInitializationSequence$1.execute(Unknown Source)
	at org.eclipse.cdt.dsf.concurrent.Sequence.executeStep(Sequence.java:475)
	at org.eclipse.cdt.dsf.concurrent.Sequence.run(Sequence.java:380)
	at java.base/java.util.concurrent.Executors$RunnableAdapter.call(Executors.java:539)
	at java.base/java.util.concurrent.FutureTask.run(FutureTask.java:264)
	at java.base/java.util.concurrent.ScheduledThreadPoolExecutor$ScheduledFutureTask.run(ScheduledThreadPoolExecutor.java:304)
	at java.base/java.util.concurrent.ThreadPoolExecutor.runWorker(ThreadPoolExecutor.java:1136)
	at java.base/java.util.concurrent.ThreadPoolExecutor$Worker.run(ThreadPoolExecutor.java:635)
	at java.base/java.lang.Thread.run(Thread.java:840)
37171 INFO  [si.isystem.eclipse.debug - 1] ISysAbstractDsfService : ***  37194.2211  ***  ISysConnectionService initialization(super) started.
37172 INFO  [si.isystem.eclipse.debug - 1] IConLaunchManager : ***  37194.5869  ***  
Starting debug session using launch configuration paramenters: 
 - Launch name = 'TC275-LED TriCore Debug (TASKING)'
 - Project name = 'TC275-LED'
 - Project path = 'D:/Project/Aurix-TC275/TC275-LED'
 - Output file = 'TriCore Debug (TASKING)\TC275-LED.elf'
 - Stop on startup = 'true'
 - Stop on startup location = 'core0_main'
 - Verbose mode = false' - winIDEA visible = 'false'
 - Bring winIDEA to top = 'true'
 - Verify download = 'true'
 - Analyze source files = 'false'
 - Shutdown winIDEA at terminate session = 'true'
 - winIDEA workspace path = '.ads/winIDEAWorkspaces/TriCore-Debug-(TASKING)/ADS.xjrf'
 - full winIDEA workspace path = 'D:\Project\Aurix-TC275\TC275-LED\.ads\winIDEAWorkspaces\TriCore-Debug-(TASKING)\ADS.xjrf'
 - Device = 'TC275T'
 - Hardware = 'IFX_DAS'
 - Communication = 'USB'
 - Hardware debugger = ''
 - Image check = 'Default'
 - Create SMP = 'true'
 - After download action = 'none'
 - After download symbol = ''

39013 INFO  [si.isystem.eclipse.debug - 1] ISysSessionManager : ***  39035.7739  ***  Connecting to winIDEA 'C:\Infineon\AURIX-Studio-1.10.16\winIDEA\' with workspace 'N/A', winIDEA-ID: 'com.tasking.winIDEA.instance.id-TC275-LED TriCore Debug (TASKING)', visible: false, CLI args: '/HideCrashDumpMessage /NOWSP'
44072 INFO  [si.isystem.eclipse.debug - 1] ISysSessionManager : ***  44095.4871  ***  winIDEA workspace 'D:\Project\Aurix-TC275\TC275-LED\.ads\winIDEAWorkspaces\TriCore-Debug-(TASKING)\ADS.xjrf' created.
44072 INFO  [si.isystem.eclipse.debug - 1] ISysSessionManager : ***  44095.6063  ***  Setting configuration to HW='IFX_DAS', Comm='USB', ImgCheck='Default'.
45729 INFO  [si.isystem.eclipse.debug - 1] ISysConfigOptions : ***  45752.5245  ***  DAS Servers:
45730 INFO  [si.isystem.eclipse.debug - 1] ISysConfigOptions : ***  45752.7358  ***  [i] = 'IFX_DAS: AURIX LITE KIT V1.1 LK7WL7LF [USB]'
45730 INFO  [si.isystem.eclipse.debug - 1] ISysConfigOptions : ***  45752.7902  ***  Loading DAS Server list finished. [1651ms]
45762 INFO  [si.isystem.eclipse.debug - 1] ISysSessionManager : ***  45785.1183  ***  Connected to winIDEA and setup workspace.
45763 INFO  [si.isystem.eclipse.debug - 1] ISysSessionManager : ***  45785.7047  ***  Version of isystem.connect for Java: 9.21.334.0
45763 INFO  [si.isystem.eclipse.debug - 1] ISysSessionManager : ***  45786.0367  ***  Version of isystem.connect DLL: 9.21.334.0.0
45763 INFO  [si.isystem.eclipse.debug - 1] ISysSessionManager : ***  45786.4547  ***  Version of winIDEA: 9.21.338.0.218131
45763 INFO  [si.isystem.eclipse.debug - 1] ISysSessionManager : ***  45786.5143  ***  Downloading ...
47082 INFO  [si.isystem.eclipse.debug - 1] ISysSessionManager : ***  47105.3069  ***  Downloading finished.
47082 DEBUG [si.isystem.eclipse.debug - 1] IConLaunchManager : ***  47105.4059  ***  Deleting all breakpoints...
47147 INFO  [si.isystem.eclipse.debug - 1] IConLaunchManager : ***  47170.2191  ***  Connected to target.
47147 INFO  [si.isystem.eclipse.debug - 1] IConLaunchManager : ***  47170.3076  ***  Log level set to INFO
47213 INFO  [si.isystem.eclipse.debug - 1] ISysAbstractDsfService : ***  47236.2736  ***  ISysConnectionService initialization(super) finished.
47213 INFO  [si.isystem.eclipse.debug - 1] ISysAbstractDsfService : ***  47236.3432  ***  ISysConnectionService initialization(main) started.
47213 INFO  [si.isystem.eclipse.debug - 1] ISysAbstractDsfService : ***  47236.3732  ***  ISysConnectionService initialization(main) finished.
47213 INFO  [si.isystem.eclipse.debug - 1] ISysAbstractDsfService : ***  47236.4113  ***  ISysConnectionService initialization(sub) finished.
47214 INFO  [si.isystem.eclipse.debug - 1] ISysAbstractDsfService : ***  47237.4772  ***  ISysCommandControl initialization(super) started.
47215 INFO  [Worker-2: Command Executor Job] ISysAbstractDsfService : ***  47238.0298  ***  Command Executor Job started.
47215 INFO  [si.isystem.eclipse.debug - 1] ISysAbstractDsfService : ***  47238.0895  ***  ISysCommandControl initialization(super) finished.
47215 INFO  [si.isystem.eclipse.debug - 1] ISysAbstractDsfService : ***  47238.1244  ***  ISysCommandControl initialization(main) started.
47215 INFO  [si.isystem.eclipse.debug - 1] ISysAbstractDsfService : ***  47238.5764  ***  ISysCommandControl initialization(main) finished.
47215 INFO  [si.isystem.eclipse.debug - 1] ISysAbstractDsfService : ***  47238.6249  ***  ISysCommandControl initialization(sub) finished.
47219 INFO  [si.isystem.eclipse.debug - 1] ISysAbstractDsfService : ***  47242.6815  ***  ISysRunControl initialization(super) started.
47226 INFO  [si.isystem.eclipse.debug - 1] ISysAbstractDsfService : ***  47249.5272  ***  ISysRunControl initialization(super) finished.
47226 INFO  [si.isystem.eclipse.debug - 1] ISysAbstractDsfService : ***  47249.5939  ***  ISysRunControl initialization(main) started.
47227 INFO  [si.isystem.eclipse.debug - 1] ISysAbstractDsfService : ***  47250.1881  ***  ISysRunControl specified as service event listener (method: eventDispatched)
47227 INFO  [si.isystem.eclipse.debug - 1] ISysAbstractDsfService : ***  47250.2908  ***  ISysRunControl initialization(main) finished.
47232 INFO  [si.isystem.eclipse.debug - 1] ISysAbstractDsfService : ***  47255.3818  ***  ISysRunControl initialization(sub) finished.
47233 INFO  [si.isystem.eclipse.debug - 1] ISysAbstractDsfService : ***  47255.8771  ***  ISysStackService initialization(super) started.
47234 INFO  [si.isystem.eclipse.debug - 1] ISysAbstractDsfService : ***  47257.0541  ***  ISysStackService initialization(super) finished.
47234 INFO  [si.isystem.eclipse.debug - 1] ISysAbstractDsfService : ***  47257.1067  ***  ISysStackService initialization(main) started.
47234 INFO  [si.isystem.eclipse.debug - 1] ISysAbstractDsfService : ***  47257.3389  ***  ISysStackService specified as service event listener (method: eventDispatched)
47234 INFO  [si.isystem.eclipse.debug - 1] ISysAbstractDsfService : ***  47257.3991  ***  ISysStackService initialization(main) finished.
47234 INFO  [si.isystem.eclipse.debug - 1] ISysAbstractDsfService : ***  47257.4345  ***  ISysStackService initialization(sub) finished.
47235 INFO  [si.isystem.eclipse.debug - 1] ISysAbstractDsfService : ***  47257.6924  ***  ISysMemoryService initialization(super) started.
47235 INFO  [si.isystem.eclipse.debug - 1] ISysAbstractDsfService : ***  47258.476  ***  Starting Memory Service sub-initialization sequence.
47235 INFO  [si.isystem.eclipse.debug - 1] ISysAbstractDsfService : ***  47258.5345  ***  ISysMemoryService initialization(super) finished.
47235 INFO  [si.isystem.eclipse.debug - 1] ISysAbstractDsfService : ***  47258.5603  ***  ISysMemoryService initialization(main) started.
47236 INFO  [si.isystem.eclipse.debug - 1] ISysAbstractDsfService : ***  47258.8808  ***  ISysMemoryService specified as service event listener (method: eventDispatched)
47236 INFO  [si.isystem.eclipse.debug - 1] ISysAbstractDsfService : ***  47258.9241  ***  ISysMemoryService initialization(main) finished.
47236 INFO  [si.isystem.eclipse.debug - 1] ISysAbstractDsfService : ***  47259.0  ***  Initializing Memory Service block retrieval.
47240 INFO  [si.isystem.eclipse.debug - 1] ISysAbstractDsfService : ***  47262.8875  ***  Memory Service block retrieval initialized.
47240 INFO  [si.isystem.eclipse.debug - 1] ISysAbstractDsfService : ***  47262.9725  ***  Loading memory area properties.
47242 INFO  [si.isystem.eclipse.debug - 1] ISysAbstractDsfService : ***  47265.5525  ***  Adding 1 memory blocks.
47242 INFO  [si.isystem.eclipse.debug - 1] ISysAbstractDsfService : ***  47265.6556  ***  Block 'Virtual' [00000000:ffffffff] MAU=8 visible
47243 INFO  [si.isystem.eclipse.debug - 1] ISysAbstractDsfService : ***  47265.6936  ***  Memory Service block retrieval initialized.
47243 INFO  [si.isystem.eclipse.debug - 1] ISysAbstractDsfService : ***  47265.7549  ***  Registering memory model adapter and service.
47243 INFO  [si.isystem.eclipse.debug - 1] ISysAbstractDsfService : ***  47266.1139  ***  Memory model adapter and service registered.
47243 INFO  [si.isystem.eclipse.debug - 1] ISysAbstractDsfService : ***  47266.1913  ***  ISysMemoryService initialization(sub) finished.
47243 INFO  [si.isystem.eclipse.debug - 1] ISysAbstractDsfService : ***  47266.5555  ***  ISysSourceLookupService initialization(super) started.
47244 INFO  [si.isystem.eclipse.debug - 1] ISysAbstractDsfService : ***  47266.7895  ***  ISysSourceLookupService initialization(super) finished.
47244 INFO  [si.isystem.eclipse.debug - 1] ISysAbstractDsfService : ***  47266.8214  ***  ISysSourceLookupService initialization(main) started.
47244 INFO  [si.isystem.eclipse.debug - 1] ISysAbstractDsfService : ***  47266.8806  ***  ISysSourceLookupService initialization(main) finished.
47244 INFO  [si.isystem.eclipse.debug - 1] ISysAbstractDsfService : ***  47266.9102  ***  ISysSourceLookupService initialization(sub) finished.
47244 INFO  [si.isystem.eclipse.debug - 1] ISysAbstractDsfService : ***  47267.345  ***  ISysExpressionsService initialization(super) started.
47244 INFO  [si.isystem.eclipse.debug - 1] ISysAbstractDsfService : ***  47267.5731  ***  ISysExpressionsService initialization(super) finished.
47244 INFO  [si.isystem.eclipse.debug - 1] ISysAbstractDsfService : ***  47267.6043  ***  ISysExpressionsService initialization(main) started.
47245 INFO  [si.isystem.eclipse.debug - 1] ISysAbstractDsfService : ***  47268.0637  ***  ISysExpressionsService specified as service event listener (method: eventDispatched)
47245 INFO  [si.isystem.eclipse.debug - 1] ISysAbstractDsfService : ***  47268.1063  ***  ISysExpressionsService initialization(main) finished.
47245 INFO  [si.isystem.eclipse.debug - 1] ISysAbstractDsfService : ***  47268.1364  ***  ISysExpressionsService initialization(sub) finished.
47245 INFO  [si.isystem.eclipse.debug - 1] ISysAbstractDsfService : ***  47268.3822  ***  ISysRegistersService initialization(super) started.
47246 INFO  [si.isystem.eclipse.debug - 1] ISysAbstractDsfService : ***  47269.135  ***  ISysRegistersService initialization(super) finished.
47246 INFO  [si.isystem.eclipse.debug - 1] ISysAbstractDsfService : ***  47269.1702  ***  ISysRegistersService initialization(main) started.
47247 INFO  [si.isystem.eclipse.debug - 1] ISysAbstractDsfService : ***  47269.7215  ***  ISysRegistersService specified as service event listener (method: eventDispatched)
47247 INFO  [si.isystem.eclipse.debug - 1] ISysAbstractDsfService : ***  47269.7666  ***  ISysRegistersService initialization(main) finished.
47247 INFO  [si.isystem.eclipse.debug - 1] ISysAbstractDsfService : ***  47269.7967  ***  ISysRegistersService initialization(sub) finished.
47247 INFO  [si.isystem.eclipse.debug - 1] ISysAbstractDsfService : ***  47270.0086  ***  ISysDisassemblyService initialization(super) started.
47247 INFO  [si.isystem.eclipse.debug - 1] ISysAbstractDsfService : ***  47270.3886  ***  ISysDisassemblyService initialization(super) finished.
47247 INFO  [si.isystem.eclipse.debug - 1] ISysAbstractDsfService : ***  47270.4249  ***  ISysDisassemblyService initialization(main) started.
47247 INFO  [si.isystem.eclipse.debug - 1] ISysAbstractDsfService : ***  47270.5039  ***  ISysDisassemblyService initialization(main) finished.
47247 INFO  [si.isystem.eclipse.debug - 1] ISysAbstractDsfService : ***  47270.5786  ***  ISysDisassemblyService initialization(sub) finished.
47248 INFO  [si.isystem.eclipse.debug - 1] ISysAbstractDsfService : ***  47270.7423  ***  ISysSfrService initialization(super) started.
47248 INFO  [si.isystem.eclipse.debug - 1] ISysAbstractDsfService : ***  47271.1279  ***  ISysSfrService initialization(super) finished.
47248 INFO  [si.isystem.eclipse.debug - 1] ISysAbstractDsfService : ***  47271.1592  ***  ISysSfrService initialization(main) started.
47248 INFO  [si.isystem.eclipse.debug - 1] ISysAbstractDsfService : ***  47271.552  ***  ISysSfrService specified as service event listener (method: eventDispatched)
47248 INFO  [si.isystem.eclipse.debug - 1] ISysAbstractDsfService : ***  47271.6035  ***  ISysSfrService initialization(main) finished.
47725 INFO  [si.isystem.eclipse.debug - 1] ISysAbstractDsfService : ***  47749.0596  ***  ISysSfrService initialization(sub) finished.
47726 INFO  [si.isystem.eclipse.debug - 1] ISysAbstractDsfService : ***  47749.5509  ***  ISysRteService initialization(super) started.
47726 INFO  [si.isystem.eclipse.debug - 1] ISysAbstractDsfService : ***  47749.8332  ***  ISysRteService initialization(super) finished.
47726 INFO  [si.isystem.eclipse.debug - 1] ISysAbstractDsfService : ***  47749.8644  ***  ISysRteService initialization(main) started.
47726 INFO  [si.isystem.eclipse.debug - 1] ISysAbstractDsfService : ***  47750.1068  ***  ISysRteService specified as service event listener (method: eventDispatched)
47726 INFO  [si.isystem.eclipse.debug - 1] ISysAbstractDsfService : ***  47750.1643  ***  ISysRteService initialization(main) finished.
47726 INFO  [si.isystem.eclipse.debug - 1] ISysAbstractDsfService : ***  47750.1974  ***  ISysRteService initialization(sub) finished.
47728 INFO  [si.isystem.eclipse.debug - 1] ISysAbstractDsfService : ***  47751.6758  ***  ISysBreakpointService initialization(super) started.
47728 INFO  [si.isystem.eclipse.debug - 1] ISysAbstractDsfService : ***  47752.1298  ***  ISysBreakpointService initialization(super) finished.
47728 INFO  [si.isystem.eclipse.debug - 1] ISysAbstractDsfService : ***  47752.1644  ***  ISysBreakpointService initialization(main) started.
47729 INFO  [si.isystem.eclipse.debug - 1] ISysAbstractDsfService : ***  47752.4108  ***  ISysBreakpointService specified as service event listener (method: eventDispatched)
47729 INFO  [si.isystem.eclipse.debug - 1] ISysAbstractDsfService : ***  47752.4553  ***  ISysBreakpointService initialization(main) finished.
47729 INFO  [si.isystem.eclipse.debug - 1] ISysAbstractDsfService : ***  47752.49  ***  ISysBreakpointService initialization(sub) finished.
47733 INFO  [si.isystem.eclipse.debug - 1] ISysLaunch : ***  47756.9752  ***  Services initialization sequence completed
65561 INFO  [Worker-2: Command Executor Job] ISysAbstractDsfService : ***  65583.6894  ***  ISysCommandControl command dequeued - exiting command processing loop
65561 INFO  [si.isystem.eclipse.debug - 1] ISysAbstractCommand : ***  65583.7569  ***  Processing the last command to be processed: si.isystem.dsf.control.commands.ISysCmdMiscTerminateDebugger
65561 INFO  [si.isystem.eclipse.debug - 1] ISysAbstractDsfService : ***  65583.9168  ***  Command Control was shut down - cancelling remaining commands in queue.
65564 INFO  [si.isystem.eclipse.debug - 1] ISysAbstractDsfService : ***  65587.5784  ***  Command Controll queue is empty and closed.
65565 INFO  [si.isystem.eclipse.debug - 1] ISysAbstractDsfService : ***  65588.2998  ***  ISysBreakpointService shutdown(super) started.
65565 INFO  [si.isystem.eclipse.debug - 1] ISysAbstractDsfService : ***  65588.4492  ***  ISysBreakpointService shutdown(super) finished.
65565 INFO  [si.isystem.eclipse.debug - 1] ISysAbstractDsfService : ***  65588.4951  ***  ISysBreakpointService shutdown(main) started.
65565 INFO  [si.isystem.eclipse.debug - 1] ISysAbstractDsfService : ***  65588.5415  ***  ISysBreakpointService removed from service event listener list
65566 INFO  [si.isystem.eclipse.debug - 1] ISysAbstractDsfService : ***  65588.7655  ***  ISysBreakpointService shutdown(main) finished.
65566 INFO  [si.isystem.eclipse.debug - 1] ISysAbstractDsfService : ***  65588.818  ***  ISysBreakpointService shutdown(sub) finished.
65566 INFO  [si.isystem.eclipse.debug - 1] ISysAbstractDsfService : ***  65588.8852  ***  ISysRteService shutdown(super) started.
65566 INFO  [si.isystem.eclipse.debug - 1] ISysAbstractDsfService : ***  65589.0598  ***  ISysRteService shutdown(super) finished.
65566 INFO  [si.isystem.eclipse.debug - 1] ISysAbstractDsfService : ***  65589.0861  ***  ISysRteService shutdown(main) started.
65566 INFO  [si.isystem.eclipse.debug - 1] ISysAbstractDsfService : ***  65589.1235  ***  ISysRteService removed from service event listener list
65566 INFO  [si.isystem.eclipse.debug - 1] ISysAbstractDsfService : ***  65589.3114  ***  ISysRteService shutdown(main) finished.
65566 INFO  [si.isystem.eclipse.debug - 1] ISysAbstractDsfService : ***  65589.4815  ***  ISysRteService shutdown(sub) finished.
65566 INFO  [si.isystem.eclipse.debug - 1] ISysAbstractDsfService : ***  65589.5676  ***  ISysSfrService shutdown(super) started.
65567 INFO  [si.isystem.eclipse.debug - 1] ISysAbstractDsfService : ***  65589.7437  ***  ISysSfrService shutdown(super) finished.
65567 INFO  [si.isystem.eclipse.debug - 1] ISysAbstractDsfService : ***  65589.7689  ***  ISysSfrService shutdown(main) started.
65567 INFO  [si.isystem.eclipse.debug - 1] ISysAbstractDsfService : ***  65589.7876  ***  ISysSfrService removed from service event listener list
65567 INFO  [si.isystem.eclipse.debug - 1] ISysAbstractDsfService : ***  65589.9106  ***  ISysSfrService shutdown(main) finished.
65567 INFO  [si.isystem.eclipse.debug - 1] ISysAbstractDsfService : ***  65589.9972  ***  ISysSfrService shutdown(sub) finished.
65567 INFO  [si.isystem.eclipse.debug - 1] ISysAbstractDsfService : ***  65590.0692  ***  ISysDisassemblyService shutdown(super) started.
65567 INFO  [si.isystem.eclipse.debug - 1] ISysAbstractDsfService : ***  65590.1195  ***  ISysDisassemblyService shutdown(super) finished.
65567 INFO  [si.isystem.eclipse.debug - 1] ISysAbstractDsfService : ***  65590.1466  ***  ISysDisassemblyService shutdown(main) started.
65567 INFO  [si.isystem.eclipse.debug - 1] ISysAbstractDsfService : ***  65590.3016  ***  ISysDisassemblyService shutdown(main) finished.
65567 INFO  [si.isystem.eclipse.debug - 1] ISysAbstractDsfService : ***  65590.3333  ***  ISysDisassemblyService shutdown(sub) finished.
65567 INFO  [si.isystem.eclipse.debug - 1] ISysAbstractDsfService : ***  65590.3825  ***  ISysRegistersService shutdown(super) started.
65567 INFO  [si.isystem.eclipse.debug - 1] ISysAbstractDsfService : ***  65590.4248  ***  ISysRegistersService shutdown(super) finished.
65567 INFO  [si.isystem.eclipse.debug - 1] ISysAbstractDsfService : ***  65590.4612  ***  ISysRegistersService shutdown(main) started.
65567 INFO  [si.isystem.eclipse.debug - 1] ISysAbstractDsfService : ***  65590.4784  ***  ISysRegistersService removed from service event listener list
65567 INFO  [si.isystem.eclipse.debug - 1] ISysAbstractDsfService : ***  65590.6071  ***  ISysRegistersService shutdown(main) finished.
65567 INFO  [si.isystem.eclipse.debug - 1] ISysAbstractDsfService : ***  65590.6349  ***  ISysRegistersService shutdown(sub) finished.
65568 INFO  [si.isystem.eclipse.debug - 1] ISysAbstractDsfService : ***  65590.6977  ***  ISysExpressionsService shutdown(super) started.
65568 INFO  [si.isystem.eclipse.debug - 1] ISysAbstractDsfService : ***  65590.7731  ***  ISysExpressionsService shutdown(super) finished.
65568 INFO  [si.isystem.eclipse.debug - 1] ISysAbstractDsfService : ***  65590.8068  ***  ISysExpressionsService shutdown(main) started.
65568 INFO  [si.isystem.eclipse.debug - 1] ISysAbstractDsfService : ***  65590.8238  ***  ISysExpressionsService removed from service event listener list
65568 INFO  [si.isystem.eclipse.debug - 1] ISysAbstractDsfService : ***  65590.9647  ***  ISysExpressionsService shutdown(main) finished.
65568 INFO  [si.isystem.eclipse.debug - 1] ISysAbstractDsfService : ***  65591.0165  ***  ISysExpressionsService shutdown(sub) finished.
65568 INFO  [si.isystem.eclipse.debug - 1] ISysAbstractDsfService : ***  65591.0796  ***  ISysSourceLookupService shutdown(super) started.
65568 INFO  [si.isystem.eclipse.debug - 1] ISysAbstractDsfService : ***  65591.1227  ***  ISysSourceLookupService shutdown(super) finished.
65568 INFO  [si.isystem.eclipse.debug - 1] ISysAbstractDsfService : ***  65591.1416  ***  ISysSourceLookupService shutdown(main) started.
65568 INFO  [si.isystem.eclipse.debug - 1] ISysAbstractDsfService : ***  65591.2695  ***  ISysSourceLookupService shutdown(main) finished.
65568 INFO  [si.isystem.eclipse.debug - 1] ISysAbstractDsfService : ***  65591.2974  ***  ISysSourceLookupService shutdown(sub) finished.
65568 INFO  [si.isystem.eclipse.debug - 1] ISysAbstractDsfService : ***  65591.3386  ***  ISysMemoryService shutdown(super) started.
65568 INFO  [si.isystem.eclipse.debug - 1] ISysAbstractDsfService : ***  65591.3982  ***  ISysMemoryService shutdown(super) finished.
65568 INFO  [si.isystem.eclipse.debug - 1] ISysAbstractDsfService : ***  65591.4599  ***  ISysMemoryService shutdown(main) started.
65568 INFO  [si.isystem.eclipse.debug - 1] ISysAbstractDsfService : ***  65591.4779  ***  ISysMemoryService removed from service event listener list
65568 INFO  [si.isystem.eclipse.debug - 1] ISysAbstractDsfService : ***  65591.5919  ***  ISysMemoryService shutdown(main) finished.
65568 INFO  [si.isystem.eclipse.debug - 1] ISysAbstractDsfService : ***  65591.6177  ***  ISysMemoryService shutdown(sub) finished.
65568 INFO  [si.isystem.eclipse.debug - 1] ISysAbstractDsfService : ***  65591.6489  ***  ISysStackService shutdown(super) started.
65569 INFO  [si.isystem.eclipse.debug - 1] ISysAbstractDsfService : ***  65591.7068  ***  ISysStackService shutdown(super) finished.
65569 INFO  [si.isystem.eclipse.debug - 1] ISysAbstractDsfService : ***  65591.74  ***  ISysStackService shutdown(main) started.
65569 INFO  [si.isystem.eclipse.debug - 1] ISysAbstractDsfService : ***  65591.7571  ***  ISysStackService removed from service event listener list
65569 INFO  [si.isystem.eclipse.debug - 1] ISysAbstractDsfService : ***  65591.8682  ***  ISysStackService shutdown(main) finished.
65569 INFO  [si.isystem.eclipse.debug - 1] ISysAbstractDsfService : ***  65591.8943  ***  ISysStackService shutdown(sub) finished.
65569 INFO  [si.isystem.eclipse.debug - 1] ISysAbstractDsfService : ***  65591.9261  ***  ISysRunControl shutdown(super) started.
65569 INFO  [si.isystem.eclipse.debug - 1] ISysAbstractDsfService : ***  65591.9663  ***  ISysRunControl shutdown(super) finished.
65569 INFO  [si.isystem.eclipse.debug - 1] ISysAbstractDsfService : ***  65591.9862  ***  ISysRunControl shutdown(main) started.
65569 INFO  [si.isystem.eclipse.debug - 1] ISysAbstractDsfService : ***  65592.0038  ***  ISysRunControl removed from service event listener list
65569 INFO  [si.isystem.eclipse.debug - 1] ISysAbstractDsfService : ***  65592.1367  ***  ISysRunControl shutdown(main) finished.
65569 INFO  [si.isystem.eclipse.debug - 1] ISysAbstractDsfService : ***  65592.1642  ***  ISysRunControl shutdown(sub) finished.
65569 INFO  [si.isystem.eclipse.debug - 1] ISysAbstractDsfService : ***  65592.1969  ***  ISysCommandControl shutdown(super) started.
65569 INFO  [si.isystem.eclipse.debug - 1] ISysAbstractDsfService : ***  65592.2375  ***  ISysCommandControl shutdown(super) finished.
65569 INFO  [si.isystem.eclipse.debug - 1] ISysAbstractDsfService : ***  65592.264  ***  ISysCommandControl shutdown(main) started.
65569 INFO  [si.isystem.eclipse.debug - 1] ISysAbstractDsfService : ***  65592.376  ***  ISysCommandControl shutdown(main) finished.
65569 INFO  [si.isystem.eclipse.debug - 1] ISysAbstractDsfService : ***  65592.4039  ***  ISysCommandControl shutdown(sub) finished.
65569 INFO  [si.isystem.eclipse.debug - 1] ISysAbstractDsfService : ***  65592.4442  ***  ISysConnectionService shutdown(super) started.
65569 INFO  [si.isystem.eclipse.debug - 1] IConnectProxy : ***  65592.6304  ***  Shutting down iConnect for cores: [I@51ab14c2
65569 INFO  [si.isystem.eclipse.debug - 1] IConnectProxy : ***  65592.6749  ***  Disconnecting from and closing winIDEA on core 0.
65621 INFO  [si.isystem.eclipse.debug - 1] ISysAbstractDsfService : ***  65644.0244  ***  ISysConnectionService shutdown(super) finished.
65621 INFO  [si.isystem.eclipse.debug - 1] ISysAbstractDsfService : ***  65644.1843  ***  ISysConnectionService shutdown(main) started.
65621 INFO  [si.isystem.eclipse.debug - 1] ISysAbstractDsfService : ***  65644.2339  ***  ISysConnectionService shutdown(main) finished.
65621 INFO  [si.isystem.eclipse.debug - 1] ISysAbstractDsfService : ***  65644.2728  ***  ISysConnectionService shutdown(sub) finished.
65622 INFO  [si.isystem.eclipse.debug - 1] ISysLaunch : ***  65644.8021  ***  Debug services shutdown completed.
235018 INFO  [si.isystem.eclipse.debug - 2] ISysAbstractDsfService : ***  235041.3945  ***  ISysConnectionService initialization(super) started.
235019 INFO  [si.isystem.eclipse.debug - 2] IConLaunchManager : ***  235041.739  ***  
Starting debug session using launch configuration paramenters: 
 - Launch name = 'TC275-LED TriCore Debug (TASKING)'
 - Project name = 'TC275-LED'
 - Project path = 'D:/Project/Aurix-TC275/TC275-LED'
 - Output file = 'TriCore Debug (TASKING)\TC275-LED.elf'
 - Stop on startup = 'true'
 - Stop on startup location = 'core0_main'
 - Verbose mode = false' - winIDEA visible = 'false'
 - Bring winIDEA to top = 'true'
 - Verify download = 'true'
 - Analyze source files = 'false'
 - Shutdown winIDEA at terminate session = 'true'
 - winIDEA workspace path = '.ads/winIDEAWorkspaces/TriCore-Debug-(TASKING)/ADS.xjrf'
 - full winIDEA workspace path = 'D:\Project\Aurix-TC275\TC275-LED\.ads\winIDEAWorkspaces\TriCore-Debug-(TASKING)\ADS.xjrf'
 - Device = 'TC275T'
 - Hardware = 'IFX_DAS'
 - Communication = 'USB'
 - Hardware debugger = ''
 - Image check = 'Default'
 - Create SMP = 'true'
 - After download action = 'none'
 - After download symbol = ''

235019 INFO  [si.isystem.eclipse.debug - 2] ISysSessionManager : ***  235041.857  ***  Setting winIDEA workspace path to 'D:\Project\Aurix-TC275\TC275-LED\.ads\winIDEAWorkspaces\TriCore-Debug-(TASKING)\ADS.xjrf'
235019 INFO  [si.isystem.eclipse.debug - 2] ISysSessionManager : ***  235042.0177  ***  Connecting to winIDEA 'C:\Infineon\AURIX-Studio-1.10.16\winIDEA\' with workspace 'D:\Project\Aurix-TC275\TC275-LED\.ads\winIDEAWorkspaces\TriCore-Debug-(TASKING)\ADS.xjrf', winIDEA-ID: 'com.tasking.winIDEA.instance.id-TC275-LED TriCore Debug (TASKING)', visible: false, CLI args: '/HideCrashDumpMessage'
238306 INFO  [si.isystem.eclipse.debug - 2] ISysSessionManager : ***  238329.7213  ***  Connected to winIDEA and setup workspace.
238306 INFO  [si.isystem.eclipse.debug - 2] ISysSessionManager : ***  238329.823  ***  Version of isystem.connect for Java: 9.21.334.0
238306 INFO  [si.isystem.eclipse.debug - 2] ISysSessionManager : ***  238329.8737  ***  Version of isystem.connect DLL: 9.21.334.0.0
238306 INFO  [si.isystem.eclipse.debug - 2] ISysSessionManager : ***  238330.2594  ***  Version of winIDEA: 9.21.338.0.218131
238306 INFO  [si.isystem.eclipse.debug - 2] ISysSessionManager : ***  238330.292  ***  Downloading ...
239760 INFO  [si.isystem.eclipse.debug - 2] ISysSessionManager : ***  239782.8099  ***  Downloading finished.
239818 INFO  [si.isystem.eclipse.debug - 2] IConLaunchManager : ***  239840.8816  ***  Connected to target.
239818 INFO  [si.isystem.eclipse.debug - 2] IConLaunchManager : ***  239840.9435  ***  Log level set to INFO
239882 INFO  [si.isystem.eclipse.debug - 2] ISysAbstractDsfService : ***  239905.0702  ***  ISysConnectionService initialization(super) finished.
239882 INFO  [si.isystem.eclipse.debug - 2] ISysAbstractDsfService : ***  239905.1287  ***  ISysConnectionService initialization(main) started.
239882 INFO  [si.isystem.eclipse.debug - 2] ISysAbstractDsfService : ***  239905.1538  ***  ISysConnectionService initialization(main) finished.
239882 INFO  [si.isystem.eclipse.debug - 2] ISysAbstractDsfService : ***  239905.3062  ***  ISysConnectionService initialization(sub) finished.
239882 INFO  [si.isystem.eclipse.debug - 2] ISysAbstractDsfService : ***  239905.3422  ***  ISysCommandControl initialization(super) started.
239882 INFO  [Worker-6: Command Executor Job] ISysAbstractDsfService : ***  239905.453  ***  Command Executor Job started.
239882 INFO  [si.isystem.eclipse.debug - 2] ISysAbstractDsfService : ***  239905.5396  ***  ISysCommandControl initialization(super) finished.
239882 INFO  [si.isystem.eclipse.debug - 2] ISysAbstractDsfService : ***  239905.5625  ***  ISysCommandControl initialization(main) started.
239882 INFO  [si.isystem.eclipse.debug - 2] ISysAbstractDsfService : ***  239905.5819  ***  ISysCommandControl initialization(main) finished.
239882 INFO  [si.isystem.eclipse.debug - 2] ISysAbstractDsfService : ***  239905.5978  ***  ISysCommandControl initialization(sub) finished.
239882 INFO  [si.isystem.eclipse.debug - 2] ISysAbstractDsfService : ***  239905.6234  ***  ISysRunControl initialization(super) started.
239884 INFO  [si.isystem.eclipse.debug - 2] ISysAbstractDsfService : ***  239906.8662  ***  ISysRunControl initialization(super) finished.
239884 INFO  [si.isystem.eclipse.debug - 2] ISysAbstractDsfService : ***  239906.9916  ***  ISysRunControl initialization(main) started.
239884 INFO  [si.isystem.eclipse.debug - 2] ISysAbstractDsfService : ***  239907.0169  ***  ISysRunControl specified as service event listener (method: eventDispatched)
239884 INFO  [si.isystem.eclipse.debug - 2] ISysAbstractDsfService : ***  239907.048  ***  ISysRunControl initialization(main) finished.
239885 INFO  [si.isystem.eclipse.debug - 2] ISysAbstractDsfService : ***  239908.2694  ***  ISysRunControl initialization(sub) finished.
239885 INFO  [si.isystem.eclipse.debug - 2] ISysAbstractDsfService : ***  239908.3406  ***  ISysStackService initialization(super) started.
239885 INFO  [si.isystem.eclipse.debug - 2] ISysAbstractDsfService : ***  239908.5898  ***  ISysStackService initialization(super) finished.
239885 INFO  [si.isystem.eclipse.debug - 2] ISysAbstractDsfService : ***  239908.6147  ***  ISysStackService initialization(main) started.
239885 INFO  [si.isystem.eclipse.debug - 2] ISysAbstractDsfService : ***  239908.635  ***  ISysStackService specified as service event listener (method: eventDispatched)
239885 INFO  [si.isystem.eclipse.debug - 2] ISysAbstractDsfService : ***  239908.6711  ***  ISysStackService initialization(main) finished.
239885 INFO  [si.isystem.eclipse.debug - 2] ISysAbstractDsfService : ***  239908.6886  ***  ISysStackService initialization(sub) finished.
239885 INFO  [si.isystem.eclipse.debug - 2] ISysAbstractDsfService : ***  239908.7122  ***  ISysMemoryService initialization(super) started.
239886 INFO  [si.isystem.eclipse.debug - 2] ISysAbstractDsfService : ***  239908.7825  ***  Starting Memory Service sub-initialization sequence.
239886 INFO  [si.isystem.eclipse.debug - 2] ISysAbstractDsfService : ***  239908.8062  ***  ISysMemoryService initialization(super) finished.
239886 INFO  [si.isystem.eclipse.debug - 2] ISysAbstractDsfService : ***  239908.8201  ***  ISysMemoryService initialization(main) started.
239886 INFO  [si.isystem.eclipse.debug - 2] ISysAbstractDsfService : ***  239908.8352  ***  ISysMemoryService specified as service event listener (method: eventDispatched)
239886 INFO  [si.isystem.eclipse.debug - 2] ISysAbstractDsfService : ***  239908.8541  ***  ISysMemoryService initialization(main) finished.
239886 INFO  [si.isystem.eclipse.debug - 2] ISysAbstractDsfService : ***  239908.8805  ***  Initializing Memory Service block retrieval.
239887 INFO  [si.isystem.eclipse.debug - 2] ISysAbstractDsfService : ***  239910.204  ***  Memory Service block retrieval initialized.
239887 INFO  [si.isystem.eclipse.debug - 2] ISysAbstractDsfService : ***  239910.2574  ***  Loading memory area properties.
239888 INFO  [si.isystem.eclipse.debug - 2] ISysAbstractDsfService : ***  239911.3535  ***  Adding 1 memory blocks.
239888 INFO  [si.isystem.eclipse.debug - 2] ISysAbstractDsfService : ***  239911.4285  ***  Block 'Virtual' [00000000:ffffffff] MAU=8 visible
239888 INFO  [si.isystem.eclipse.debug - 2] ISysAbstractDsfService : ***  239911.4478  ***  Memory Service block retrieval initialized.
239888 INFO  [si.isystem.eclipse.debug - 2] ISysAbstractDsfService : ***  239911.4726  ***  Registering memory model adapter and service.
239889 INFO  [si.isystem.eclipse.debug - 2] ISysAbstractDsfService : ***  239911.7399  ***  Memory model adapter and service registered.
239889 INFO  [si.isystem.eclipse.debug - 2] ISysAbstractDsfService : ***  239911.7717  ***  ISysMemoryService initialization(sub) finished.
239889 INFO  [si.isystem.eclipse.debug - 2] ISysAbstractDsfService : ***  239911.7977  ***  ISysSourceLookupService initialization(super) started.
239889 INFO  [si.isystem.eclipse.debug - 2] ISysAbstractDsfService : ***  239911.9323  ***  ISysSourceLookupService initialization(super) finished.
239889 INFO  [si.isystem.eclipse.debug - 2] ISysAbstractDsfService : ***  239911.9527  ***  ISysSourceLookupService initialization(main) started.
239889 INFO  [si.isystem.eclipse.debug - 2] ISysAbstractDsfService : ***  239911.9725  ***  ISysSourceLookupService initialization(main) finished.
239889 INFO  [si.isystem.eclipse.debug - 2] ISysAbstractDsfService : ***  239912.0032  ***  ISysSourceLookupService initialization(sub) finished.
239889 INFO  [si.isystem.eclipse.debug - 2] ISysAbstractDsfService : ***  239912.0268  ***  ISysExpressionsService initialization(super) started.
239889 INFO  [si.isystem.eclipse.debug - 2] ISysAbstractDsfService : ***  239912.1719  ***  ISysExpressionsService initialization(super) finished.
239889 INFO  [si.isystem.eclipse.debug - 2] ISysAbstractDsfService : ***  239912.2123  ***  ISysExpressionsService initialization(main) started.
239889 INFO  [si.isystem.eclipse.debug - 2] ISysAbstractDsfService : ***  239912.2303  ***  ISysExpressionsService specified as service event listener (method: eventDispatched)
239889 INFO  [si.isystem.eclipse.debug - 2] ISysAbstractDsfService : ***  239912.254  ***  ISysExpressionsService initialization(main) finished.
239889 INFO  [si.isystem.eclipse.debug - 2] ISysAbstractDsfService : ***  239912.2747  ***  ISysExpressionsService initialization(sub) finished.
239889 INFO  [si.isystem.eclipse.debug - 2] ISysAbstractDsfService : ***  239912.2998  ***  ISysRegistersService initialization(super) started.
239890 INFO  [si.isystem.eclipse.debug - 2] ISysAbstractDsfService : ***  239912.723  ***  ISysRegistersService initialization(super) finished.
239890 INFO  [si.isystem.eclipse.debug - 2] ISysAbstractDsfService : ***  239912.7625  ***  ISysRegistersService initialization(main) started.
239890 INFO  [si.isystem.eclipse.debug - 2] ISysAbstractDsfService : ***  239912.781  ***  ISysRegistersService specified as service event listener (method: eventDispatched)
239890 INFO  [si.isystem.eclipse.debug - 2] ISysAbstractDsfService : ***  239912.8039  ***  ISysRegistersService initialization(main) finished.
239890 INFO  [si.isystem.eclipse.debug - 2] ISysAbstractDsfService : ***  239912.8201  ***  ISysRegistersService initialization(sub) finished.
239890 INFO  [si.isystem.eclipse.debug - 2] ISysAbstractDsfService : ***  239912.8523  ***  ISysDisassemblyService initialization(super) started.
239890 INFO  [si.isystem.eclipse.debug - 2] ISysAbstractDsfService : ***  239913.0744  ***  ISysDisassemblyService initialization(super) finished.
239890 INFO  [si.isystem.eclipse.debug - 2] ISysAbstractDsfService : ***  239913.1033  ***  ISysDisassemblyService initialization(main) started.
239890 INFO  [si.isystem.eclipse.debug - 2] ISysAbstractDsfService : ***  239913.1222  ***  ISysDisassemblyService initialization(main) finished.
239890 INFO  [si.isystem.eclipse.debug - 2] ISysAbstractDsfService : ***  239913.143  ***  ISysDisassemblyService initialization(sub) finished.
239890 INFO  [si.isystem.eclipse.debug - 2] ISysAbstractDsfService : ***  239913.1675  ***  ISysSfrService initialization(super) started.
239890 INFO  [si.isystem.eclipse.debug - 2] ISysAbstractDsfService : ***  239913.2841  ***  ISysSfrService initialization(super) finished.
239890 INFO  [si.isystem.eclipse.debug - 2] ISysAbstractDsfService : ***  239913.3033  ***  ISysSfrService initialization(main) started.
239890 INFO  [si.isystem.eclipse.debug - 2] ISysAbstractDsfService : ***  239913.3186  ***  ISysSfrService specified as service event listener (method: eventDispatched)
239890 INFO  [si.isystem.eclipse.debug - 2] ISysAbstractDsfService : ***  239913.3397  ***  ISysSfrService initialization(main) finished.
240310 INFO  [si.isystem.eclipse.debug - 2] ISysAbstractDsfService : ***  240332.8552  ***  ISysSfrService initialization(sub) finished.
240314 INFO  [si.isystem.eclipse.debug - 2] ISysAbstractDsfService : ***  240337.3621  ***  ISysRteService initialization(super) started.
240314 INFO  [si.isystem.eclipse.debug - 2] ISysAbstractDsfService : ***  240337.6208  ***  ISysRteService initialization(super) finished.
240314 INFO  [si.isystem.eclipse.debug - 2] ISysAbstractDsfService : ***  240337.6424  ***  ISysRteService initialization(main) started.
240314 INFO  [si.isystem.eclipse.debug - 2] ISysAbstractDsfService : ***  240337.6725  ***  ISysRteService specified as service event listener (method: eventDispatched)
240314 INFO  [si.isystem.eclipse.debug - 2] ISysAbstractDsfService : ***  240337.7087  ***  ISysRteService initialization(main) finished.
240314 INFO  [si.isystem.eclipse.debug - 2] ISysAbstractDsfService : ***  240337.722  ***  ISysRteService initialization(sub) finished.
240314 INFO  [si.isystem.eclipse.debug - 2] ISysAbstractDsfService : ***  240337.7542  ***  ISysBreakpointService initialization(super) started.
240315 INFO  [si.isystem.eclipse.debug - 2] ISysAbstractDsfService : ***  240337.8777  ***  ISysBreakpointService initialization(super) finished.
240315 INFO  [si.isystem.eclipse.debug - 2] ISysAbstractDsfService : ***  240337.8943  ***  ISysBreakpointService initialization(main) started.
240315 INFO  [si.isystem.eclipse.debug - 2] ISysAbstractDsfService : ***  240337.9074  ***  ISysBreakpointService specified as service event listener (method: eventDispatched)
240315 INFO  [si.isystem.eclipse.debug - 2] ISysAbstractDsfService : ***  240337.9285  ***  ISysBreakpointService initialization(main) finished.
240315 INFO  [si.isystem.eclipse.debug - 2] ISysAbstractDsfService : ***  240337.9414  ***  ISysBreakpointService initialization(sub) finished.
240316 INFO  [si.isystem.eclipse.debug - 2] ISysLaunch : ***  240339.1104  ***  Services initialization sequence completed
335807 INFO  [Worker-6: Command Executor Job] ISysAbstractDsfService : ***  335829.9568  ***  ISysCommandControl command dequeued - exiting command processing loop
335807 INFO  [si.isystem.eclipse.debug - 2] ISysAbstractCommand : ***  335829.9912  ***  Processing the last command to be processed: si.isystem.dsf.control.commands.ISysCmdMiscTerminateDebugger
335807 INFO  [si.isystem.eclipse.debug - 2] ISysAbstractDsfService : ***  335830.0761  ***  Command Control was shut down - cancelling remaining commands in queue.
335807 INFO  [si.isystem.eclipse.debug - 2] ISysAbstractDsfService : ***  335830.106  ***  Command Controll queue is empty and closed.
335807 INFO  [si.isystem.eclipse.debug - 2] ISysAbstractDsfService : ***  335830.459  ***  ISysBreakpointService shutdown(super) started.
335808 INFO  [si.isystem.eclipse.debug - 2] ISysAbstractDsfService : ***  335830.5032  ***  ISysBreakpointService shutdown(super) finished.
335808 INFO  [si.isystem.eclipse.debug - 2] ISysAbstractDsfService : ***  335830.5175  ***  ISysBreakpointService shutdown(main) started.
335808 INFO  [si.isystem.eclipse.debug - 2] ISysAbstractDsfService : ***  335830.529  ***  ISysBreakpointService removed from service event listener list
335808 INFO  [si.isystem.eclipse.debug - 2] ISysAbstractDsfService : ***  335830.6228  ***  ISysBreakpointService shutdown(main) finished.
335808 INFO  [si.isystem.eclipse.debug - 2] ISysAbstractDsfService : ***  335830.6431  ***  ISysBreakpointService shutdown(sub) finished.
335808 INFO  [si.isystem.eclipse.debug - 2] ISysAbstractDsfService : ***  335830.6704  ***  ISysRteService shutdown(super) started.
335808 INFO  [si.isystem.eclipse.debug - 2] ISysAbstractDsfService : ***  335830.7005  ***  ISysRteService shutdown(super) finished.
335808 INFO  [si.isystem.eclipse.debug - 2] ISysAbstractDsfService : ***  335830.712  ***  ISysRteService shutdown(main) started.
335808 INFO  [si.isystem.eclipse.debug - 2] ISysAbstractDsfService : ***  335830.7222  ***  ISysRteService removed from service event listener list
335808 INFO  [si.isystem.eclipse.debug - 2] ISysAbstractDsfService : ***  335830.7988  ***  ISysRteService shutdown(main) finished.
335808 INFO  [si.isystem.eclipse.debug - 2] ISysAbstractDsfService : ***  335830.8592  ***  ISysRteService shutdown(sub) finished.
335808 INFO  [si.isystem.eclipse.debug - 2] ISysAbstractDsfService : ***  335830.8918  ***  ISysSfrService shutdown(super) started.
335808 INFO  [si.isystem.eclipse.debug - 2] ISysAbstractDsfService : ***  335830.924  ***  ISysSfrService shutdown(super) finished.
335808 INFO  [si.isystem.eclipse.debug - 2] ISysAbstractDsfService : ***  335830.9358  ***  ISysSfrService shutdown(main) started.
335808 INFO  [si.isystem.eclipse.debug - 2] ISysAbstractDsfService : ***  335830.9461  ***  ISysSfrService removed from service event listener list
335808 INFO  [si.isystem.eclipse.debug - 2] ISysAbstractDsfService : ***  335831.026  ***  ISysSfrService shutdown(main) finished.
335808 INFO  [si.isystem.eclipse.debug - 2] ISysAbstractDsfService : ***  335831.0603  ***  ISysSfrService shutdown(sub) finished.
335808 INFO  [si.isystem.eclipse.debug - 2] ISysAbstractDsfService : ***  335831.0867  ***  ISysDisassemblyService shutdown(super) started.
335808 INFO  [si.isystem.eclipse.debug - 2] ISysAbstractDsfService : ***  335831.1152  ***  ISysDisassemblyService shutdown(super) finished.
335808 INFO  [si.isystem.eclipse.debug - 2] ISysAbstractDsfService : ***  335831.1263  ***  ISysDisassemblyService shutdown(main) started.
335808 INFO  [si.isystem.eclipse.debug - 2] ISysAbstractDsfService : ***  335831.2131  ***  ISysDisassemblyService shutdown(main) finished.
335808 INFO  [si.isystem.eclipse.debug - 2] ISysAbstractDsfService : ***  335831.2303  ***  ISysDisassemblyService shutdown(sub) finished.
335808 INFO  [si.isystem.eclipse.debug - 2] ISysAbstractDsfService : ***  335831.254  ***  ISysRegistersService shutdown(super) started.
335808 INFO  [si.isystem.eclipse.debug - 2] ISysAbstractDsfService : ***  335831.28  ***  ISysRegistersService shutdown(super) finished.
335808 INFO  [si.isystem.eclipse.debug - 2] ISysAbstractDsfService : ***  335831.2907  ***  ISysRegistersService shutdown(main) started.
335808 INFO  [si.isystem.eclipse.debug - 2] ISysAbstractDsfService : ***  335831.3004  ***  ISysRegistersService removed from service event listener list
335808 INFO  [si.isystem.eclipse.debug - 2] ISysAbstractDsfService : ***  335831.4008  ***  ISysRegistersService shutdown(main) finished.
335808 INFO  [si.isystem.eclipse.debug - 2] ISysAbstractDsfService : ***  335831.4168  ***  ISysRegistersService shutdown(sub) finished.
335808 INFO  [si.isystem.eclipse.debug - 2] ISysAbstractDsfService : ***  335831.4402  ***  ISysExpressionsService shutdown(super) started.
335808 INFO  [si.isystem.eclipse.debug - 2] ISysAbstractDsfService : ***  335831.4682  ***  ISysExpressionsService shutdown(super) finished.
335808 INFO  [si.isystem.eclipse.debug - 2] ISysAbstractDsfService : ***  335831.4794  ***  ISysExpressionsService shutdown(main) started.
335808 INFO  [si.isystem.eclipse.debug - 2] ISysAbstractDsfService : ***  335831.4892  ***  ISysExpressionsService removed from service event listener list
335809 INFO  [si.isystem.eclipse.debug - 2] ISysAbstractDsfService : ***  335831.6146  ***  ISysExpressionsService shutdown(main) finished.
335809 INFO  [si.isystem.eclipse.debug - 2] ISysAbstractDsfService : ***  335831.6334  ***  ISysExpressionsService shutdown(sub) finished.
335809 INFO  [si.isystem.eclipse.debug - 2] ISysAbstractDsfService : ***  335831.6605  ***  ISysSourceLookupService shutdown(super) started.
335809 INFO  [si.isystem.eclipse.debug - 2] ISysAbstractDsfService : ***  335831.6879  ***  ISysSourceLookupService shutdown(super) finished.
335809 INFO  [si.isystem.eclipse.debug - 2] ISysAbstractDsfService : ***  335831.7005  ***  ISysSourceLookupService shutdown(main) started.
335809 INFO  [si.isystem.eclipse.debug - 2] ISysAbstractDsfService : ***  335831.7771  ***  ISysSourceLookupService shutdown(main) finished.
335809 INFO  [si.isystem.eclipse.debug - 2] ISysAbstractDsfService : ***  335831.7923  ***  ISysSourceLookupService shutdown(sub) finished.
335809 INFO  [si.isystem.eclipse.debug - 2] ISysAbstractDsfService : ***  335831.8161  ***  ISysMemoryService shutdown(super) started.
335809 INFO  [si.isystem.eclipse.debug - 2] ISysAbstractDsfService : ***  335831.8639  ***  ISysMemoryService shutdown(super) finished.
335809 INFO  [si.isystem.eclipse.debug - 2] ISysAbstractDsfService : ***  335831.876  ***  ISysMemoryService shutdown(main) started.
335809 INFO  [si.isystem.eclipse.debug - 2] ISysAbstractDsfService : ***  335831.904  ***  ISysMemoryService removed from service event listener list
335809 INFO  [si.isystem.eclipse.debug - 2] ISysAbstractDsfService : ***  335831.9943  ***  ISysMemoryService shutdown(main) finished.
335809 INFO  [si.isystem.eclipse.debug - 2] ISysAbstractDsfService : ***  335832.0106  ***  ISysMemoryService shutdown(sub) finished.
335809 INFO  [si.isystem.eclipse.debug - 2] ISysAbstractDsfService : ***  335832.0296  ***  ISysStackService shutdown(super) started.
335809 INFO  [si.isystem.eclipse.debug - 2] ISysAbstractDsfService : ***  335832.0571  ***  ISysStackService shutdown(super) finished.
335809 INFO  [si.isystem.eclipse.debug - 2] ISysAbstractDsfService : ***  335832.0706  ***  ISysStackService shutdown(main) started.
335809 INFO  [si.isystem.eclipse.debug - 2] ISysAbstractDsfService : ***  335832.0807  ***  ISysStackService removed from service event listener list
335809 INFO  [si.isystem.eclipse.debug - 2] ISysAbstractDsfService : ***  335832.1687  ***  ISysStackService shutdown(main) finished.
335809 INFO  [si.isystem.eclipse.debug - 2] ISysAbstractDsfService : ***  335832.1851  ***  ISysStackService shutdown(sub) finished.
335809 INFO  [si.isystem.eclipse.debug - 2] ISysAbstractDsfService : ***  335832.2025  ***  ISysRunControl shutdown(super) started.
335809 INFO  [si.isystem.eclipse.debug - 2] ISysAbstractDsfService : ***  335832.2276  ***  ISysRunControl shutdown(super) finished.
335809 INFO  [si.isystem.eclipse.debug - 2] ISysAbstractDsfService : ***  335832.2385  ***  ISysRunControl shutdown(main) started.
335809 INFO  [si.isystem.eclipse.debug - 2] ISysAbstractDsfService : ***  335832.2486  ***  ISysRunControl removed from service event listener list
335809 INFO  [si.isystem.eclipse.debug - 2] ISysAbstractDsfService : ***  335832.3356  ***  ISysRunControl shutdown(main) finished.
335809 INFO  [si.isystem.eclipse.debug - 2] ISysAbstractDsfService : ***  335832.3517  ***  ISysRunControl shutdown(sub) finished.
335809 INFO  [si.isystem.eclipse.debug - 2] ISysAbstractDsfService : ***  335832.3698  ***  ISysCommandControl shutdown(super) started.
335809 INFO  [si.isystem.eclipse.debug - 2] ISysAbstractDsfService : ***  335832.3955  ***  ISysCommandControl shutdown(super) finished.
335809 INFO  [si.isystem.eclipse.debug - 2] ISysAbstractDsfService : ***  335832.4067  ***  ISysCommandControl shutdown(main) started.
335809 INFO  [si.isystem.eclipse.debug - 2] ISysAbstractDsfService : ***  335832.4897  ***  ISysCommandControl shutdown(main) finished.
335809 INFO  [si.isystem.eclipse.debug - 2] ISysAbstractDsfService : ***  335832.5054  ***  ISysCommandControl shutdown(sub) finished.
335810 INFO  [si.isystem.eclipse.debug - 2] ISysAbstractDsfService : ***  335832.532  ***  ISysConnectionService shutdown(super) started.
335810 INFO  [si.isystem.eclipse.debug - 2] IConnectProxy : ***  335832.5959  ***  Shutting down iConnect for cores: [I@64bdb887
335810 INFO  [si.isystem.eclipse.debug - 2] IConnectProxy : ***  335832.6225  ***  Disconnecting from and closing winIDEA on core 0.
335861 INFO  [si.isystem.eclipse.debug - 2] ISysAbstractDsfService : ***  335884.9612  ***  ISysConnectionService shutdown(super) finished.
335862 INFO  [si.isystem.eclipse.debug - 2] ISysAbstractDsfService : ***  335885.042  ***  ISysConnectionService shutdown(main) started.
335862 INFO  [si.isystem.eclipse.debug - 2] ISysAbstractDsfService : ***  335885.0556  ***  ISysConnectionService shutdown(main) finished.
335862 INFO  [si.isystem.eclipse.debug - 2] ISysAbstractDsfService : ***  335885.0891  ***  ISysConnectionService shutdown(sub) finished.
335862 INFO  [si.isystem.eclipse.debug - 2] ISysLaunch : ***  335885.2152  ***  Debug services shutdown completed.
342915 INFO  [si.isystem.eclipse.debug - 3] ISysAbstractDsfService : ***  342938.2063  ***  ISysConnectionService initialization(super) started.
342915 INFO  [si.isystem.eclipse.debug - 3] IConLaunchManager : ***  342938.4933  ***  
Starting debug session using launch configuration paramenters: 
 - Launch name = 'TC275-LED TriCore Debug (TASKING)'
 - Project name = 'TC275-LED'
 - Project path = 'D:/Project/Aurix-TC275/TC275-LED'
 - Output file = 'TriCore Debug (TASKING)\TC275-LED.elf'
 - Stop on startup = 'true'
 - Stop on startup location = 'core0_main'
 - Verbose mode = false' - winIDEA visible = 'false'
 - Bring winIDEA to top = 'true'
 - Verify download = 'true'
 - Analyze source files = 'false'
 - Shutdown winIDEA at terminate session = 'true'
 - winIDEA workspace path = '.ads/winIDEAWorkspaces/TriCore-Debug-(TASKING)/ADS.xjrf'
 - full winIDEA workspace path = 'D:\Project\Aurix-TC275\TC275-LED\.ads\winIDEAWorkspaces\TriCore-Debug-(TASKING)\ADS.xjrf'
 - Device = 'TC275T'
 - Hardware = 'IFX_DAS'
 - Communication = 'USB'
 - Hardware debugger = ''
 - Image check = 'Default'
 - Create SMP = 'true'
 - After download action = 'none'
 - After download symbol = ''

342915 INFO  [si.isystem.eclipse.debug - 3] ISysSessionManager : ***  342938.5895  ***  Setting winIDEA workspace path to 'D:\Project\Aurix-TC275\TC275-LED\.ads\winIDEAWorkspaces\TriCore-Debug-(TASKING)\ADS.xjrf'
342916 INFO  [si.isystem.eclipse.debug - 3] ISysSessionManager : ***  342938.7056  ***  Connecting to winIDEA 'C:\Infineon\AURIX-Studio-1.10.16\winIDEA\' with workspace 'D:\Project\Aurix-TC275\TC275-LED\.ads\winIDEAWorkspaces\TriCore-Debug-(TASKING)\ADS.xjrf', winIDEA-ID: 'com.tasking.winIDEA.instance.id-TC275-LED TriCore Debug (TASKING)', visible: false, CLI args: '/HideCrashDumpMessage'
346215 INFO  [si.isystem.eclipse.debug - 3] ISysSessionManager : ***  346237.6491  ***  Connected to winIDEA and setup workspace.
346215 INFO  [si.isystem.eclipse.debug - 3] ISysSessionManager : ***  346237.7262  ***  Version of isystem.connect for Java: 9.21.334.0
346215 INFO  [si.isystem.eclipse.debug - 3] ISysSessionManager : ***  346237.7704  ***  Version of isystem.connect DLL: 9.21.334.0.0
346215 INFO  [si.isystem.eclipse.debug - 3] ISysSessionManager : ***  346238.113  ***  Version of winIDEA: 9.21.338.0.218131
346215 INFO  [si.isystem.eclipse.debug - 3] ISysSessionManager : ***  346238.1365  ***  Downloading ...
347695 INFO  [si.isystem.eclipse.debug - 3] ISysSessionManager : ***  347718.5748  ***  Downloading finished.
347751 INFO  [si.isystem.eclipse.debug - 3] IConLaunchManager : ***  347773.8881  ***  Connected to target.
347751 INFO  [si.isystem.eclipse.debug - 3] IConLaunchManager : ***  347773.9424  ***  Log level set to INFO
347813 INFO  [si.isystem.eclipse.debug - 3] ISysAbstractDsfService : ***  347835.7684  ***  ISysConnectionService initialization(super) finished.
347813 INFO  [si.isystem.eclipse.debug - 3] ISysAbstractDsfService : ***  347835.8222  ***  ISysConnectionService initialization(main) started.
347813 INFO  [si.isystem.eclipse.debug - 3] ISysAbstractDsfService : ***  347835.8417  ***  ISysConnectionService initialization(main) finished.
347813 INFO  [si.isystem.eclipse.debug - 3] ISysAbstractDsfService : ***  347835.8603  ***  ISysConnectionService initialization(sub) finished.
347813 INFO  [si.isystem.eclipse.debug - 3] ISysAbstractDsfService : ***  347835.9013  ***  ISysCommandControl initialization(super) started.
347813 INFO  [Worker-9: Command Executor Job] ISysAbstractDsfService : ***  347836.0072  ***  Command Executor Job started.
347813 INFO  [si.isystem.eclipse.debug - 3] ISysAbstractDsfService : ***  347836.1103  ***  ISysCommandControl initialization(super) finished.
347813 INFO  [si.isystem.eclipse.debug - 3] ISysAbstractDsfService : ***  347836.1294  ***  ISysCommandControl initialization(main) started.
347813 INFO  [si.isystem.eclipse.debug - 3] ISysAbstractDsfService : ***  347836.1944  ***  ISysCommandControl initialization(main) finished.
347813 INFO  [si.isystem.eclipse.debug - 3] ISysAbstractDsfService : ***  347836.2114  ***  ISysCommandControl initialization(sub) finished.
347813 INFO  [si.isystem.eclipse.debug - 3] ISysAbstractDsfService : ***  347836.2343  ***  ISysRunControl initialization(super) started.
347814 INFO  [si.isystem.eclipse.debug - 3] ISysAbstractDsfService : ***  347837.5839  ***  ISysRunControl initialization(super) finished.
347814 INFO  [si.isystem.eclipse.debug - 3] ISysAbstractDsfService : ***  347837.6464  ***  ISysRunControl initialization(main) started.
347815 INFO  [si.isystem.eclipse.debug - 3] ISysAbstractDsfService : ***  347837.6748  ***  ISysRunControl specified as service event listener (method: eventDispatched)
347815 INFO  [si.isystem.eclipse.debug - 3] ISysAbstractDsfService : ***  347837.7067  ***  ISysRunControl initialization(main) finished.
347816 INFO  [si.isystem.eclipse.debug - 3] ISysAbstractDsfService : ***  347839.4383  ***  ISysRunControl initialization(sub) finished.
347816 INFO  [si.isystem.eclipse.debug - 3] ISysAbstractDsfService : ***  347839.5147  ***  ISysStackService initialization(super) started.
347817 INFO  [si.isystem.eclipse.debug - 3] ISysAbstractDsfService : ***  347839.8199  ***  ISysStackService initialization(super) finished.
347817 INFO  [si.isystem.eclipse.debug - 3] ISysAbstractDsfService : ***  347839.8526  ***  ISysStackService initialization(main) started.
347817 INFO  [si.isystem.eclipse.debug - 3] ISysAbstractDsfService : ***  347839.8795  ***  ISysStackService specified as service event listener (method: eventDispatched)
347817 INFO  [si.isystem.eclipse.debug - 3] ISysAbstractDsfService : ***  347839.9138  ***  ISysStackService initialization(main) finished.
347817 INFO  [si.isystem.eclipse.debug - 3] ISysAbstractDsfService : ***  347839.9321  ***  ISysStackService initialization(sub) finished.
347817 INFO  [si.isystem.eclipse.debug - 3] ISysAbstractDsfService : ***  347839.9604  ***  ISysMemoryService initialization(super) started.
347817 INFO  [si.isystem.eclipse.debug - 3] ISysAbstractDsfService : ***  347840.034  ***  Starting Memory Service sub-initialization sequence.
347817 INFO  [si.isystem.eclipse.debug - 3] ISysAbstractDsfService : ***  347840.0546  ***  ISysMemoryService initialization(super) finished.
347817 INFO  [si.isystem.eclipse.debug - 3] ISysAbstractDsfService : ***  347840.0663  ***  ISysMemoryService initialization(main) started.
347817 INFO  [si.isystem.eclipse.debug - 3] ISysAbstractDsfService : ***  347840.08  ***  ISysMemoryService specified as service event listener (method: eventDispatched)
347817 INFO  [si.isystem.eclipse.debug - 3] ISysAbstractDsfService : ***  347840.1063  ***  ISysMemoryService initialization(main) finished.
347817 INFO  [si.isystem.eclipse.debug - 3] ISysAbstractDsfService : ***  347840.1338  ***  Initializing Memory Service block retrieval.
347819 INFO  [si.isystem.eclipse.debug - 3] ISysAbstractDsfService : ***  347841.6581  ***  Memory Service block retrieval initialized.
347819 INFO  [si.isystem.eclipse.debug - 3] ISysAbstractDsfService : ***  347841.7143  ***  Loading memory area properties.
347820 INFO  [si.isystem.eclipse.debug - 3] ISysAbstractDsfService : ***  347843.0506  ***  Adding 1 memory blocks.
347820 INFO  [si.isystem.eclipse.debug - 3] ISysAbstractDsfService : ***  347843.1672  ***  Block 'Virtual' [00000000:ffffffff] MAU=8 visible
347820 INFO  [si.isystem.eclipse.debug - 3] ISysAbstractDsfService : ***  347843.1966  ***  Memory Service block retrieval initialized.
347820 INFO  [si.isystem.eclipse.debug - 3] ISysAbstractDsfService : ***  347843.2165  ***  Registering memory model adapter and service.
347820 INFO  [si.isystem.eclipse.debug - 3] ISysAbstractDsfService : ***  347843.538  ***  Memory model adapter and service registered.
347820 INFO  [si.isystem.eclipse.debug - 3] ISysAbstractDsfService : ***  347843.5688  ***  ISysMemoryService initialization(sub) finished.
347820 INFO  [si.isystem.eclipse.debug - 3] ISysAbstractDsfService : ***  347843.5888  ***  ISysSourceLookupService initialization(super) started.
347821 INFO  [si.isystem.eclipse.debug - 3] ISysAbstractDsfService : ***  347843.728  ***  ISysSourceLookupService initialization(super) finished.
347821 INFO  [si.isystem.eclipse.debug - 3] ISysAbstractDsfService : ***  347843.7419  ***  ISysSourceLookupService initialization(main) started.
347821 INFO  [si.isystem.eclipse.debug - 3] ISysAbstractDsfService : ***  347843.7565  ***  ISysSourceLookupService initialization(main) finished.
347821 INFO  [si.isystem.eclipse.debug - 3] ISysAbstractDsfService : ***  347843.7666  ***  ISysSourceLookupService initialization(sub) finished.
347821 INFO  [si.isystem.eclipse.debug - 3] ISysAbstractDsfService : ***  347843.7828  ***  ISysExpressionsService initialization(super) started.
347821 INFO  [si.isystem.eclipse.debug - 3] ISysAbstractDsfService : ***  347843.9357  ***  ISysExpressionsService initialization(super) finished.
347821 INFO  [si.isystem.eclipse.debug - 3] ISysAbstractDsfService : ***  347843.9508  ***  ISysExpressionsService initialization(main) started.
347821 INFO  [si.isystem.eclipse.debug - 3] ISysAbstractDsfService : ***  347843.9637  ***  ISysExpressionsService specified as service event listener (method: eventDispatched)
347821 INFO  [si.isystem.eclipse.debug - 3] ISysAbstractDsfService : ***  347843.983  ***  ISysExpressionsService initialization(main) finished.
347821 INFO  [si.isystem.eclipse.debug - 3] ISysAbstractDsfService : ***  347843.9961  ***  ISysExpressionsService initialization(sub) finished.
347821 INFO  [si.isystem.eclipse.debug - 3] ISysAbstractDsfService : ***  347844.015  ***  ISysRegistersService initialization(super) started.
347821 INFO  [si.isystem.eclipse.debug - 3] ISysAbstractDsfService : ***  347844.5334  ***  ISysRegistersService initialization(super) finished.
347821 INFO  [si.isystem.eclipse.debug - 3] ISysAbstractDsfService : ***  347844.5532  ***  ISysRegistersService initialization(main) started.
347821 INFO  [si.isystem.eclipse.debug - 3] ISysAbstractDsfService : ***  347844.5661  ***  ISysRegistersService specified as service event listener (method: eventDispatched)
347821 INFO  [si.isystem.eclipse.debug - 3] ISysAbstractDsfService : ***  347844.5848  ***  ISysRegistersService initialization(main) finished.
347821 INFO  [si.isystem.eclipse.debug - 3] ISysAbstractDsfService : ***  347844.5967  ***  ISysRegistersService initialization(sub) finished.
347821 INFO  [si.isystem.eclipse.debug - 3] ISysAbstractDsfService : ***  347844.6122  ***  ISysDisassemblyService initialization(super) started.
347822 INFO  [si.isystem.eclipse.debug - 3] ISysAbstractDsfService : ***  347844.8501  ***  ISysDisassemblyService initialization(super) finished.
347822 INFO  [si.isystem.eclipse.debug - 3] ISysAbstractDsfService : ***  347844.8732  ***  ISysDisassemblyService initialization(main) started.
347822 INFO  [si.isystem.eclipse.debug - 3] ISysAbstractDsfService : ***  347844.8877  ***  ISysDisassemblyService initialization(main) finished.
347822 INFO  [si.isystem.eclipse.debug - 3] ISysAbstractDsfService : ***  347844.8988  ***  ISysDisassemblyService initialization(sub) finished.
347822 INFO  [si.isystem.eclipse.debug - 3] ISysAbstractDsfService : ***  347844.9145  ***  ISysSfrService initialization(super) started.
347822 INFO  [si.isystem.eclipse.debug - 3] ISysAbstractDsfService : ***  347845.0476  ***  ISysSfrService initialization(super) finished.
347822 INFO  [si.isystem.eclipse.debug - 3] ISysAbstractDsfService : ***  347845.0653  ***  ISysSfrService initialization(main) started.
347822 INFO  [si.isystem.eclipse.debug - 3] ISysAbstractDsfService : ***  347845.077  ***  ISysSfrService specified as service event listener (method: eventDispatched)
347822 INFO  [si.isystem.eclipse.debug - 3] ISysAbstractDsfService : ***  347845.0932  ***  ISysSfrService initialization(main) finished.
348248 INFO  [si.isystem.eclipse.debug - 3] ISysAbstractDsfService : ***  348271.7674  ***  ISysSfrService initialization(sub) finished.
348252 INFO  [si.isystem.eclipse.debug - 3] ISysAbstractDsfService : ***  348275.3726  ***  ISysRteService initialization(super) started.
348252 INFO  [si.isystem.eclipse.debug - 3] ISysAbstractDsfService : ***  348275.6007  ***  ISysRteService initialization(super) finished.
348252 INFO  [si.isystem.eclipse.debug - 3] ISysAbstractDsfService : ***  348275.6176  ***  ISysRteService initialization(main) started.
348252 INFO  [si.isystem.eclipse.debug - 3] ISysAbstractDsfService : ***  348275.6342  ***  ISysRteService specified as service event listener (method: eventDispatched)
348252 INFO  [si.isystem.eclipse.debug - 3] ISysAbstractDsfService : ***  348275.6968  ***  ISysRteService initialization(main) finished.
348252 INFO  [si.isystem.eclipse.debug - 3] ISysAbstractDsfService : ***  348275.7149  ***  ISysRteService initialization(sub) finished.
348252 INFO  [si.isystem.eclipse.debug - 3] ISysAbstractDsfService : ***  348275.7312  ***  ISysBreakpointService initialization(super) started.
348252 INFO  [si.isystem.eclipse.debug - 3] ISysAbstractDsfService : ***  348275.8751  ***  ISysBreakpointService initialization(super) finished.
348252 INFO  [si.isystem.eclipse.debug - 3] ISysAbstractDsfService : ***  348275.8899  ***  ISysBreakpointService initialization(main) started.
348252 INFO  [si.isystem.eclipse.debug - 3] ISysAbstractDsfService : ***  348275.9025  ***  ISysBreakpointService specified as service event listener (method: eventDispatched)
348252 INFO  [si.isystem.eclipse.debug - 3] ISysAbstractDsfService : ***  348275.9185  ***  ISysBreakpointService initialization(main) finished.
348252 INFO  [si.isystem.eclipse.debug - 3] ISysAbstractDsfService : ***  348275.9294  ***  ISysBreakpointService initialization(sub) finished.
348254 INFO  [si.isystem.eclipse.debug - 3] ISysLaunch : ***  348277.2471  ***  Services initialization sequence completed
396465 INFO  [si.isystem.eclipse.debug - 3] ISysAbstractCommand : ***  396488.3379  ***  Failed to execute command: ICONNECT_E_CAN_NOT_ACCESS: Evaluation required a memory access which could not be performed. / Please make sure that winIDEA has the code loaded.  [CDataController2.cpp, 168]
    __function__: isys::CDataController2::getDisassembly
    __flags__: 2
    __memArea__: 0
    __numMAUs__: 60
    __startAddress__: 2147483646

java.lang.IllegalStateException: ICONNECT_E_CAN_NOT_ACCESS: Evaluation required a memory access which could not be performed. / Please make sure that winIDEA has the code loaded.  [CDataController2.cpp, 168]
    __function__: isys::CDataController2::getDisassembly
    __flags__: 2
    __memArea__: 0
    __numMAUs__: 60
    __startAddress__: 2147483646

	at si.isystem.connect.connectJNI.CDataController2_getDisassembly__SWIG_1(Native Method)
	at si.isystem.connect.CDataController2.getDisassembly(CDataController2.java:113)
	at si.isystem.connect.adapters.JDataController.getDisassembly(Unknown Source)
	at si.isystem.dsf.control.commands.ISysCmdDisGetInstrByAddr.process(Unknown Source)
	at si.isystem.dsf.control.ISysAbstractCommand.executeCommand(Unknown Source)
	at si.isystem.dsf.services.ISysCommandControl$CommandExecutorJob$1.run(Unknown Source)
	at java.base/java.util.concurrent.Executors$RunnableAdapter.call(Executors.java:539)
	at java.base/java.util.concurrent.FutureTask.run(FutureTask.java:264)
	at java.base/java.util.concurrent.ScheduledThreadPoolExecutor$ScheduledFutureTask.run(ScheduledThreadPoolExecutor.java:304)
	at java.base/java.util.concurrent.ThreadPoolExecutor.runWorker(ThreadPoolExecutor.java:1136)
	at java.base/java.util.concurrent.ThreadPoolExecutor$Worker.run(ThreadPoolExecutor.java:635)
	at java.base/java.lang.Thread.run(Thread.java:840)
396494 INFO  [si.isystem.eclipse.debug - 3] ISysAbstractCommand : ***  396517.4554  ***  Failed to execute command: ICONNECT_E_CAN_NOT_ACCESS: Evaluation required a memory access which could not be performed. / Please make sure that winIDEA has the code loaded.  [CDataController2.cpp, 168]
    __function__: isys::CDataController2::getDisassembly
    __flags__: 2
    __memArea__: 0
    __numMAUs__: 59
    __startAddress__: 2147483647

java.lang.IllegalStateException: ICONNECT_E_CAN_NOT_ACCESS: Evaluation required a memory access which could not be performed. / Please make sure that winIDEA has the code loaded.  [CDataController2.cpp, 168]
    __function__: isys::CDataController2::getDisassembly
    __flags__: 2
    __memArea__: 0
    __numMAUs__: 59
    __startAddress__: 2147483647

	at si.isystem.connect.connectJNI.CDataController2_getDisassembly__SWIG_1(Native Method)
	at si.isystem.connect.CDataController2.getDisassembly(CDataController2.java:113)
	at si.isystem.connect.adapters.JDataController.getDisassembly(Unknown Source)
	at si.isystem.dsf.control.commands.ISysCmdDisGetInstrByAddr.process(Unknown Source)
	at si.isystem.dsf.control.ISysAbstractCommand.executeCommand(Unknown Source)
	at si.isystem.dsf.services.ISysCommandControl$CommandExecutorJob$1.run(Unknown Source)
	at java.base/java.util.concurrent.Executors$RunnableAdapter.call(Executors.java:539)
	at java.base/java.util.concurrent.FutureTask.run(FutureTask.java:264)
	at java.base/java.util.concurrent.ScheduledThreadPoolExecutor$ScheduledFutureTask.run(ScheduledThreadPoolExecutor.java:304)
	at java.base/java.util.concurrent.ThreadPoolExecutor.runWorker(ThreadPoolExecutor.java:1136)
	at java.base/java.util.concurrent.ThreadPoolExecutor$Worker.run(ThreadPoolExecutor.java:635)
	at java.base/java.lang.Thread.run(Thread.java:840)
1094382 INFO  [Worker-9: Command Executor Job] ISysAbstractDsfService : ***  1094405.6378  ***  ISysCommandControl command dequeued - exiting command processing loop
1094382 INFO  [si.isystem.eclipse.debug - 3] ISysAbstractCommand : ***  1094405.6695  ***  Processing the last command to be processed: si.isystem.dsf.control.commands.ISysCmdMiscTerminateDebugger
1094382 INFO  [si.isystem.eclipse.debug - 3] ISysAbstractDsfService : ***  1094405.7743  ***  Command Control was shut down - cancelling remaining commands in queue.
1094382 INFO  [si.isystem.eclipse.debug - 3] ISysAbstractDsfService : ***  1094405.7932  ***  Command Controll queue is empty and closed.
1094383 INFO  [si.isystem.eclipse.debug - 3] ISysAbstractDsfService : ***  1094406.1237  ***  ISysBreakpointService shutdown(super) started.
1094383 INFO  [si.isystem.eclipse.debug - 3] ISysAbstractDsfService : ***  1094406.1737  ***  ISysBreakpointService shutdown(super) finished.
1094383 INFO  [si.isystem.eclipse.debug - 3] ISysAbstractDsfService : ***  1094406.1881  ***  ISysBreakpointService shutdown(main) started.
1094383 INFO  [si.isystem.eclipse.debug - 3] ISysAbstractDsfService : ***  1094406.201  ***  ISysBreakpointService removed from service event listener list
1094383 INFO  [si.isystem.eclipse.debug - 3] ISysAbstractDsfService : ***  1094406.3235  ***  ISysBreakpointService shutdown(main) finished.
1094383 INFO  [si.isystem.eclipse.debug - 3] ISysAbstractDsfService : ***  1094406.3415  ***  ISysBreakpointService shutdown(sub) finished.
1094383 INFO  [si.isystem.eclipse.debug - 3] ISysAbstractDsfService : ***  1094406.3682  ***  ISysRteService shutdown(super) started.
1094383 INFO  [si.isystem.eclipse.debug - 3] ISysAbstractDsfService : ***  1094406.3945  ***  ISysRteService shutdown(super) finished.
1094383 INFO  [si.isystem.eclipse.debug - 3] ISysAbstractDsfService : ***  1094406.4103  ***  ISysRteService shutdown(main) started.
1094383 INFO  [si.isystem.eclipse.debug - 3] ISysAbstractDsfService : ***  1094406.4251  ***  ISysRteService removed from service event listener list
1094383 INFO  [si.isystem.eclipse.debug - 3] ISysAbstractDsfService : ***  1094406.5181  ***  ISysRteService shutdown(main) finished.
1094383 INFO  [si.isystem.eclipse.debug - 3] ISysAbstractDsfService : ***  1094406.5724  ***  ISysRteService shutdown(sub) finished.
1094383 INFO  [si.isystem.eclipse.debug - 3] ISysAbstractDsfService : ***  1094406.6047  ***  ISysSfrService shutdown(super) started.
1094383 INFO  [si.isystem.eclipse.debug - 3] ISysAbstractDsfService : ***  1094406.6301  ***  ISysSfrService shutdown(super) finished.
1094383 INFO  [si.isystem.eclipse.debug - 3] ISysAbstractDsfService : ***  1094406.642  ***  ISysSfrService shutdown(main) started.
1094383 INFO  [si.isystem.eclipse.debug - 3] ISysAbstractDsfService : ***  1094406.6535  ***  ISysSfrService removed from service event listener list
1094383 INFO  [si.isystem.eclipse.debug - 3] ISysAbstractDsfService : ***  1094406.7585  ***  ISysSfrService shutdown(main) finished.
1094383 INFO  [si.isystem.eclipse.debug - 3] ISysAbstractDsfService : ***  1094406.798  ***  ISysSfrService shutdown(sub) finished.
1094383 INFO  [si.isystem.eclipse.debug - 3] ISysAbstractDsfService : ***  1094406.8244  ***  ISysDisassemblyService shutdown(super) started.
1094383 INFO  [si.isystem.eclipse.debug - 3] ISysAbstractDsfService : ***  1094406.8472  ***  ISysDisassemblyService shutdown(super) finished.
1094383 INFO  [si.isystem.eclipse.debug - 3] ISysAbstractDsfService : ***  1094406.8587  ***  ISysDisassemblyService shutdown(main) started.
1094383 INFO  [si.isystem.eclipse.debug - 3] ISysAbstractDsfService : ***  1094406.97  ***  ISysDisassemblyService shutdown(main) finished.
1094383 INFO  [si.isystem.eclipse.debug - 3] ISysAbstractDsfService : ***  1094406.9901  ***  ISysDisassemblyService shutdown(sub) finished.
1094384 INFO  [si.isystem.eclipse.debug - 3] ISysAbstractDsfService : ***  1094407.0169  ***  ISysRegistersService shutdown(super) started.
1094384 INFO  [si.isystem.eclipse.debug - 3] ISysAbstractDsfService : ***  1094407.043  ***  ISysRegistersService shutdown(super) finished.
1094384 INFO  [si.isystem.eclipse.debug - 3] ISysAbstractDsfService : ***  1094407.0544  ***  ISysRegistersService shutdown(main) started.
1094384 INFO  [si.isystem.eclipse.debug - 3] ISysAbstractDsfService : ***  1094407.0661  ***  ISysRegistersService removed from service event listener list
1094384 INFO  [si.isystem.eclipse.debug - 3] ISysAbstractDsfService : ***  1094407.1977  ***  ISysRegistersService shutdown(main) finished.
1094384 INFO  [si.isystem.eclipse.debug - 3] ISysAbstractDsfService : ***  1094407.2145  ***  ISysRegistersService shutdown(sub) finished.
1094384 INFO  [si.isystem.eclipse.debug - 3] ISysAbstractDsfService : ***  1094407.2376  ***  ISysExpressionsService shutdown(super) started.
1094384 INFO  [si.isystem.eclipse.debug - 3] ISysAbstractDsfService : ***  1094407.2597  ***  ISysExpressionsService shutdown(super) finished.
1094384 INFO  [si.isystem.eclipse.debug - 3] ISysAbstractDsfService : ***  1094407.2707  ***  ISysExpressionsService shutdown(main) started.
1094384 INFO  [si.isystem.eclipse.debug - 3] ISysAbstractDsfService : ***  1094407.2828  ***  ISysExpressionsService removed from service event listener list
1094384 INFO  [si.isystem.eclipse.debug - 3] ISysAbstractDsfService : ***  1094407.43  ***  ISysExpressionsService shutdown(main) finished.
1094384 INFO  [si.isystem.eclipse.debug - 3] ISysAbstractDsfService : ***  1094407.4466  ***  ISysExpressionsService shutdown(sub) finished.
1094384 INFO  [si.isystem.eclipse.debug - 3] ISysAbstractDsfService : ***  1094407.4707  ***  ISysSourceLookupService shutdown(super) started.
1094384 INFO  [si.isystem.eclipse.debug - 3] ISysAbstractDsfService : ***  1094407.4908  ***  ISysSourceLookupService shutdown(super) finished.
1094384 INFO  [si.isystem.eclipse.debug - 3] ISysAbstractDsfService : ***  1094407.5039  ***  ISysSourceLookupService shutdown(main) started.
1094384 INFO  [si.isystem.eclipse.debug - 3] ISysAbstractDsfService : ***  1094407.6125  ***  ISysSourceLookupService shutdown(main) finished.
1094384 INFO  [si.isystem.eclipse.debug - 3] ISysAbstractDsfService : ***  1094407.6296  ***  ISysSourceLookupService shutdown(sub) finished.
1094384 INFO  [si.isystem.eclipse.debug - 3] ISysAbstractDsfService : ***  1094407.6579  ***  ISysMemoryService shutdown(super) started.
1094384 INFO  [si.isystem.eclipse.debug - 3] ISysAbstractDsfService : ***  1094407.6819  ***  ISysMemoryService shutdown(super) finished.
1094384 INFO  [si.isystem.eclipse.debug - 3] ISysAbstractDsfService : ***  1094407.7006  ***  ISysMemoryService shutdown(main) started.
1094384 INFO  [si.isystem.eclipse.debug - 3] ISysAbstractDsfService : ***  1094407.7121  ***  ISysMemoryService removed from service event listener list
1094384 INFO  [si.isystem.eclipse.debug - 3] ISysAbstractDsfService : ***  1094407.8616  ***  ISysMemoryService shutdown(main) finished.
1094384 INFO  [si.isystem.eclipse.debug - 3] ISysAbstractDsfService : ***  1094407.8817  ***  ISysMemoryService shutdown(sub) finished.
1094384 INFO  [si.isystem.eclipse.debug - 3] ISysAbstractDsfService : ***  1094407.8999  ***  ISysStackService shutdown(super) started.
1094384 INFO  [si.isystem.eclipse.debug - 3] ISysAbstractDsfService : ***  1094407.9232  ***  ISysStackService shutdown(super) finished.
1094384 INFO  [si.isystem.eclipse.debug - 3] ISysAbstractDsfService : ***  1094407.9351  ***  ISysStackService shutdown(main) started.
1094384 INFO  [si.isystem.eclipse.debug - 3] ISysAbstractDsfService : ***  1094407.9481  ***  ISysStackService removed from service event listener list
1094385 INFO  [si.isystem.eclipse.debug - 3] ISysAbstractDsfService : ***  1094408.0706  ***  ISysStackService shutdown(main) finished.
1094385 INFO  [si.isystem.eclipse.debug - 3] ISysAbstractDsfService : ***  1094408.0882  ***  ISysStackService shutdown(sub) finished.
1094385 INFO  [si.isystem.eclipse.debug - 3] ISysAbstractDsfService : ***  1094408.1093  ***  ISysRunControl shutdown(super) started.
1094385 INFO  [si.isystem.eclipse.debug - 3] ISysAbstractDsfService : ***  1094408.1485  ***  ISysRunControl shutdown(super) finished.
1094385 INFO  [si.isystem.eclipse.debug - 3] ISysAbstractDsfService : ***  1094408.1645  ***  ISysRunControl shutdown(main) started.
1094385 INFO  [si.isystem.eclipse.debug - 3] ISysAbstractDsfService : ***  1094408.1774  ***  ISysRunControl removed from service event listener list
1094385 INFO  [si.isystem.eclipse.debug - 3] ISysAbstractDsfService : ***  1094408.3001  ***  ISysRunControl shutdown(main) finished.
1094385 INFO  [si.isystem.eclipse.debug - 3] ISysAbstractDsfService : ***  1094408.3178  ***  ISysRunControl shutdown(sub) finished.
1094385 INFO  [si.isystem.eclipse.debug - 3] ISysAbstractDsfService : ***  1094408.3357  ***  ISysCommandControl shutdown(super) started.
1094385 INFO  [si.isystem.eclipse.debug - 3] ISysAbstractDsfService : ***  1094408.3585  ***  ISysCommandControl shutdown(super) finished.
1094385 INFO  [si.isystem.eclipse.debug - 3] ISysAbstractDsfService : ***  1094408.3706  ***  ISysCommandControl shutdown(main) started.
1094385 INFO  [si.isystem.eclipse.debug - 3] ISysAbstractDsfService : ***  1094408.485  ***  ISysCommandControl shutdown(main) finished.
1094385 INFO  [si.isystem.eclipse.debug - 3] ISysAbstractDsfService : ***  1094408.5019  ***  ISysCommandControl shutdown(sub) finished.
1094385 INFO  [si.isystem.eclipse.debug - 3] ISysAbstractDsfService : ***  1094408.5371  ***  ISysConnectionService shutdown(super) started.
1094385 INFO  [si.isystem.eclipse.debug - 3] IConnectProxy : ***  1094408.5995  ***  Shutting down iConnect for cores: [I@3d6cc3ea
1094385 INFO  [si.isystem.eclipse.debug - 3] IConnectProxy : ***  1094408.6264  ***  Disconnecting from and closing winIDEA on core 0.
1094429 INFO  [si.isystem.eclipse.debug - 3] ISysAbstractDsfService : ***  1094453.0394  ***  ISysConnectionService shutdown(super) finished.
1094429 INFO  [si.isystem.eclipse.debug - 3] ISysAbstractDsfService : ***  1094453.0825  ***  ISysConnectionService shutdown(main) started.
1094429 INFO  [si.isystem.eclipse.debug - 3] ISysAbstractDsfService : ***  1094453.0931  ***  ISysConnectionService shutdown(main) finished.
1094429 INFO  [si.isystem.eclipse.debug - 3] ISysAbstractDsfService : ***  1094453.1035  ***  ISysConnectionService shutdown(sub) finished.
1094429 INFO  [si.isystem.eclipse.debug - 3] ISysLaunch : ***  1094453.1627  ***  Debug services shutdown completed.
1107263 INFO  [si.isystem.eclipse.debug - 4] ISysAbstractDsfService : ***  1107286.6375  ***  ISysConnectionService initialization(super) started.
1107264 INFO  [si.isystem.eclipse.debug - 4] IConLaunchManager : ***  1107286.9199  ***  
Starting debug session using launch configuration paramenters: 
 - Launch name = 'TC275-LED TriCore Debug (TASKING)'
 - Project name = 'TC275-LED'
 - Project path = 'D:/Project/Aurix-TC275/TC275-LED'
 - Output file = 'TriCore Debug (TASKING)\TC275-LED.elf'
 - Stop on startup = 'true'
 - Stop on startup location = 'core0_main'
 - Verbose mode = false' - winIDEA visible = 'false'
 - Bring winIDEA to top = 'true'
 - Verify download = 'true'
 - Analyze source files = 'false'
 - Shutdown winIDEA at terminate session = 'true'
 - winIDEA workspace path = '.ads/winIDEAWorkspaces/TriCore-Debug-(TASKING)/ADS.xjrf'
 - full winIDEA workspace path = 'D:\Project\Aurix-TC275\TC275-LED\.ads\winIDEAWorkspaces\TriCore-Debug-(TASKING)\ADS.xjrf'
 - Device = 'TC275T'
 - Hardware = 'IFX_DAS'
 - Communication = 'USB'
 - Hardware debugger = ''
 - Image check = 'Default'
 - Create SMP = 'true'
 - After download action = 'none'
 - After download symbol = ''

1107264 INFO  [si.isystem.eclipse.debug - 4] ISysSessionManager : ***  1107287.0146  ***  Setting winIDEA workspace path to 'D:\Project\Aurix-TC275\TC275-LED\.ads\winIDEAWorkspaces\TriCore-Debug-(TASKING)\ADS.xjrf'
1107264 INFO  [si.isystem.eclipse.debug - 4] ISysSessionManager : ***  1107287.1204  ***  Connecting to winIDEA 'C:\Infineon\AURIX-Studio-1.10.16\winIDEA\' with workspace 'D:\Project\Aurix-TC275\TC275-LED\.ads\winIDEAWorkspaces\TriCore-Debug-(TASKING)\ADS.xjrf', winIDEA-ID: 'com.tasking.winIDEA.instance.id-TC275-LED TriCore Debug (TASKING)', visible: false, CLI args: '/HideCrashDumpMessage'
1110599 INFO  [si.isystem.eclipse.debug - 4] ISysSessionManager : ***  1110621.5077  ***  Connected to winIDEA and setup workspace.
1110599 INFO  [si.isystem.eclipse.debug - 4] ISysSessionManager : ***  1110621.5582  ***  Version of isystem.connect for Java: 9.21.334.0
1110599 INFO  [si.isystem.eclipse.debug - 4] ISysSessionManager : ***  1110621.6023  ***  Version of isystem.connect DLL: 9.21.334.0.0
1110599 INFO  [si.isystem.eclipse.debug - 4] ISysSessionManager : ***  1110621.9505  ***  Version of winIDEA: 9.21.338.0.218131
1110599 INFO  [si.isystem.eclipse.debug - 4] ISysSessionManager : ***  1110621.9666  ***  Downloading ...
1112014 INFO  [si.isystem.eclipse.debug - 4] ISysSessionManager : ***  1112037.9136  ***  Downloading finished.
1112071 INFO  [si.isystem.eclipse.debug - 4] IConLaunchManager : ***  1112094.5537  ***  Connected to target.
1112071 INFO  [si.isystem.eclipse.debug - 4] IConLaunchManager : ***  1112094.5938  ***  Log level set to INFO
1112117 INFO  [si.isystem.eclipse.debug - 4] ISysAbstractDsfService : ***  1112140.7031  ***  ISysConnectionService initialization(super) finished.
1112117 INFO  [si.isystem.eclipse.debug - 4] ISysAbstractDsfService : ***  1112140.7429  ***  ISysConnectionService initialization(main) started.
1112117 INFO  [si.isystem.eclipse.debug - 4] ISysAbstractDsfService : ***  1112140.7581  ***  ISysConnectionService initialization(main) finished.
1112117 INFO  [si.isystem.eclipse.debug - 4] ISysAbstractDsfService : ***  1112140.7679  ***  ISysConnectionService initialization(sub) finished.
1112117 INFO  [si.isystem.eclipse.debug - 4] ISysAbstractDsfService : ***  1112140.7878  ***  ISysCommandControl initialization(super) started.
1112117 INFO  [Worker-9: Command Executor Job] ISysAbstractDsfService : ***  1112140.8808  ***  Command Executor Job started.
1112117 INFO  [si.isystem.eclipse.debug - 4] ISysAbstractDsfService : ***  1112140.9374  ***  ISysCommandControl initialization(super) finished.
1112117 INFO  [si.isystem.eclipse.debug - 4] ISysAbstractDsfService : ***  1112140.9503  ***  ISysCommandControl initialization(main) started.
1112117 INFO  [si.isystem.eclipse.debug - 4] ISysAbstractDsfService : ***  1112140.963  ***  ISysCommandControl initialization(main) finished.
1112117 INFO  [si.isystem.eclipse.debug - 4] ISysAbstractDsfService : ***  1112140.9713  ***  ISysCommandControl initialization(sub) finished.
1112117 INFO  [si.isystem.eclipse.debug - 4] ISysAbstractDsfService : ***  1112140.9864  ***  ISysRunControl initialization(super) started.
1112119 INFO  [si.isystem.eclipse.debug - 4] ISysAbstractDsfService : ***  1112142.3584  ***  ISysRunControl initialization(super) finished.
1112119 INFO  [si.isystem.eclipse.debug - 4] ISysAbstractDsfService : ***  1112142.3786  ***  ISysRunControl initialization(main) started.
1112119 INFO  [si.isystem.eclipse.debug - 4] ISysAbstractDsfService : ***  1112142.3937  ***  ISysRunControl specified as service event listener (method: eventDispatched)
1112119 INFO  [si.isystem.eclipse.debug - 4] ISysAbstractDsfService : ***  1112142.4159  ***  ISysRunControl initialization(main) finished.
1112120 INFO  [si.isystem.eclipse.debug - 4] ISysAbstractDsfService : ***  1112143.8501  ***  ISysRunControl initialization(sub) finished.
1112120 INFO  [si.isystem.eclipse.debug - 4] ISysAbstractDsfService : ***  1112143.896  ***  ISysStackService initialization(super) started.
1112120 INFO  [si.isystem.eclipse.debug - 4] ISysAbstractDsfService : ***  1112144.1198  ***  ISysStackService initialization(super) finished.
1112120 INFO  [si.isystem.eclipse.debug - 4] ISysAbstractDsfService : ***  1112144.1418  ***  ISysStackService initialization(main) started.
1112120 INFO  [si.isystem.eclipse.debug - 4] ISysAbstractDsfService : ***  1112144.1568  ***  ISysStackService specified as service event listener (method: eventDispatched)
1112120 INFO  [si.isystem.eclipse.debug - 4] ISysAbstractDsfService : ***  1112144.1769  ***  ISysStackService initialization(main) finished.
1112120 INFO  [si.isystem.eclipse.debug - 4] ISysAbstractDsfService : ***  1112144.1865  ***  ISysStackService initialization(sub) finished.
1112120 INFO  [si.isystem.eclipse.debug - 4] ISysAbstractDsfService : ***  1112144.2036  ***  ISysMemoryService initialization(super) started.
1112120 INFO  [si.isystem.eclipse.debug - 4] ISysAbstractDsfService : ***  1112144.2386  ***  Starting Memory Service sub-initialization sequence.
1112120 INFO  [si.isystem.eclipse.debug - 4] ISysAbstractDsfService : ***  1112144.251  ***  ISysMemoryService initialization(super) finished.
1112120 INFO  [si.isystem.eclipse.debug - 4] ISysAbstractDsfService : ***  1112144.2594  ***  ISysMemoryService initialization(main) started.
1112120 INFO  [si.isystem.eclipse.debug - 4] ISysAbstractDsfService : ***  1112144.2688  ***  ISysMemoryService specified as service event listener (method: eventDispatched)
1112120 INFO  [si.isystem.eclipse.debug - 4] ISysAbstractDsfService : ***  1112144.2829  ***  ISysMemoryService initialization(main) finished.
1112120 INFO  [si.isystem.eclipse.debug - 4] ISysAbstractDsfService : ***  1112144.3042  ***  Initializing Memory Service block retrieval.
1112122 INFO  [si.isystem.eclipse.debug - 4] ISysAbstractDsfService : ***  1112145.5976  ***  Memory Service block retrieval initialized.
1112122 INFO  [si.isystem.eclipse.debug - 4] ISysAbstractDsfService : ***  1112145.6324  ***  Loading memory area properties.
1112123 INFO  [si.isystem.eclipse.debug - 4] ISysAbstractDsfService : ***  1112146.7857  ***  Adding 1 memory blocks.
1112123 INFO  [si.isystem.eclipse.debug - 4] ISysAbstractDsfService : ***  1112146.8327  ***  Block 'Virtual' [00000000:ffffffff] MAU=8 visible
1112123 INFO  [si.isystem.eclipse.debug - 4] ISysAbstractDsfService : ***  1112146.846  ***  Memory Service block retrieval initialized.
1112123 INFO  [si.isystem.eclipse.debug - 4] ISysAbstractDsfService : ***  1112146.867  ***  Registering memory model adapter and service.
1112123 INFO  [si.isystem.eclipse.debug - 4] ISysAbstractDsfService : ***  1112147.1263  ***  Memory model adapter and service registered.
1112123 INFO  [si.isystem.eclipse.debug - 4] ISysAbstractDsfService : ***  1112147.1494  ***  ISysMemoryService initialization(sub) finished.
1112123 INFO  [si.isystem.eclipse.debug - 4] ISysAbstractDsfService : ***  1112147.1656  ***  ISysSourceLookupService initialization(super) started.
1112123 INFO  [si.isystem.eclipse.debug - 4] ISysAbstractDsfService : ***  1112147.2647  ***  ISysSourceLookupService initialization(super) finished.
1112123 INFO  [si.isystem.eclipse.debug - 4] ISysAbstractDsfService : ***  1112147.2767  ***  ISysSourceLookupService initialization(main) started.
1112123 INFO  [si.isystem.eclipse.debug - 4] ISysAbstractDsfService : ***  1112147.2892  ***  ISysSourceLookupService initialization(main) finished.
1112123 INFO  [si.isystem.eclipse.debug - 4] ISysAbstractDsfService : ***  1112147.2976  ***  ISysSourceLookupService initialization(sub) finished.
1112124 INFO  [si.isystem.eclipse.debug - 4] ISysAbstractDsfService : ***  1112147.3111  ***  ISysExpressionsService initialization(super) started.
1112124 INFO  [si.isystem.eclipse.debug - 4] ISysAbstractDsfService : ***  1112147.4297  ***  ISysExpressionsService initialization(super) finished.
1112124 INFO  [si.isystem.eclipse.debug - 4] ISysAbstractDsfService : ***  1112147.4413  ***  ISysExpressionsService initialization(main) started.
1112124 INFO  [si.isystem.eclipse.debug - 4] ISysAbstractDsfService : ***  1112147.4519  ***  ISysExpressionsService specified as service event listener (method: eventDispatched)
1112124 INFO  [si.isystem.eclipse.debug - 4] ISysAbstractDsfService : ***  1112147.4685  ***  ISysExpressionsService initialization(main) finished.
1112124 INFO  [si.isystem.eclipse.debug - 4] ISysAbstractDsfService : ***  1112147.4772  ***  ISysExpressionsService initialization(sub) finished.
1112124 INFO  [si.isystem.eclipse.debug - 4] ISysAbstractDsfService : ***  1112147.4898  ***  ISysRegistersService initialization(super) started.
1112124 INFO  [si.isystem.eclipse.debug - 4] ISysAbstractDsfService : ***  1112147.9366  ***  ISysRegistersService initialization(super) finished.
1112124 INFO  [si.isystem.eclipse.debug - 4] ISysAbstractDsfService : ***  1112147.9538  ***  ISysRegistersService initialization(main) started.
1112124 INFO  [si.isystem.eclipse.debug - 4] ISysAbstractDsfService : ***  1112147.9678  ***  ISysRegistersService specified as service event listener (method: eventDispatched)
1112124 INFO  [si.isystem.eclipse.debug - 4] ISysAbstractDsfService : ***  1112147.9877  ***  ISysRegistersService initialization(main) finished.
1112124 INFO  [si.isystem.eclipse.debug - 4] ISysAbstractDsfService : ***  1112147.9977  ***  ISysRegistersService initialization(sub) finished.
1112124 INFO  [si.isystem.eclipse.debug - 4] ISysAbstractDsfService : ***  1112148.0113  ***  ISysDisassemblyService initialization(super) started.
1112124 INFO  [si.isystem.eclipse.debug - 4] ISysAbstractDsfService : ***  1112148.2235  ***  ISysDisassemblyService initialization(super) finished.
1112124 INFO  [si.isystem.eclipse.debug - 4] ISysAbstractDsfService : ***  1112148.2398  ***  ISysDisassemblyService initialization(main) started.
1112124 INFO  [si.isystem.eclipse.debug - 4] ISysAbstractDsfService : ***  1112148.2523  ***  ISysDisassemblyService initialization(main) finished.
1112124 INFO  [si.isystem.eclipse.debug - 4] ISysAbstractDsfService : ***  1112148.2612  ***  ISysDisassemblyService initialization(sub) finished.
1112124 INFO  [si.isystem.eclipse.debug - 4] ISysAbstractDsfService : ***  1112148.2749  ***  ISysSfrService initialization(super) started.
1112125 INFO  [si.isystem.eclipse.debug - 4] ISysAbstractDsfService : ***  1112148.3806  ***  ISysSfrService initialization(super) finished.
1112125 INFO  [si.isystem.eclipse.debug - 4] ISysAbstractDsfService : ***  1112148.3963  ***  ISysSfrService initialization(main) started.
1112125 INFO  [si.isystem.eclipse.debug - 4] ISysAbstractDsfService : ***  1112148.4084  ***  ISysSfrService specified as service event listener (method: eventDispatched)
1112125 INFO  [si.isystem.eclipse.debug - 4] ISysAbstractDsfService : ***  1112148.4227  ***  ISysSfrService initialization(main) finished.
1112540 INFO  [si.isystem.eclipse.debug - 4] ISysAbstractDsfService : ***  1112563.3821  ***  ISysSfrService initialization(sub) finished.
1112543 INFO  [si.isystem.eclipse.debug - 4] ISysAbstractDsfService : ***  1112566.3439  ***  ISysRteService initialization(super) started.
1112543 INFO  [si.isystem.eclipse.debug - 4] ISysAbstractDsfService : ***  1112566.5319  ***  ISysRteService initialization(super) finished.
1112543 INFO  [si.isystem.eclipse.debug - 4] ISysAbstractDsfService : ***  1112566.5451  ***  ISysRteService initialization(main) started.
1112543 INFO  [si.isystem.eclipse.debug - 4] ISysAbstractDsfService : ***  1112566.5587  ***  ISysRteService specified as service event listener (method: eventDispatched)
1112543 INFO  [si.isystem.eclipse.debug - 4] ISysAbstractDsfService : ***  1112566.5777  ***  ISysRteService initialization(main) finished.
1112543 INFO  [si.isystem.eclipse.debug - 4] ISysAbstractDsfService : ***  1112566.5865  ***  ISysRteService initialization(sub) finished.
1112543 INFO  [si.isystem.eclipse.debug - 4] ISysAbstractDsfService : ***  1112566.5996  ***  ISysBreakpointService initialization(super) started.
1112543 INFO  [si.isystem.eclipse.debug - 4] ISysAbstractDsfService : ***  1112566.6982  ***  ISysBreakpointService initialization(super) finished.
1112543 INFO  [si.isystem.eclipse.debug - 4] ISysAbstractDsfService : ***  1112566.71  ***  ISysBreakpointService initialization(main) started.
1112543 INFO  [si.isystem.eclipse.debug - 4] ISysAbstractDsfService : ***  1112566.7209  ***  ISysBreakpointService specified as service event listener (method: eventDispatched)
1112543 INFO  [si.isystem.eclipse.debug - 4] ISysAbstractDsfService : ***  1112566.7379  ***  ISysBreakpointService initialization(main) finished.
1112543 INFO  [si.isystem.eclipse.debug - 4] ISysAbstractDsfService : ***  1112566.7491  ***  ISysBreakpointService initialization(sub) finished.
1112544 INFO  [si.isystem.eclipse.debug - 4] ISysLaunch : ***  1112568.009  ***  Services initialization sequence completed
1989022 INFO  [Worker-9: Command Executor Job] ISysAbstractDsfService : ***  1989045.9268  ***  ISysCommandControl command dequeued - exiting command processing loop
1989022 INFO  [si.isystem.eclipse.debug - 4] ISysAbstractCommand : ***  1989045.9467  ***  Processing the last command to be processed: si.isystem.dsf.control.commands.ISysCmdMiscTerminateDebugger
1989022 INFO  [si.isystem.eclipse.debug - 4] ISysAbstractDsfService : ***  1989046.0027  ***  Command Control was shut down - cancelling remaining commands in queue.
1989022 INFO  [si.isystem.eclipse.debug - 4] ISysAbstractDsfService : ***  1989046.0153  ***  Command Controll queue is empty and closed.
1989023 INFO  [si.isystem.eclipse.debug - 4] ISysAbstractDsfService : ***  1989046.2845  ***  ISysBreakpointService shutdown(super) started.
1989023 INFO  [si.isystem.eclipse.debug - 4] ISysAbstractDsfService : ***  1989046.3073  ***  ISysBreakpointService shutdown(super) finished.
1989023 INFO  [si.isystem.eclipse.debug - 4] ISysAbstractDsfService : ***  1989046.3165  ***  ISysBreakpointService shutdown(main) started.
1989023 INFO  [si.isystem.eclipse.debug - 4] ISysAbstractDsfService : ***  1989046.3265  ***  ISysBreakpointService removed from service event listener list
1989023 INFO  [si.isystem.eclipse.debug - 4] ISysAbstractDsfService : ***  1989046.4491  ***  ISysBreakpointService shutdown(main) finished.
1989023 INFO  [si.isystem.eclipse.debug - 4] ISysAbstractDsfService : ***  1989046.4749  ***  ISysBreakpointService shutdown(sub) finished.
1989023 INFO  [si.isystem.eclipse.debug - 4] ISysAbstractDsfService : ***  1989046.4972  ***  ISysRteService shutdown(super) started.
1989023 INFO  [si.isystem.eclipse.debug - 4] ISysAbstractDsfService : ***  1989046.5178  ***  ISysRteService shutdown(super) finished.
1989023 INFO  [si.isystem.eclipse.debug - 4] ISysAbstractDsfService : ***  1989046.5269  ***  ISysRteService shutdown(main) started.
1989023 INFO  [si.isystem.eclipse.debug - 4] ISysAbstractDsfService : ***  1989046.5365  ***  ISysRteService removed from service event listener list
1989023 INFO  [si.isystem.eclipse.debug - 4] ISysAbstractDsfService : ***  1989046.6123  ***  ISysRteService shutdown(main) finished.
1989023 INFO  [si.isystem.eclipse.debug - 4] ISysAbstractDsfService : ***  1989046.6685  ***  ISysRteService shutdown(sub) finished.
1989023 INFO  [si.isystem.eclipse.debug - 4] ISysAbstractDsfService : ***  1989046.7105  ***  ISysSfrService shutdown(super) started.
1989023 INFO  [si.isystem.eclipse.debug - 4] ISysAbstractDsfService : ***  1989046.7415  ***  ISysSfrService shutdown(super) finished.
1989023 INFO  [si.isystem.eclipse.debug - 4] ISysAbstractDsfService : ***  1989046.7504  ***  ISysSfrService shutdown(main) started.
1989023 INFO  [si.isystem.eclipse.debug - 4] ISysAbstractDsfService : ***  1989046.7584  ***  ISysSfrService removed from service event listener list
1989023 INFO  [si.isystem.eclipse.debug - 4] ISysAbstractDsfService : ***  1989046.8446  ***  ISysSfrService shutdown(main) finished.
1989023 INFO  [si.isystem.eclipse.debug - 4] ISysAbstractDsfService : ***  1989046.8741  ***  ISysSfrService shutdown(sub) finished.
1989023 INFO  [si.isystem.eclipse.debug - 4] ISysAbstractDsfService : ***  1989046.8947  ***  ISysDisassemblyService shutdown(super) started.
1989023 INFO  [si.isystem.eclipse.debug - 4] ISysAbstractDsfService : ***  1989046.911  ***  ISysDisassemblyService shutdown(super) finished.
1989023 INFO  [si.isystem.eclipse.debug - 4] ISysAbstractDsfService : ***  1989046.9202  ***  ISysDisassemblyService shutdown(main) started.
1989023 INFO  [si.isystem.eclipse.debug - 4] ISysAbstractDsfService : ***  1989047.0091  ***  ISysDisassemblyService shutdown(main) finished.
1989023 INFO  [si.isystem.eclipse.debug - 4] ISysAbstractDsfService : ***  1989047.0216  ***  ISysDisassemblyService shutdown(sub) finished.
1989023 INFO  [si.isystem.eclipse.debug - 4] ISysAbstractDsfService : ***  1989047.0379  ***  ISysRegistersService shutdown(super) started.
1989024 INFO  [si.isystem.eclipse.debug - 4] ISysAbstractDsfService : ***  1989047.0528  ***  ISysRegistersService shutdown(super) finished.
1989024 INFO  [si.isystem.eclipse.debug - 4] ISysAbstractDsfService : ***  1989047.061  ***  ISysRegistersService shutdown(main) started.
1989024 INFO  [si.isystem.eclipse.debug - 4] ISysAbstractDsfService : ***  1989047.0701  ***  ISysRegistersService removed from service event listener list
1989024 INFO  [si.isystem.eclipse.debug - 4] ISysAbstractDsfService : ***  1989047.1885  ***  ISysRegistersService shutdown(main) finished.
1989024 INFO  [si.isystem.eclipse.debug - 4] ISysAbstractDsfService : ***  1989047.2018  ***  ISysRegistersService shutdown(sub) finished.
1989024 INFO  [si.isystem.eclipse.debug - 4] ISysAbstractDsfService : ***  1989047.2202  ***  ISysExpressionsService shutdown(super) started.
1989024 INFO  [si.isystem.eclipse.debug - 4] ISysAbstractDsfService : ***  1989047.2362  ***  ISysExpressionsService shutdown(super) finished.
1989024 INFO  [si.isystem.eclipse.debug - 4] ISysAbstractDsfService : ***  1989047.2453  ***  ISysExpressionsService shutdown(main) started.
1989024 INFO  [si.isystem.eclipse.debug - 4] ISysAbstractDsfService : ***  1989047.2537  ***  ISysExpressionsService removed from service event listener list
1989024 INFO  [si.isystem.eclipse.debug - 4] ISysAbstractDsfService : ***  1989047.4559  ***  ISysExpressionsService shutdown(main) finished.
1989024 INFO  [si.isystem.eclipse.debug - 4] ISysAbstractDsfService : ***  1989047.4677  ***  ISysExpressionsService shutdown(sub) finished.
1989024 INFO  [si.isystem.eclipse.debug - 4] ISysAbstractDsfService : ***  1989047.4888  ***  ISysSourceLookupService shutdown(super) started.
1989024 INFO  [si.isystem.eclipse.debug - 4] ISysAbstractDsfService : ***  1989047.5051  ***  ISysSourceLookupService shutdown(super) finished.
1989024 INFO  [si.isystem.eclipse.debug - 4] ISysAbstractDsfService : ***  1989047.5148  ***  ISysSourceLookupService shutdown(main) started.
1989024 INFO  [si.isystem.eclipse.debug - 4] ISysAbstractDsfService : ***  1989047.6112  ***  ISysSourceLookupService shutdown(main) finished.
1989024 INFO  [si.isystem.eclipse.debug - 4] ISysAbstractDsfService : ***  1989047.623  ***  ISysSourceLookupService shutdown(sub) finished.
1989024 INFO  [si.isystem.eclipse.debug - 4] ISysAbstractDsfService : ***  1989047.6411  ***  ISysMemoryService shutdown(super) started.
1989024 INFO  [si.isystem.eclipse.debug - 4] ISysAbstractDsfService : ***  1989047.658  ***  ISysMemoryService shutdown(super) finished.
1989024 INFO  [si.isystem.eclipse.debug - 4] ISysAbstractDsfService : ***  1989047.6679  ***  ISysMemoryService shutdown(main) started.
1989024 INFO  [si.isystem.eclipse.debug - 4] ISysAbstractDsfService : ***  1989047.6768  ***  ISysMemoryService removed from service event listener list
1989024 INFO  [si.isystem.eclipse.debug - 4] ISysAbstractDsfService : ***  1989047.7967  ***  ISysMemoryService shutdown(main) finished.
1989024 INFO  [si.isystem.eclipse.debug - 4] ISysAbstractDsfService : ***  1989047.8093  ***  ISysMemoryService shutdown(sub) finished.
1989024 INFO  [si.isystem.eclipse.debug - 4] ISysAbstractDsfService : ***  1989047.8226  ***  ISysStackService shutdown(super) started.
1989024 INFO  [si.isystem.eclipse.debug - 4] ISysAbstractDsfService : ***  1989047.8384  ***  ISysStackService shutdown(super) finished.
1989024 INFO  [si.isystem.eclipse.debug - 4] ISysAbstractDsfService : ***  1989047.8463  ***  ISysStackService shutdown(main) started.
1989024 INFO  [si.isystem.eclipse.debug - 4] ISysAbstractDsfService : ***  1989047.8683  ***  ISysStackService removed from service event listener list
1989024 INFO  [si.isystem.eclipse.debug - 4] ISysAbstractDsfService : ***  1989047.9978  ***  ISysStackService shutdown(main) finished.
1989024 INFO  [si.isystem.eclipse.debug - 4] ISysAbstractDsfService : ***  1989048.0098  ***  ISysStackService shutdown(sub) finished.
1989024 INFO  [si.isystem.eclipse.debug - 4] ISysAbstractDsfService : ***  1989048.0355  ***  ISysRunControl shutdown(super) started.
1989024 INFO  [si.isystem.eclipse.debug - 4] ISysAbstractDsfService : ***  1989048.066  ***  ISysRunControl shutdown(super) finished.
1989025 INFO  [si.isystem.eclipse.debug - 4] ISysAbstractDsfService : ***  1989048.0757  ***  ISysRunControl shutdown(main) started.
1989025 INFO  [si.isystem.eclipse.debug - 4] ISysAbstractDsfService : ***  1989048.1005  ***  ISysRunControl removed from service event listener list
1989025 INFO  [si.isystem.eclipse.debug - 4] ISysAbstractDsfService : ***  1989048.2119  ***  ISysRunControl shutdown(main) finished.
1989025 INFO  [si.isystem.eclipse.debug - 4] ISysAbstractDsfService : ***  1989048.2227  ***  ISysRunControl shutdown(sub) finished.
1989025 INFO  [si.isystem.eclipse.debug - 4] ISysAbstractDsfService : ***  1989048.2355  ***  ISysCommandControl shutdown(super) started.
1989025 INFO  [si.isystem.eclipse.debug - 4] ISysAbstractDsfService : ***  1989048.2492  ***  ISysCommandControl shutdown(super) finished.
1989025 INFO  [si.isystem.eclipse.debug - 4] ISysAbstractDsfService : ***  1989048.2576  ***  ISysCommandControl shutdown(main) started.
1989025 INFO  [si.isystem.eclipse.debug - 4] ISysAbstractDsfService : ***  1989048.3393  ***  ISysCommandControl shutdown(main) finished.
1989025 INFO  [si.isystem.eclipse.debug - 4] ISysAbstractDsfService : ***  1989048.351  ***  ISysCommandControl shutdown(sub) finished.
1989025 INFO  [si.isystem.eclipse.debug - 4] ISysAbstractDsfService : ***  1989048.3704  ***  ISysConnectionService shutdown(super) started.
1989025 INFO  [si.isystem.eclipse.debug - 4] IConnectProxy : ***  1989048.436  ***  Shutting down iConnect for cores: [I@748b0677
1989025 INFO  [si.isystem.eclipse.debug - 4] IConnectProxy : ***  1989048.4545  ***  Disconnecting from and closing winIDEA on core 0.
1989061 INFO  [si.isystem.eclipse.debug - 4] ISysAbstractDsfService : ***  1989084.2597  ***  ISysConnectionService shutdown(super) finished.
1989061 INFO  [si.isystem.eclipse.debug - 4] ISysAbstractDsfService : ***  1989084.3007  ***  ISysConnectionService shutdown(main) started.
1989061 INFO  [si.isystem.eclipse.debug - 4] ISysAbstractDsfService : ***  1989084.3127  ***  ISysConnectionService shutdown(main) finished.
1989061 INFO  [si.isystem.eclipse.debug - 4] ISysAbstractDsfService : ***  1989084.3503  ***  ISysConnectionService shutdown(sub) finished.
1989061 INFO  [si.isystem.eclipse.debug - 4] ISysLaunch : ***  1989084.4253  ***  Debug services shutdown completed.
1992734 INFO  [si.isystem.eclipse.debug - 5] ISysAbstractDsfService : ***  1992758.0473  ***  ISysConnectionService initialization(super) started.
1992734 INFO  [si.isystem.eclipse.debug - 5] IConLaunchManager : ***  1992758.3191  ***  
Starting debug session using launch configuration paramenters: 
 - Launch name = 'TC275-LED TriCore Debug (TASKING)'
 - Project name = 'TC275-LED'
 - Project path = 'D:/Project/Aurix-TC275/TC275-LED'
 - Output file = 'TriCore Debug (TASKING)\TC275-LED.elf'
 - Stop on startup = 'true'
 - Stop on startup location = 'core0_main'
 - Verbose mode = false' - winIDEA visible = 'false'
 - Bring winIDEA to top = 'true'
 - Verify download = 'true'
 - Analyze source files = 'false'
 - Shutdown winIDEA at terminate session = 'true'
 - winIDEA workspace path = '.ads/winIDEAWorkspaces/TriCore-Debug-(TASKING)/ADS.xjrf'
 - full winIDEA workspace path = 'D:\Project\Aurix-TC275\TC275-LED\.ads\winIDEAWorkspaces\TriCore-Debug-(TASKING)\ADS.xjrf'
 - Device = 'TC275T'
 - Hardware = 'IFX_DAS'
 - Communication = 'USB'
 - Hardware debugger = ''
 - Image check = 'Default'
 - Create SMP = 'true'
 - After download action = 'none'
 - After download symbol = ''

1992735 INFO  [si.isystem.eclipse.debug - 5] ISysSessionManager : ***  1992758.4115  ***  Setting winIDEA workspace path to 'D:\Project\Aurix-TC275\TC275-LED\.ads\winIDEAWorkspaces\TriCore-Debug-(TASKING)\ADS.xjrf'
1992735 INFO  [si.isystem.eclipse.debug - 5] ISysSessionManager : ***  1992758.5175  ***  Connecting to winIDEA 'C:\Infineon\AURIX-Studio-1.10.16\winIDEA\' with workspace 'D:\Project\Aurix-TC275\TC275-LED\.ads\winIDEAWorkspaces\TriCore-Debug-(TASKING)\ADS.xjrf', winIDEA-ID: 'com.tasking.winIDEA.instance.id-TC275-LED TriCore Debug (TASKING)', visible: false, CLI args: '/HideCrashDumpMessage'
1993459 INFO  [si.isystem.eclipse.debug - 5] ISysSessionManager : ***  1993482.3186  ***  Connected to winIDEA and setup workspace.
1993459 INFO  [si.isystem.eclipse.debug - 5] ISysSessionManager : ***  1993482.3686  ***  Version of isystem.connect for Java: 9.21.334.0
1993459 INFO  [si.isystem.eclipse.debug - 5] ISysSessionManager : ***  1993482.4082  ***  Version of isystem.connect DLL: 9.21.334.0.0
1993460 INFO  [si.isystem.eclipse.debug - 5] ISysSessionManager : ***  1993482.7567  ***  Version of winIDEA: 9.21.338.0.218131
1993460 INFO  [si.isystem.eclipse.debug - 5] ISysSessionManager : ***  1993482.775  ***  Downloading ...
1994824 INFO  [si.isystem.eclipse.debug - 5] ISysSessionManager : ***  1994848.0338  ***  Downloading finished.
1994884 INFO  [si.isystem.eclipse.debug - 5] IConLaunchManager : ***  1994906.964  ***  Connected to target.
1994884 INFO  [si.isystem.eclipse.debug - 5] IConLaunchManager : ***  1994907.0089  ***  Log level set to INFO
1994931 INFO  [si.isystem.eclipse.debug - 5] ISysAbstractDsfService : ***  1994954.3946  ***  ISysConnectionService initialization(super) finished.
1994931 INFO  [si.isystem.eclipse.debug - 5] ISysAbstractDsfService : ***  1994954.4355  ***  ISysConnectionService initialization(main) started.
1994931 INFO  [si.isystem.eclipse.debug - 5] ISysAbstractDsfService : ***  1994954.4517  ***  ISysConnectionService initialization(main) finished.
1994931 INFO  [si.isystem.eclipse.debug - 5] ISysAbstractDsfService : ***  1994954.4656  ***  ISysConnectionService initialization(sub) finished.
1994931 INFO  [si.isystem.eclipse.debug - 5] ISysAbstractDsfService : ***  1994954.4909  ***  ISysCommandControl initialization(super) started.
1994931 INFO  [Worker-10: Command Executor Job] ISysAbstractDsfService : ***  1994954.6009  ***  Command Executor Job started.
1994931 INFO  [si.isystem.eclipse.debug - 5] ISysAbstractDsfService : ***  1994954.6311  ***  ISysCommandControl initialization(super) finished.
1994931 INFO  [si.isystem.eclipse.debug - 5] ISysAbstractDsfService : ***  1994954.6448  ***  ISysCommandControl initialization(main) started.
1994931 INFO  [si.isystem.eclipse.debug - 5] ISysAbstractDsfService : ***  1994954.6577  ***  ISysCommandControl initialization(main) finished.
1994931 INFO  [si.isystem.eclipse.debug - 5] ISysAbstractDsfService : ***  1994954.6663  ***  ISysCommandControl initialization(sub) finished.
1994931 INFO  [si.isystem.eclipse.debug - 5] ISysAbstractDsfService : ***  1994954.6893  ***  ISysRunControl initialization(super) started.
1994932 INFO  [si.isystem.eclipse.debug - 5] ISysAbstractDsfService : ***  1994956.0506  ***  ISysRunControl initialization(super) finished.
1994932 INFO  [si.isystem.eclipse.debug - 5] ISysAbstractDsfService : ***  1994956.0751  ***  ISysRunControl initialization(main) started.
1994932 INFO  [si.isystem.eclipse.debug - 5] ISysAbstractDsfService : ***  1994956.0945  ***  ISysRunControl specified as service event listener (method: eventDispatched)
1994932 INFO  [si.isystem.eclipse.debug - 5] ISysAbstractDsfService : ***  1994956.118  ***  ISysRunControl initialization(main) finished.
1994934 INFO  [si.isystem.eclipse.debug - 5] ISysAbstractDsfService : ***  1994957.2888  ***  ISysRunControl initialization(sub) finished.
1994934 INFO  [si.isystem.eclipse.debug - 5] ISysAbstractDsfService : ***  1994957.3363  ***  ISysStackService initialization(super) started.
1994934 INFO  [si.isystem.eclipse.debug - 5] ISysAbstractDsfService : ***  1994957.5584  ***  ISysStackService initialization(super) finished.
1994934 INFO  [si.isystem.eclipse.debug - 5] ISysAbstractDsfService : ***  1994957.5731  ***  ISysStackService initialization(main) started.
1994934 INFO  [si.isystem.eclipse.debug - 5] ISysAbstractDsfService : ***  1994957.5867  ***  ISysStackService specified as service event listener (method: eventDispatched)
1994934 INFO  [si.isystem.eclipse.debug - 5] ISysAbstractDsfService : ***  1994957.6057  ***  ISysStackService initialization(main) finished.
1994934 INFO  [si.isystem.eclipse.debug - 5] ISysAbstractDsfService : ***  1994957.615  ***  ISysStackService initialization(sub) finished.
1994934 INFO  [si.isystem.eclipse.debug - 5] ISysAbstractDsfService : ***  1994957.6313  ***  ISysMemoryService initialization(super) started.
1994934 INFO  [si.isystem.eclipse.debug - 5] ISysAbstractDsfService : ***  1994957.6685  ***  Starting Memory Service sub-initialization sequence.
1994934 INFO  [si.isystem.eclipse.debug - 5] ISysAbstractDsfService : ***  1994957.6808  ***  ISysMemoryService initialization(super) finished.
1994934 INFO  [si.isystem.eclipse.debug - 5] ISysAbstractDsfService : ***  1994957.6882  ***  ISysMemoryService initialization(main) started.
1994934 INFO  [si.isystem.eclipse.debug - 5] ISysAbstractDsfService : ***  1994957.6989  ***  ISysMemoryService specified as service event listener (method: eventDispatched)
1994934 INFO  [si.isystem.eclipse.debug - 5] ISysAbstractDsfService : ***  1994957.7124  ***  ISysMemoryService initialization(main) finished.
1994934 INFO  [si.isystem.eclipse.debug - 5] ISysAbstractDsfService : ***  1994957.7327  ***  Initializing Memory Service block retrieval.
1994935 INFO  [si.isystem.eclipse.debug - 5] ISysAbstractDsfService : ***  1994959.0416  ***  Memory Service block retrieval initialized.
1994935 INFO  [si.isystem.eclipse.debug - 5] ISysAbstractDsfService : ***  1994959.0783  ***  Loading memory area properties.
1994936 INFO  [si.isystem.eclipse.debug - 5] ISysAbstractDsfService : ***  1994960.187  ***  Adding 1 memory blocks.
1994936 INFO  [si.isystem.eclipse.debug - 5] ISysAbstractDsfService : ***  1994960.2386  ***  Block 'Virtual' [00000000:ffffffff] MAU=8 visible
1994936 INFO  [si.isystem.eclipse.debug - 5] ISysAbstractDsfService : ***  1994960.2493  ***  Memory Service block retrieval initialized.
1994937 INFO  [si.isystem.eclipse.debug - 5] ISysAbstractDsfService : ***  1994960.2654  ***  Registering memory model adapter and service.
1994937 INFO  [si.isystem.eclipse.debug - 5] ISysAbstractDsfService : ***  1994960.548  ***  Memory model adapter and service registered.
1994937 INFO  [si.isystem.eclipse.debug - 5] ISysAbstractDsfService : ***  1994960.5715  ***  ISysMemoryService initialization(sub) finished.
1994937 INFO  [si.isystem.eclipse.debug - 5] ISysAbstractDsfService : ***  1994960.5875  ***  ISysSourceLookupService initialization(super) started.
1994937 INFO  [si.isystem.eclipse.debug - 5] ISysAbstractDsfService : ***  1994960.7347  ***  ISysSourceLookupService initialization(super) finished.
1994937 INFO  [si.isystem.eclipse.debug - 5] ISysAbstractDsfService : ***  1994960.7473  ***  ISysSourceLookupService initialization(main) started.
1994937 INFO  [si.isystem.eclipse.debug - 5] ISysAbstractDsfService : ***  1994960.7615  ***  ISysSourceLookupService initialization(main) finished.
1994937 INFO  [si.isystem.eclipse.debug - 5] ISysAbstractDsfService : ***  1994960.7702  ***  ISysSourceLookupService initialization(sub) finished.
1994937 INFO  [si.isystem.eclipse.debug - 5] ISysAbstractDsfService : ***  1994960.7821  ***  ISysExpressionsService initialization(super) started.
1994937 INFO  [si.isystem.eclipse.debug - 5] ISysAbstractDsfService : ***  1994960.9036  ***  ISysExpressionsService initialization(super) finished.
1994937 INFO  [si.isystem.eclipse.debug - 5] ISysAbstractDsfService : ***  1994960.9159  ***  ISysExpressionsService initialization(main) started.
1994937 INFO  [si.isystem.eclipse.debug - 5] ISysAbstractDsfService : ***  1994960.9266  ***  ISysExpressionsService specified as service event listener (method: eventDispatched)
1994937 INFO  [si.isystem.eclipse.debug - 5] ISysAbstractDsfService : ***  1994960.9433  ***  ISysExpressionsService initialization(main) finished.
1994937 INFO  [si.isystem.eclipse.debug - 5] ISysAbstractDsfService : ***  1994960.9519  ***  ISysExpressionsService initialization(sub) finished.
1994937 INFO  [si.isystem.eclipse.debug - 5] ISysAbstractDsfService : ***  1994960.9644  ***  ISysRegistersService initialization(super) started.
1994938 INFO  [si.isystem.eclipse.debug - 5] ISysAbstractDsfService : ***  1994961.3252  ***  ISysRegistersService initialization(super) finished.
1994938 INFO  [si.isystem.eclipse.debug - 5] ISysAbstractDsfService : ***  1994961.34  ***  ISysRegistersService initialization(main) started.
1994938 INFO  [si.isystem.eclipse.debug - 5] ISysAbstractDsfService : ***  1994961.3528  ***  ISysRegistersService specified as service event listener (method: eventDispatched)
1994938 INFO  [si.isystem.eclipse.debug - 5] ISysAbstractDsfService : ***  1994961.3686  ***  ISysRegistersService initialization(main) finished.
1994938 INFO  [si.isystem.eclipse.debug - 5] ISysAbstractDsfService : ***  1994961.378  ***  ISysRegistersService initialization(sub) finished.
1994938 INFO  [si.isystem.eclipse.debug - 5] ISysAbstractDsfService : ***  1994961.39  ***  ISysDisassemblyService initialization(super) started.
1994938 INFO  [si.isystem.eclipse.debug - 5] ISysAbstractDsfService : ***  1994961.5895  ***  ISysDisassemblyService initialization(super) finished.
1994938 INFO  [si.isystem.eclipse.debug - 5] ISysAbstractDsfService : ***  1994961.6064  ***  ISysDisassemblyService initialization(main) started.
1994938 INFO  [si.isystem.eclipse.debug - 5] ISysAbstractDsfService : ***  1994961.6441  ***  ISysDisassemblyService initialization(main) finished.
1994938 INFO  [si.isystem.eclipse.debug - 5] ISysAbstractDsfService : ***  1994961.6536  ***  ISysDisassemblyService initialization(sub) finished.
1994938 INFO  [si.isystem.eclipse.debug - 5] ISysAbstractDsfService : ***  1994961.6826  ***  ISysSfrService initialization(super) started.
1994938 INFO  [si.isystem.eclipse.debug - 5] ISysAbstractDsfService : ***  1994961.7813  ***  ISysSfrService initialization(super) finished.
1994938 INFO  [si.isystem.eclipse.debug - 5] ISysAbstractDsfService : ***  1994961.7936  ***  ISysSfrService initialization(main) started.
1994938 INFO  [si.isystem.eclipse.debug - 5] ISysAbstractDsfService : ***  1994961.8039  ***  ISysSfrService specified as service event listener (method: eventDispatched)
1994938 INFO  [si.isystem.eclipse.debug - 5] ISysAbstractDsfService : ***  1994961.8177  ***  ISysSfrService initialization(main) finished.
1995350 INFO  [si.isystem.eclipse.debug - 5] ISysAbstractDsfService : ***  1995372.6685  ***  ISysSfrService initialization(sub) finished.
1995353 INFO  [si.isystem.eclipse.debug - 5] ISysAbstractDsfService : ***  1995375.5788  ***  ISysRteService initialization(super) started.
1995353 INFO  [si.isystem.eclipse.debug - 5] ISysAbstractDsfService : ***  1995375.7781  ***  ISysRteService initialization(super) finished.
1995353 INFO  [si.isystem.eclipse.debug - 5] ISysAbstractDsfService : ***  1995375.7934  ***  ISysRteService initialization(main) started.
1995353 INFO  [si.isystem.eclipse.debug - 5] ISysAbstractDsfService : ***  1995375.8068  ***  ISysRteService specified as service event listener (method: eventDispatched)
1995353 INFO  [si.isystem.eclipse.debug - 5] ISysAbstractDsfService : ***  1995375.8258  ***  ISysRteService initialization(main) finished.
1995353 INFO  [si.isystem.eclipse.debug - 5] ISysAbstractDsfService : ***  1995375.835  ***  ISysRteService initialization(sub) finished.
1995353 INFO  [si.isystem.eclipse.debug - 5] ISysAbstractDsfService : ***  1995375.847  ***  ISysBreakpointService initialization(super) started.
1995353 INFO  [si.isystem.eclipse.debug - 5] ISysAbstractDsfService : ***  1995375.9461  ***  ISysBreakpointService initialization(super) finished.
1995353 INFO  [si.isystem.eclipse.debug - 5] ISysAbstractDsfService : ***  1995375.9576  ***  ISysBreakpointService initialization(main) started.
1995353 INFO  [si.isystem.eclipse.debug - 5] ISysAbstractDsfService : ***  1995375.9685  ***  ISysBreakpointService specified as service event listener (method: eventDispatched)
1995353 INFO  [si.isystem.eclipse.debug - 5] ISysAbstractDsfService : ***  1995375.9827  ***  ISysBreakpointService initialization(main) finished.
1995353 INFO  [si.isystem.eclipse.debug - 5] ISysAbstractDsfService : ***  1995375.9911  ***  ISysBreakpointService initialization(sub) finished.
1995354 INFO  [si.isystem.eclipse.debug - 5] ISysLaunch : ***  1995376.9897  ***  Services initialization sequence completed
2213038 INFO  [Worker-10: Command Executor Job] ISysAbstractDsfService : ***  2213061.9313  ***  ISysCommandControl command dequeued - exiting command processing loop
2213038 INFO  [si.isystem.eclipse.debug - 5] ISysAbstractCommand : ***  2213061.9864  ***  Processing the last command to be processed: si.isystem.dsf.control.commands.ISysCmdMiscTerminateDebugger
2213038 INFO  [si.isystem.eclipse.debug - 5] ISysAbstractDsfService : ***  2213062.0437  ***  Command Control was shut down - cancelling remaining commands in queue.
2213038 INFO  [si.isystem.eclipse.debug - 5] ISysAbstractDsfService : ***  2213062.056  ***  Command Controll queue is empty and closed.
2213039 INFO  [si.isystem.eclipse.debug - 5] ISysAbstractDsfService : ***  2213062.2926  ***  ISysBreakpointService shutdown(super) started.
2213039 INFO  [si.isystem.eclipse.debug - 5] ISysAbstractDsfService : ***  2213062.3136  ***  ISysBreakpointService shutdown(super) finished.
2213039 INFO  [si.isystem.eclipse.debug - 5] ISysAbstractDsfService : ***  2213062.3217  ***  ISysBreakpointService shutdown(main) started.
2213039 INFO  [si.isystem.eclipse.debug - 5] ISysAbstractDsfService : ***  2213062.3307  ***  ISysBreakpointService removed from service event listener list
2213039 INFO  [si.isystem.eclipse.debug - 5] ISysAbstractDsfService : ***  2213062.4204  ***  ISysBreakpointService shutdown(main) finished.
2213039 INFO  [si.isystem.eclipse.debug - 5] ISysAbstractDsfService : ***  2213062.4328  ***  ISysBreakpointService shutdown(sub) finished.
2213039 INFO  [si.isystem.eclipse.debug - 5] ISysAbstractDsfService : ***  2213062.4507  ***  ISysRteService shutdown(super) started.
2213039 INFO  [si.isystem.eclipse.debug - 5] ISysAbstractDsfService : ***  2213062.4675  ***  ISysRteService shutdown(super) finished.
2213039 INFO  [si.isystem.eclipse.debug - 5] ISysAbstractDsfService : ***  2213062.4748  ***  ISysRteService shutdown(main) started.
2213039 INFO  [si.isystem.eclipse.debug - 5] ISysAbstractDsfService : ***  2213062.4824  ***  ISysRteService removed from service event listener list
2213039 INFO  [si.isystem.eclipse.debug - 5] ISysAbstractDsfService : ***  2213062.553  ***  ISysRteService shutdown(main) finished.
2213039 INFO  [si.isystem.eclipse.debug - 5] ISysAbstractDsfService : ***  2213062.597  ***  ISysRteService shutdown(sub) finished.
2213039 INFO  [si.isystem.eclipse.debug - 5] ISysAbstractDsfService : ***  2213062.6149  ***  ISysSfrService shutdown(super) started.
2213039 INFO  [si.isystem.eclipse.debug - 5] ISysAbstractDsfService : ***  2213062.6307  ***  ISysSfrService shutdown(super) finished.
2213039 INFO  [si.isystem.eclipse.debug - 5] ISysAbstractDsfService : ***  2213062.6385  ***  ISysSfrService shutdown(main) started.
2213039 INFO  [si.isystem.eclipse.debug - 5] ISysAbstractDsfService : ***  2213062.6461  ***  ISysSfrService removed from service event listener list
2213039 INFO  [si.isystem.eclipse.debug - 5] ISysAbstractDsfService : ***  2213062.7218  ***  ISysSfrService shutdown(main) finished.
2213039 INFO  [si.isystem.eclipse.debug - 5] ISysAbstractDsfService : ***  2213062.7467  ***  ISysSfrService shutdown(sub) finished.
2213039 INFO  [si.isystem.eclipse.debug - 5] ISysAbstractDsfService : ***  2213062.7634  ***  ISysDisassemblyService shutdown(super) started.
2213039 INFO  [si.isystem.eclipse.debug - 5] ISysAbstractDsfService : ***  2213062.7782  ***  ISysDisassemblyService shutdown(super) finished.
2213039 INFO  [si.isystem.eclipse.debug - 5] ISysAbstractDsfService : ***  2213062.7855  ***  ISysDisassemblyService shutdown(main) started.
2213039 INFO  [si.isystem.eclipse.debug - 5] ISysAbstractDsfService : ***  2213062.8692  ***  ISysDisassemblyService shutdown(main) finished.
2213039 INFO  [si.isystem.eclipse.debug - 5] ISysAbstractDsfService : ***  2213062.8821  ***  ISysDisassemblyService shutdown(sub) finished.
2213039 INFO  [si.isystem.eclipse.debug - 5] ISysAbstractDsfService : ***  2213062.8979  ***  ISysRegistersService shutdown(super) started.
2213039 INFO  [si.isystem.eclipse.debug - 5] ISysAbstractDsfService : ***  2213062.9116  ***  ISysRegistersService shutdown(super) finished.
2213039 INFO  [si.isystem.eclipse.debug - 5] ISysAbstractDsfService : ***  2213062.9189  ***  ISysRegistersService shutdown(main) started.
2213039 INFO  [si.isystem.eclipse.debug - 5] ISysAbstractDsfService : ***  2213062.9267  ***  ISysRegistersService removed from service event listener list
2213039 INFO  [si.isystem.eclipse.debug - 5] ISysAbstractDsfService : ***  2213063.0348  ***  ISysRegistersService shutdown(main) finished.
2213039 INFO  [si.isystem.eclipse.debug - 5] ISysAbstractDsfService : ***  2213063.0452  ***  ISysRegistersService shutdown(sub) finished.
2213039 INFO  [si.isystem.eclipse.debug - 5] ISysAbstractDsfService : ***  2213063.0606  ***  ISysExpressionsService shutdown(super) started.
2213039 INFO  [si.isystem.eclipse.debug - 5] ISysAbstractDsfService : ***  2213063.0748  ***  ISysExpressionsService shutdown(super) finished.
2213039 INFO  [si.isystem.eclipse.debug - 5] ISysAbstractDsfService : ***  2213063.0822  ***  ISysExpressionsService shutdown(main) started.
2213039 INFO  [si.isystem.eclipse.debug - 5] ISysAbstractDsfService : ***  2213063.0897  ***  ISysExpressionsService removed from service event listener list
2213040 INFO  [si.isystem.eclipse.debug - 5] ISysAbstractDsfService : ***  2213063.265  ***  ISysExpressionsService shutdown(main) finished.
2213040 INFO  [si.isystem.eclipse.debug - 5] ISysAbstractDsfService : ***  2213063.2793  ***  ISysExpressionsService shutdown(sub) finished.
2213040 INFO  [si.isystem.eclipse.debug - 5] ISysAbstractDsfService : ***  2213063.2971  ***  ISysSourceLookupService shutdown(super) started.
2213040 INFO  [si.isystem.eclipse.debug - 5] ISysAbstractDsfService : ***  2213063.3106  ***  ISysSourceLookupService shutdown(super) finished.
2213040 INFO  [si.isystem.eclipse.debug - 5] ISysAbstractDsfService : ***  2213063.3178  ***  ISysSourceLookupService shutdown(main) started.
2213040 INFO  [si.isystem.eclipse.debug - 5] ISysAbstractDsfService : ***  2213063.3932  ***  ISysSourceLookupService shutdown(main) finished.
2213040 INFO  [si.isystem.eclipse.debug - 5] ISysAbstractDsfService : ***  2213063.4036  ***  ISysSourceLookupService shutdown(sub) finished.
2213040 INFO  [si.isystem.eclipse.debug - 5] ISysAbstractDsfService : ***  2213063.4185  ***  ISysMemoryService shutdown(super) started.
2213040 INFO  [si.isystem.eclipse.debug - 5] ISysAbstractDsfService : ***  2213063.4325  ***  ISysMemoryService shutdown(super) finished.
2213040 INFO  [si.isystem.eclipse.debug - 5] ISysAbstractDsfService : ***  2213063.4401  ***  ISysMemoryService shutdown(main) started.
2213040 INFO  [si.isystem.eclipse.debug - 5] ISysAbstractDsfService : ***  2213063.448  ***  ISysMemoryService removed from service event listener list
2213040 INFO  [si.isystem.eclipse.debug - 5] ISysAbstractDsfService : ***  2213063.5319  ***  ISysMemoryService shutdown(main) finished.
2213040 INFO  [si.isystem.eclipse.debug - 5] ISysAbstractDsfService : ***  2213063.5419  ***  ISysMemoryService shutdown(sub) finished.
2213040 INFO  [si.isystem.eclipse.debug - 5] ISysAbstractDsfService : ***  2213063.5537  ***  ISysStackService shutdown(super) started.
2213040 INFO  [si.isystem.eclipse.debug - 5] ISysAbstractDsfService : ***  2213063.5703  ***  ISysStackService shutdown(super) finished.
2213040 INFO  [si.isystem.eclipse.debug - 5] ISysAbstractDsfService : ***  2213063.578  ***  ISysStackService shutdown(main) started.
2213040 INFO  [si.isystem.eclipse.debug - 5] ISysAbstractDsfService : ***  2213063.5856  ***  ISysStackService removed from service event listener list
2213040 INFO  [si.isystem.eclipse.debug - 5] ISysAbstractDsfService : ***  2213063.6649  ***  ISysStackService shutdown(main) finished.
2213040 INFO  [si.isystem.eclipse.debug - 5] ISysAbstractDsfService : ***  2213063.6747  ***  ISysStackService shutdown(sub) finished.
2213040 INFO  [si.isystem.eclipse.debug - 5] ISysAbstractDsfService : ***  2213063.6865  ***  ISysRunControl shutdown(super) started.
2213040 INFO  [si.isystem.eclipse.debug - 5] ISysAbstractDsfService : ***  2213063.6991  ***  ISysRunControl shutdown(super) finished.
2213040 INFO  [si.isystem.eclipse.debug - 5] ISysAbstractDsfService : ***  2213063.7062  ***  ISysRunControl shutdown(main) started.
2213040 INFO  [si.isystem.eclipse.debug - 5] ISysAbstractDsfService : ***  2213063.7139  ***  ISysRunControl removed from service event listener list
2213040 INFO  [si.isystem.eclipse.debug - 5] ISysAbstractDsfService : ***  2213063.7918  ***  ISysRunControl shutdown(main) finished.
2213040 INFO  [si.isystem.eclipse.debug - 5] ISysAbstractDsfService : ***  2213063.8012  ***  ISysRunControl shutdown(sub) finished.
2213040 INFO  [si.isystem.eclipse.debug - 5] ISysAbstractDsfService : ***  2213063.812  ***  ISysCommandControl shutdown(super) started.
2213040 INFO  [si.isystem.eclipse.debug - 5] ISysAbstractDsfService : ***  2213063.8249  ***  ISysCommandControl shutdown(super) finished.
2213040 INFO  [si.isystem.eclipse.debug - 5] ISysAbstractDsfService : ***  2213063.8321  ***  ISysCommandControl shutdown(main) started.
2213040 INFO  [si.isystem.eclipse.debug - 5] ISysAbstractDsfService : ***  2213063.9133  ***  ISysCommandControl shutdown(main) finished.
2213040 INFO  [si.isystem.eclipse.debug - 5] ISysAbstractDsfService : ***  2213063.9249  ***  ISysCommandControl shutdown(sub) finished.
2213040 INFO  [si.isystem.eclipse.debug - 5] ISysAbstractDsfService : ***  2213063.9423  ***  ISysConnectionService shutdown(super) started.
2213040 INFO  [si.isystem.eclipse.debug - 5] IConnectProxy : ***  2213063.9856  ***  Shutting down iConnect for cores: [I@db66fbd
2213040 INFO  [si.isystem.eclipse.debug - 5] IConnectProxy : ***  2213064.0006  ***  Disconnecting from and closing winIDEA on core 0.
2213076 INFO  [si.isystem.eclipse.debug - 5] ISysAbstractDsfService : ***  2213099.3482  ***  ISysConnectionService shutdown(super) finished.
2213076 INFO  [si.isystem.eclipse.debug - 5] ISysAbstractDsfService : ***  2213099.418  ***  ISysConnectionService shutdown(main) started.
2213076 INFO  [si.isystem.eclipse.debug - 5] ISysAbstractDsfService : ***  2213099.4397  ***  ISysConnectionService shutdown(main) finished.
2213076 INFO  [si.isystem.eclipse.debug - 5] ISysAbstractDsfService : ***  2213099.4481  ***  ISysConnectionService shutdown(sub) finished.
2213076 INFO  [si.isystem.eclipse.debug - 5] ISysLaunch : ***  2213099.4915  ***  Debug services shutdown completed.
2235592 INFO  [si.isystem.eclipse.debug - 6] ISysAbstractDsfService : ***  2235614.9227  ***  ISysConnectionService initialization(super) started.
2235592 INFO  [si.isystem.eclipse.debug - 6] IConLaunchManager : ***  2235615.1864  ***  
Starting debug session using launch configuration paramenters: 
 - Launch name = 'TC275-LED TriCore Debug (TASKING)'
 - Project name = 'TC275-LED'
 - Project path = 'D:/Project/Aurix-TC275/TC275-LED'
 - Output file = 'TriCore Debug (TASKING)\TC275-LED.elf'
 - Stop on startup = 'true'
 - Stop on startup location = 'core0_main'
 - Verbose mode = false' - winIDEA visible = 'false'
 - Bring winIDEA to top = 'true'
 - Verify download = 'true'
 - Analyze source files = 'false'
 - Shutdown winIDEA at terminate session = 'true'
 - winIDEA workspace path = '.ads/winIDEAWorkspaces/TriCore-Debug-(TASKING)/ADS.xjrf'
 - full winIDEA workspace path = 'D:\Project\Aurix-TC275\TC275-LED\.ads\winIDEAWorkspaces\TriCore-Debug-(TASKING)\ADS.xjrf'
 - Device = 'TC275T'
 - Hardware = 'IFX_DAS'
 - Communication = 'USB'
 - Hardware debugger = ''
 - Image check = 'Default'
 - Create SMP = 'true'
 - After download action = 'none'
 - After download symbol = ''

2235592 INFO  [si.isystem.eclipse.debug - 6] ISysSessionManager : ***  2235615.2712  ***  Setting winIDEA workspace path to 'D:\Project\Aurix-TC275\TC275-LED\.ads\winIDEAWorkspaces\TriCore-Debug-(TASKING)\ADS.xjrf'
2235592 INFO  [si.isystem.eclipse.debug - 6] ISysSessionManager : ***  2235615.3724  ***  Connecting to winIDEA 'C:\Infineon\AURIX-Studio-1.10.16\winIDEA\' with workspace 'D:\Project\Aurix-TC275\TC275-LED\.ads\winIDEAWorkspaces\TriCore-Debug-(TASKING)\ADS.xjrf', winIDEA-ID: 'com.tasking.winIDEA.instance.id-TC275-LED TriCore Debug (TASKING)', visible: false, CLI args: '/HideCrashDumpMessage'
2236315 INFO  [si.isystem.eclipse.debug - 6] ISysSessionManager : ***  2236338.3191  ***  Connected to winIDEA and setup workspace.
2236315 INFO  [si.isystem.eclipse.debug - 6] ISysSessionManager : ***  2236338.3671  ***  Version of isystem.connect for Java: 9.21.334.0
2236315 INFO  [si.isystem.eclipse.debug - 6] ISysSessionManager : ***  2236338.4097  ***  Version of isystem.connect DLL: 9.21.334.0.0
2236316 INFO  [si.isystem.eclipse.debug - 6] ISysSessionManager : ***  2236338.7431  ***  Version of winIDEA: 9.21.338.0.218131
2236316 INFO  [si.isystem.eclipse.debug - 6] ISysSessionManager : ***  2236338.7621  ***  Downloading ...
2237596 INFO  [si.isystem.eclipse.debug - 6] ISysSessionManager : ***  2237619.5097  ***  Downloading finished.
2237653 INFO  [si.isystem.eclipse.debug - 6] IConLaunchManager : ***  2237676.3661  ***  Connected to target.
2237653 INFO  [si.isystem.eclipse.debug - 6] IConLaunchManager : ***  2237676.4067  ***  Log level set to INFO
2237695 INFO  [si.isystem.eclipse.debug - 6] ISysAbstractDsfService : ***  2237718.884  ***  ISysConnectionService initialization(super) finished.
2237696 INFO  [si.isystem.eclipse.debug - 6] ISysAbstractDsfService : ***  2237718.9298  ***  ISysConnectionService initialization(main) started.
2237696 INFO  [si.isystem.eclipse.debug - 6] ISysAbstractDsfService : ***  2237718.9482  ***  ISysConnectionService initialization(main) finished.
2237696 INFO  [si.isystem.eclipse.debug - 6] ISysAbstractDsfService : ***  2237718.9583  ***  ISysConnectionService initialization(sub) finished.
2237696 INFO  [si.isystem.eclipse.debug - 6] ISysAbstractDsfService : ***  2237718.978  ***  ISysCommandControl initialization(super) started.
2237696 INFO  [Worker-10: Command Executor Job] ISysAbstractDsfService : ***  2237719.0426  ***  Command Executor Job started.
2237696 INFO  [si.isystem.eclipse.debug - 6] ISysAbstractDsfService : ***  2237719.1163  ***  ISysCommandControl initialization(super) finished.
2237696 INFO  [si.isystem.eclipse.debug - 6] ISysAbstractDsfService : ***  2237719.1282  ***  ISysCommandControl initialization(main) started.
2237696 INFO  [si.isystem.eclipse.debug - 6] ISysAbstractDsfService : ***  2237719.1406  ***  ISysCommandControl initialization(main) finished.
2237696 INFO  [si.isystem.eclipse.debug - 6] ISysAbstractDsfService : ***  2237719.1503  ***  ISysCommandControl initialization(sub) finished.
2237696 INFO  [si.isystem.eclipse.debug - 6] ISysAbstractDsfService : ***  2237719.1643  ***  ISysRunControl initialization(super) started.
2237697 INFO  [si.isystem.eclipse.debug - 6] ISysAbstractDsfService : ***  2237720.6336  ***  ISysRunControl initialization(super) finished.
2237697 INFO  [si.isystem.eclipse.debug - 6] ISysAbstractDsfService : ***  2237720.6553  ***  ISysRunControl initialization(main) started.
2237697 INFO  [si.isystem.eclipse.debug - 6] ISysAbstractDsfService : ***  2237720.6715  ***  ISysRunControl specified as service event listener (method: eventDispatched)
2237697 INFO  [si.isystem.eclipse.debug - 6] ISysAbstractDsfService : ***  2237720.6926  ***  ISysRunControl initialization(main) finished.
2237698 INFO  [si.isystem.eclipse.debug - 6] ISysAbstractDsfService : ***  2237721.5883  ***  ISysRunControl initialization(sub) finished.
2237698 INFO  [si.isystem.eclipse.debug - 6] ISysAbstractDsfService : ***  2237721.6167  ***  ISysStackService initialization(super) started.
2237698 INFO  [si.isystem.eclipse.debug - 6] ISysAbstractDsfService : ***  2237721.7838  ***  ISysStackService initialization(super) finished.
2237698 INFO  [si.isystem.eclipse.debug - 6] ISysAbstractDsfService : ***  2237721.7966  ***  ISysStackService initialization(main) started.
2237698 INFO  [si.isystem.eclipse.debug - 6] ISysAbstractDsfService : ***  2237721.8112  ***  ISysStackService specified as service event listener (method: eventDispatched)
2237698 INFO  [si.isystem.eclipse.debug - 6] ISysAbstractDsfService : ***  2237721.8282  ***  ISysStackService initialization(main) finished.
2237698 INFO  [si.isystem.eclipse.debug - 6] ISysAbstractDsfService : ***  2237721.8367  ***  ISysStackService initialization(sub) finished.
2237698 INFO  [si.isystem.eclipse.debug - 6] ISysAbstractDsfService : ***  2237721.8494  ***  ISysMemoryService initialization(super) started.
2237698 INFO  [si.isystem.eclipse.debug - 6] ISysAbstractDsfService : ***  2237721.88  ***  Starting Memory Service sub-initialization sequence.
2237698 INFO  [si.isystem.eclipse.debug - 6] ISysAbstractDsfService : ***  2237721.8907  ***  ISysMemoryService initialization(super) finished.
2237698 INFO  [si.isystem.eclipse.debug - 6] ISysAbstractDsfService : ***  2237721.8978  ***  ISysMemoryService initialization(main) started.
2237698 INFO  [si.isystem.eclipse.debug - 6] ISysAbstractDsfService : ***  2237721.9072  ***  ISysMemoryService specified as service event listener (method: eventDispatched)
2237698 INFO  [si.isystem.eclipse.debug - 6] ISysAbstractDsfService : ***  2237721.9204  ***  ISysMemoryService initialization(main) finished.
2237698 INFO  [si.isystem.eclipse.debug - 6] ISysAbstractDsfService : ***  2237721.9376  ***  Initializing Memory Service block retrieval.
2237700 INFO  [si.isystem.eclipse.debug - 6] ISysAbstractDsfService : ***  2237723.2127  ***  Memory Service block retrieval initialized.
2237700 INFO  [si.isystem.eclipse.debug - 6] ISysAbstractDsfService : ***  2237723.2618  ***  Loading memory area properties.
2237701 INFO  [si.isystem.eclipse.debug - 6] ISysAbstractDsfService : ***  2237724.3126  ***  Adding 1 memory blocks.
2237701 INFO  [si.isystem.eclipse.debug - 6] ISysAbstractDsfService : ***  2237724.3755  ***  Block 'Virtual' [00000000:ffffffff] MAU=8 visible
2237701 INFO  [si.isystem.eclipse.debug - 6] ISysAbstractDsfService : ***  2237724.3885  ***  Memory Service block retrieval initialized.
2237701 INFO  [si.isystem.eclipse.debug - 6] ISysAbstractDsfService : ***  2237724.4025  ***  Registering memory model adapter and service.
2237701 INFO  [si.isystem.eclipse.debug - 6] ISysAbstractDsfService : ***  2237724.6614  ***  Memory model adapter and service registered.
2237701 INFO  [si.isystem.eclipse.debug - 6] ISysAbstractDsfService : ***  2237724.679  ***  ISysMemoryService initialization(sub) finished.
2237701 INFO  [si.isystem.eclipse.debug - 6] ISysAbstractDsfService : ***  2237724.6937  ***  ISysSourceLookupService initialization(super) started.
2237701 INFO  [si.isystem.eclipse.debug - 6] ISysAbstractDsfService : ***  2237724.7937  ***  ISysSourceLookupService initialization(super) finished.
2237701 INFO  [si.isystem.eclipse.debug - 6] ISysAbstractDsfService : ***  2237724.805  ***  ISysSourceLookupService initialization(main) started.
2237701 INFO  [si.isystem.eclipse.debug - 6] ISysAbstractDsfService : ***  2237724.8189  ***  ISysSourceLookupService initialization(main) finished.
2237701 INFO  [si.isystem.eclipse.debug - 6] ISysAbstractDsfService : ***  2237724.8266  ***  ISysSourceLookupService initialization(sub) finished.
2237701 INFO  [si.isystem.eclipse.debug - 6] ISysAbstractDsfService : ***  2237724.8411  ***  ISysExpressionsService initialization(super) started.
2237702 INFO  [si.isystem.eclipse.debug - 6] ISysAbstractDsfService : ***  2237724.967  ***  ISysExpressionsService initialization(super) finished.
2237702 INFO  [si.isystem.eclipse.debug - 6] ISysAbstractDsfService : ***  2237724.9812  ***  ISysExpressionsService initialization(main) started.
2237702 INFO  [si.isystem.eclipse.debug - 6] ISysAbstractDsfService : ***  2237724.992  ***  ISysExpressionsService specified as service event listener (method: eventDispatched)
2237702 INFO  [si.isystem.eclipse.debug - 6] ISysAbstractDsfService : ***  2237725.0174  ***  ISysExpressionsService initialization(main) finished.
2237702 INFO  [si.isystem.eclipse.debug - 6] ISysAbstractDsfService : ***  2237725.0261  ***  ISysExpressionsService initialization(sub) finished.
2237702 INFO  [si.isystem.eclipse.debug - 6] ISysAbstractDsfService : ***  2237725.0381  ***  ISysRegistersService initialization(super) started.
2237702 INFO  [si.isystem.eclipse.debug - 6] ISysAbstractDsfService : ***  2237725.4383  ***  ISysRegistersService initialization(super) finished.
2237702 INFO  [si.isystem.eclipse.debug - 6] ISysAbstractDsfService : ***  2237725.4585  ***  ISysRegistersService initialization(main) started.
2237702 INFO  [si.isystem.eclipse.debug - 6] ISysAbstractDsfService : ***  2237725.4719  ***  ISysRegistersService specified as service event listener (method: eventDispatched)
2237702 INFO  [si.isystem.eclipse.debug - 6] ISysAbstractDsfService : ***  2237725.4885  ***  ISysRegistersService initialization(main) finished.
2237702 INFO  [si.isystem.eclipse.debug - 6] ISysAbstractDsfService : ***  2237725.497  ***  ISysRegistersService initialization(sub) finished.
2237702 INFO  [si.isystem.eclipse.debug - 6] ISysAbstractDsfService : ***  2237725.5099  ***  ISysDisassemblyService initialization(super) started.
2237702 INFO  [si.isystem.eclipse.debug - 6] ISysAbstractDsfService : ***  2237725.7822  ***  ISysDisassemblyService initialization(super) finished.
2237702 INFO  [si.isystem.eclipse.debug - 6] ISysAbstractDsfService : ***  2237725.8013  ***  ISysDisassemblyService initialization(main) started.
2237702 INFO  [si.isystem.eclipse.debug - 6] ISysAbstractDsfService : ***  2237725.8187  ***  ISysDisassemblyService initialization(main) finished.
2237702 INFO  [si.isystem.eclipse.debug - 6] ISysAbstractDsfService : ***  2237725.8293  ***  ISysDisassemblyService initialization(sub) finished.
2237702 INFO  [si.isystem.eclipse.debug - 6] ISysAbstractDsfService : ***  2237725.8428  ***  ISysSfrService initialization(super) started.
2237703 INFO  [si.isystem.eclipse.debug - 6] ISysAbstractDsfService : ***  2237725.967  ***  ISysSfrService initialization(super) finished.
2237703 INFO  [si.isystem.eclipse.debug - 6] ISysAbstractDsfService : ***  2237725.9791  ***  ISysSfrService initialization(main) started.
2237703 INFO  [si.isystem.eclipse.debug - 6] ISysAbstractDsfService : ***  2237725.9891  ***  ISysSfrService specified as service event listener (method: eventDispatched)
2237703 INFO  [si.isystem.eclipse.debug - 6] ISysAbstractDsfService : ***  2237726.0407  ***  ISysSfrService initialization(main) finished.
2238099 INFO  [si.isystem.eclipse.debug - 6] ISysAbstractDsfService : ***  2238122.1732  ***  ISysSfrService initialization(sub) finished.
2238101 INFO  [si.isystem.eclipse.debug - 6] ISysAbstractDsfService : ***  2238125.0267  ***  ISysRteService initialization(super) started.
2238101 INFO  [si.isystem.eclipse.debug - 6] ISysAbstractDsfService : ***  2238125.2074  ***  ISysRteService initialization(super) finished.
2238101 INFO  [si.isystem.eclipse.debug - 6] ISysAbstractDsfService : ***  2238125.22  ***  ISysRteService initialization(main) started.
2238101 INFO  [si.isystem.eclipse.debug - 6] ISysAbstractDsfService : ***  2238125.2334  ***  ISysRteService specified as service event listener (method: eventDispatched)
2238101 INFO  [si.isystem.eclipse.debug - 6] ISysAbstractDsfService : ***  2238125.2683  ***  ISysRteService initialization(main) finished.
2238101 INFO  [si.isystem.eclipse.debug - 6] ISysAbstractDsfService : ***  2238125.2765  ***  ISysRteService initialization(sub) finished.
2238101 INFO  [si.isystem.eclipse.debug - 6] ISysAbstractDsfService : ***  2238125.3018  ***  ISysBreakpointService initialization(super) started.
2238102 INFO  [si.isystem.eclipse.debug - 6] ISysAbstractDsfService : ***  2238125.442  ***  ISysBreakpointService initialization(super) finished.
2238102 INFO  [si.isystem.eclipse.debug - 6] ISysAbstractDsfService : ***  2238125.4561  ***  ISysBreakpointService initialization(main) started.
2238102 INFO  [si.isystem.eclipse.debug - 6] ISysAbstractDsfService : ***  2238125.467  ***  ISysBreakpointService specified as service event listener (method: eventDispatched)
2238102 INFO  [si.isystem.eclipse.debug - 6] ISysAbstractDsfService : ***  2238125.4783  ***  ISysBreakpointService initialization(main) finished.
2238102 INFO  [si.isystem.eclipse.debug - 6] ISysAbstractDsfService : ***  2238125.5039  ***  ISysBreakpointService initialization(sub) finished.
2238103 INFO  [si.isystem.eclipse.debug - 6] ISysLaunch : ***  2238126.6467  ***  Services initialization sequence completed
2647078 INFO  [Worker-10: Command Executor Job] ISysAbstractDsfService : ***  2647101.8729  ***  ISysCommandControl command dequeued - exiting command processing loop
2647078 INFO  [si.isystem.eclipse.debug - 6] ISysAbstractCommand : ***  2647101.9221  ***  Processing the last command to be processed: si.isystem.dsf.control.commands.ISysCmdMiscTerminateDebugger
2647078 INFO  [si.isystem.eclipse.debug - 6] ISysAbstractDsfService : ***  2647101.983299  ***  Command Control was shut down - cancelling remaining commands in queue.
2647078 INFO  [si.isystem.eclipse.debug - 6] ISysAbstractDsfService : ***  2647102.002  ***  Command Controll queue is empty and closed.
2647079 INFO  [si.isystem.eclipse.debug - 6] ISysAbstractDsfService : ***  2647102.3336  ***  ISysBreakpointService shutdown(super) started.
2647079 INFO  [si.isystem.eclipse.debug - 6] ISysAbstractDsfService : ***  2647102.3661  ***  ISysBreakpointService shutdown(super) finished.
2647079 INFO  [si.isystem.eclipse.debug - 6] ISysAbstractDsfService : ***  2647102.3826  ***  ISysBreakpointService shutdown(main) started.
2647079 INFO  [si.isystem.eclipse.debug - 6] ISysAbstractDsfService : ***  2647102.3993  ***  ISysBreakpointService removed from service event listener list
2647079 INFO  [si.isystem.eclipse.debug - 6] ISysAbstractDsfService : ***  2647102.5403  ***  ISysBreakpointService shutdown(main) finished.
2647079 INFO  [si.isystem.eclipse.debug - 6] ISysAbstractDsfService : ***  2647102.5575  ***  ISysBreakpointService shutdown(sub) finished.
2647079 INFO  [si.isystem.eclipse.debug - 6] ISysAbstractDsfService : ***  2647102.5837  ***  ISysRteService shutdown(super) started.
2647079 INFO  [si.isystem.eclipse.debug - 6] ISysAbstractDsfService : ***  2647102.6088  ***  ISysRteService shutdown(super) finished.
2647079 INFO  [si.isystem.eclipse.debug - 6] ISysAbstractDsfService : ***  2647102.6196  ***  ISysRteService shutdown(main) started.
2647079 INFO  [si.isystem.eclipse.debug - 6] ISysAbstractDsfService : ***  2647102.6334  ***  ISysRteService removed from service event listener list
2647079 INFO  [si.isystem.eclipse.debug - 6] ISysAbstractDsfService : ***  2647102.743699  ***  ISysRteService shutdown(main) finished.
2647079 INFO  [si.isystem.eclipse.debug - 6] ISysAbstractDsfService : ***  2647102.794299  ***  ISysRteService shutdown(sub) finished.
2647079 INFO  [si.isystem.eclipse.debug - 6] ISysAbstractDsfService : ***  2647102.8205  ***  ISysSfrService shutdown(super) started.
2647079 INFO  [si.isystem.eclipse.debug - 6] ISysAbstractDsfService : ***  2647102.844499  ***  ISysSfrService shutdown(super) finished.
2647079 INFO  [si.isystem.eclipse.debug - 6] ISysAbstractDsfService : ***  2647102.8564  ***  ISysSfrService shutdown(main) started.
2647079 INFO  [si.isystem.eclipse.debug - 6] ISysAbstractDsfService : ***  2647102.8696  ***  ISysSfrService removed from service event listener list
2647079 INFO  [si.isystem.eclipse.debug - 6] ISysAbstractDsfService : ***  2647102.9979  ***  ISysSfrService shutdown(main) finished.
2647079 INFO  [si.isystem.eclipse.debug - 6] ISysAbstractDsfService : ***  2647103.035099  ***  ISysSfrService shutdown(sub) finished.
2647079 INFO  [si.isystem.eclipse.debug - 6] ISysAbstractDsfService : ***  2647103.059699  ***  ISysDisassemblyService shutdown(super) started.
2647079 INFO  [si.isystem.eclipse.debug - 6] ISysAbstractDsfService : ***  2647103.0826  ***  ISysDisassemblyService shutdown(super) finished.
2647079 INFO  [si.isystem.eclipse.debug - 6] ISysAbstractDsfService : ***  2647103.0938  ***  ISysDisassemblyService shutdown(main) started.
2647080 INFO  [si.isystem.eclipse.debug - 6] ISysAbstractDsfService : ***  2647103.2306  ***  ISysDisassemblyService shutdown(main) finished.
2647080 INFO  [si.isystem.eclipse.debug - 6] ISysAbstractDsfService : ***  2647103.2485  ***  ISysDisassemblyService shutdown(sub) finished.
2647080 INFO  [si.isystem.eclipse.debug - 6] ISysAbstractDsfService : ***  2647103.2713  ***  ISysRegistersService shutdown(super) started.
2647080 INFO  [si.isystem.eclipse.debug - 6] ISysAbstractDsfService : ***  2647103.292899  ***  ISysRegistersService shutdown(super) finished.
2647080 INFO  [si.isystem.eclipse.debug - 6] ISysAbstractDsfService : ***  2647103.3038  ***  ISysRegistersService shutdown(main) started.
2647080 INFO  [si.isystem.eclipse.debug - 6] ISysAbstractDsfService : ***  2647103.316  ***  ISysRegistersService removed from service event listener list
2647080 INFO  [si.isystem.eclipse.debug - 6] ISysAbstractDsfService : ***  2647103.469899  ***  ISysRegistersService shutdown(main) finished.
2647080 INFO  [si.isystem.eclipse.debug - 6] ISysAbstractDsfService : ***  2647103.4858  ***  ISysRegistersService shutdown(sub) finished.
2647080 INFO  [si.isystem.eclipse.debug - 6] ISysAbstractDsfService : ***  2647103.5091  ***  ISysExpressionsService shutdown(super) started.
2647080 INFO  [si.isystem.eclipse.debug - 6] ISysAbstractDsfService : ***  2647103.5292  ***  ISysExpressionsService shutdown(super) finished.
2647080 INFO  [si.isystem.eclipse.debug - 6] ISysAbstractDsfService : ***  2647103.5424  ***  ISysExpressionsService shutdown(main) started.
2647080 INFO  [si.isystem.eclipse.debug - 6] ISysAbstractDsfService : ***  2647103.555899  ***  ISysExpressionsService removed from service event listener list
2647080 INFO  [si.isystem.eclipse.debug - 6] ISysAbstractDsfService : ***  2647103.7299  ***  ISysExpressionsService shutdown(main) finished.
2647080 INFO  [si.isystem.eclipse.debug - 6] ISysAbstractDsfService : ***  2647103.746  ***  ISysExpressionsService shutdown(sub) finished.
2647080 INFO  [si.isystem.eclipse.debug - 6] ISysAbstractDsfService : ***  2647103.770899  ***  ISysSourceLookupService shutdown(super) started.
2647080 INFO  [si.isystem.eclipse.debug - 6] ISysAbstractDsfService : ***  2647103.790499  ***  ISysSourceLookupService shutdown(super) finished.
2647080 INFO  [si.isystem.eclipse.debug - 6] ISysAbstractDsfService : ***  2647103.8028  ***  ISysSourceLookupService shutdown(main) started.
2647080 INFO  [si.isystem.eclipse.debug - 6] ISysAbstractDsfService : ***  2647103.914699  ***  ISysSourceLookupService shutdown(main) finished.
2647080 INFO  [si.isystem.eclipse.debug - 6] ISysAbstractDsfService : ***  2647103.9303  ***  ISysSourceLookupService shutdown(sub) finished.
2647080 INFO  [si.isystem.eclipse.debug - 6] ISysAbstractDsfService : ***  2647103.9516  ***  ISysMemoryService shutdown(super) started.
2647080 INFO  [si.isystem.eclipse.debug - 6] ISysAbstractDsfService : ***  2647103.9726  ***  ISysMemoryService shutdown(super) finished.
2647080 INFO  [si.isystem.eclipse.debug - 6] ISysAbstractDsfService : ***  2647103.9836  ***  ISysMemoryService shutdown(main) started.
2647080 INFO  [si.isystem.eclipse.debug - 6] ISysAbstractDsfService : ***  2647103.994499  ***  ISysMemoryService removed from service event listener list
2647080 INFO  [si.isystem.eclipse.debug - 6] ISysAbstractDsfService : ***  2647104.1264  ***  ISysMemoryService shutdown(main) finished.
2647080 INFO  [si.isystem.eclipse.debug - 6] ISysAbstractDsfService : ***  2647104.1418  ***  ISysMemoryService shutdown(sub) finished.
2647080 INFO  [si.isystem.eclipse.debug - 6] ISysAbstractDsfService : ***  2647104.158  ***  ISysStackService shutdown(super) started.
2647080 INFO  [si.isystem.eclipse.debug - 6] ISysAbstractDsfService : ***  2647104.1774  ***  ISysStackService shutdown(super) finished.
2647080 INFO  [si.isystem.eclipse.debug - 6] ISysAbstractDsfService : ***  2647104.1881  ***  ISysStackService shutdown(main) started.
2647080 INFO  [si.isystem.eclipse.debug - 6] ISysAbstractDsfService : ***  2647104.199899  ***  ISysStackService removed from service event listener list
2647081 INFO  [si.isystem.eclipse.debug - 6] ISysAbstractDsfService : ***  2647104.3267  ***  ISysStackService shutdown(main) finished.
2647081 INFO  [si.isystem.eclipse.debug - 6] ISysAbstractDsfService : ***  2647104.3414  ***  ISysStackService shutdown(sub) finished.
2647081 INFO  [si.isystem.eclipse.debug - 6] ISysAbstractDsfService : ***  2647104.3577  ***  ISysRunControl shutdown(super) started.
2647081 INFO  [si.isystem.eclipse.debug - 6] ISysAbstractDsfService : ***  2647104.3788  ***  ISysRunControl shutdown(super) finished.
2647081 INFO  [si.isystem.eclipse.debug - 6] ISysAbstractDsfService : ***  2647104.3918  ***  ISysRunControl shutdown(main) started.
2647081 INFO  [si.isystem.eclipse.debug - 6] ISysAbstractDsfService : ***  2647104.4035  ***  ISysRunControl removed from service event listener list
2647081 INFO  [si.isystem.eclipse.debug - 6] ISysAbstractDsfService : ***  2647104.526499  ***  ISysRunControl shutdown(main) finished.
2647081 INFO  [si.isystem.eclipse.debug - 6] ISysAbstractDsfService : ***  2647104.5422  ***  ISysRunControl shutdown(sub) finished.
2647081 INFO  [si.isystem.eclipse.debug - 6] ISysAbstractDsfService : ***  2647104.5577  ***  ISysCommandControl shutdown(super) started.
2647081 INFO  [si.isystem.eclipse.debug - 6] ISysAbstractDsfService : ***  2647104.5767  ***  ISysCommandControl shutdown(super) finished.
2647081 INFO  [si.isystem.eclipse.debug - 6] ISysAbstractDsfService : ***  2647104.589799  ***  ISysCommandControl shutdown(main) started.
2647081 INFO  [si.isystem.eclipse.debug - 6] ISysAbstractDsfService : ***  2647104.7115  ***  ISysCommandControl shutdown(main) finished.
2647081 INFO  [si.isystem.eclipse.debug - 6] ISysAbstractDsfService : ***  2647104.726199  ***  ISysCommandControl shutdown(sub) finished.
2647081 INFO  [si.isystem.eclipse.debug - 6] ISysAbstractDsfService : ***  2647104.7507  ***  ISysConnectionService shutdown(super) started.
2647081 INFO  [si.isystem.eclipse.debug - 6] IConnectProxy : ***  2647104.816699  ***  Shutting down iConnect for cores: [I@533e9202
2647081 INFO  [si.isystem.eclipse.debug - 6] IConnectProxy : ***  2647104.8401  ***  Disconnecting from and closing winIDEA on core 0.
2647122 INFO  [si.isystem.eclipse.debug - 6] ISysAbstractDsfService : ***  2647144.7678  ***  ISysConnectionService shutdown(super) finished.
2647122 INFO  [si.isystem.eclipse.debug - 6] ISysAbstractDsfService : ***  2647144.841199  ***  ISysConnectionService shutdown(main) started.
2647122 INFO  [si.isystem.eclipse.debug - 6] ISysAbstractDsfService : ***  2647144.852  ***  ISysConnectionService shutdown(main) finished.
2647122 INFO  [si.isystem.eclipse.debug - 6] ISysAbstractDsfService : ***  2647144.860299  ***  ISysConnectionService shutdown(sub) finished.
2647122 INFO  [si.isystem.eclipse.debug - 6] ISysLaunch : ***  2647144.901  ***  Debug services shutdown completed.
2651986 INFO  [si.isystem.eclipse.debug - 7] ISysAbstractDsfService : ***  2652008.722299  ***  ISysConnectionService initialization(super) started.
2651986 INFO  [si.isystem.eclipse.debug - 7] IConLaunchManager : ***  2652008.9652  ***  
Starting debug session using launch configuration paramenters: 
 - Launch name = 'TC275-LED TriCore Debug (TASKING)'
 - Project name = 'TC275-LED'
 - Project path = 'D:/Project/Aurix-TC275/TC275-LED'
 - Output file = 'TriCore Debug (TASKING)\TC275-LED.elf'
 - Stop on startup = 'true'
 - Stop on startup location = 'core0_main'
 - Verbose mode = false' - winIDEA visible = 'false'
 - Bring winIDEA to top = 'true'
 - Verify download = 'true'
 - Analyze source files = 'false'
 - Shutdown winIDEA at terminate session = 'true'
 - winIDEA workspace path = '.ads/winIDEAWorkspaces/TriCore-Debug-(TASKING)/ADS.xjrf'
 - full winIDEA workspace path = 'D:\Project\Aurix-TC275\TC275-LED\.ads\winIDEAWorkspaces\TriCore-Debug-(TASKING)\ADS.xjrf'
 - Device = 'TC275T'
 - Hardware = 'IFX_DAS'
 - Communication = 'USB'
 - Hardware debugger = ''
 - Image check = 'Default'
 - Create SMP = 'true'
 - After download action = 'none'
 - After download symbol = ''

2651986 INFO  [si.isystem.eclipse.debug - 7] ISysSessionManager : ***  2652009.0523  ***  Setting winIDEA workspace path to 'D:\Project\Aurix-TC275\TC275-LED\.ads\winIDEAWorkspaces\TriCore-Debug-(TASKING)\ADS.xjrf'
2651986 INFO  [si.isystem.eclipse.debug - 7] ISysSessionManager : ***  2652009.162799  ***  Connecting to winIDEA 'C:\Infineon\AURIX-Studio-1.10.16\winIDEA\' with workspace 'D:\Project\Aurix-TC275\TC275-LED\.ads\winIDEAWorkspaces\TriCore-Debug-(TASKING)\ADS.xjrf', winIDEA-ID: 'com.tasking.winIDEA.instance.id-TC275-LED TriCore Debug (TASKING)', visible: false, CLI args: '/HideCrashDumpMessage'
2652701 INFO  [si.isystem.eclipse.debug - 7] ISysSessionManager : ***  2652723.955  ***  Connected to winIDEA and setup workspace.
2652701 INFO  [si.isystem.eclipse.debug - 7] ISysSessionManager : ***  2652724.0031  ***  Version of isystem.connect for Java: 9.21.334.0
2652701 INFO  [si.isystem.eclipse.debug - 7] ISysSessionManager : ***  2652724.0667  ***  Version of isystem.connect DLL: 9.21.334.0.0
2652701 INFO  [si.isystem.eclipse.debug - 7] ISysSessionManager : ***  2652724.4206  ***  Version of winIDEA: 9.21.338.0.218131
2652701 INFO  [si.isystem.eclipse.debug - 7] ISysSessionManager : ***  2652724.4364  ***  Downloading ...
2654080 INFO  [si.isystem.eclipse.debug - 7] ISysSessionManager : ***  2654102.9525  ***  Downloading finished.
2654138 INFO  [si.isystem.eclipse.debug - 7] IConLaunchManager : ***  2654161.1849  ***  Connected to target.
2654138 INFO  [si.isystem.eclipse.debug - 7] IConLaunchManager : ***  2654161.2243  ***  Log level set to INFO
2654244 INFO  [si.isystem.eclipse.debug - 7] ISysAbstractDsfService : ***  2654267.5198  ***  ISysConnectionService initialization(super) finished.
2654244 INFO  [si.isystem.eclipse.debug - 7] ISysAbstractDsfService : ***  2654267.563699  ***  ISysConnectionService initialization(main) started.
2654244 INFO  [si.isystem.eclipse.debug - 7] ISysAbstractDsfService : ***  2654267.580899  ***  ISysConnectionService initialization(main) finished.
2654244 INFO  [si.isystem.eclipse.debug - 7] ISysAbstractDsfService : ***  2654267.592599  ***  ISysConnectionService initialization(sub) finished.
2654244 INFO  [si.isystem.eclipse.debug - 7] ISysAbstractDsfService : ***  2654267.6146  ***  ISysCommandControl initialization(super) started.
2654245 INFO  [Worker-5: Command Executor Job] ISysAbstractDsfService : ***  2654267.749799  ***  Command Executor Job started.
2654245 INFO  [si.isystem.eclipse.debug - 7] ISysAbstractDsfService : ***  2654267.7791  ***  ISysCommandControl initialization(super) finished.
2654245 INFO  [si.isystem.eclipse.debug - 7] ISysAbstractDsfService : ***  2654267.7922  ***  ISysCommandControl initialization(main) started.
2654245 INFO  [si.isystem.eclipse.debug - 7] ISysAbstractDsfService : ***  2654267.8056  ***  ISysCommandControl initialization(main) finished.
2654245 INFO  [si.isystem.eclipse.debug - 7] ISysAbstractDsfService : ***  2654267.813  ***  ISysCommandControl initialization(sub) finished.
2654245 INFO  [si.isystem.eclipse.debug - 7] ISysAbstractDsfService : ***  2654267.827199  ***  ISysRunControl initialization(super) started.
2654247 INFO  [si.isystem.eclipse.debug - 7] ISysAbstractDsfService : ***  2654269.7386  ***  ISysRunControl initialization(super) finished.
2654247 INFO  [si.isystem.eclipse.debug - 7] ISysAbstractDsfService : ***  2654269.779  ***  ISysRunControl initialization(main) started.
2654247 INFO  [si.isystem.eclipse.debug - 7] ISysAbstractDsfService : ***  2654269.7984  ***  ISysRunControl specified as service event listener (method: eventDispatched)
2654247 INFO  [si.isystem.eclipse.debug - 7] ISysAbstractDsfService : ***  2654269.817799  ***  ISysRunControl initialization(main) finished.
2654248 INFO  [si.isystem.eclipse.debug - 7] ISysAbstractDsfService : ***  2654270.7895  ***  ISysRunControl initialization(sub) finished.
2654248 INFO  [si.isystem.eclipse.debug - 7] ISysAbstractDsfService : ***  2654270.8214  ***  ISysStackService initialization(super) started.
2654248 INFO  [si.isystem.eclipse.debug - 7] ISysAbstractDsfService : ***  2654271.0019  ***  ISysStackService initialization(super) finished.
2654248 INFO  [si.isystem.eclipse.debug - 7] ISysAbstractDsfService : ***  2654271.0154  ***  ISysStackService initialization(main) started.
2654248 INFO  [si.isystem.eclipse.debug - 7] ISysAbstractDsfService : ***  2654271.0269  ***  ISysStackService specified as service event listener (method: eventDispatched)
2654248 INFO  [si.isystem.eclipse.debug - 7] ISysAbstractDsfService : ***  2654271.0413  ***  ISysStackService initialization(main) finished.
2654248 INFO  [si.isystem.eclipse.debug - 7] ISysAbstractDsfService : ***  2654271.049499  ***  ISysStackService initialization(sub) finished.
2654248 INFO  [si.isystem.eclipse.debug - 7] ISysAbstractDsfService : ***  2654271.061699  ***  ISysMemoryService initialization(super) started.
2654248 INFO  [si.isystem.eclipse.debug - 7] ISysAbstractDsfService : ***  2654271.0921  ***  Starting Memory Service sub-initialization sequence.
2654248 INFO  [si.isystem.eclipse.debug - 7] ISysAbstractDsfService : ***  2654271.102299  ***  ISysMemoryService initialization(super) finished.
2654248 INFO  [si.isystem.eclipse.debug - 7] ISysAbstractDsfService : ***  2654271.109199  ***  ISysMemoryService initialization(main) started.
2654248 INFO  [si.isystem.eclipse.debug - 7] ISysAbstractDsfService : ***  2654271.1216  ***  ISysMemoryService specified as service event listener (method: eventDispatched)
2654248 INFO  [si.isystem.eclipse.debug - 7] ISysAbstractDsfService : ***  2654271.1347  ***  ISysMemoryService initialization(main) finished.
2654248 INFO  [si.isystem.eclipse.debug - 7] ISysAbstractDsfService : ***  2654271.150299  ***  Initializing Memory Service block retrieval.
2654249 INFO  [si.isystem.eclipse.debug - 7] ISysAbstractDsfService : ***  2654272.4339  ***  Memory Service block retrieval initialized.
2654249 INFO  [si.isystem.eclipse.debug - 7] ISysAbstractDsfService : ***  2654272.4731  ***  Loading memory area properties.
2654250 INFO  [si.isystem.eclipse.debug - 7] ISysAbstractDsfService : ***  2654273.5844  ***  Adding 1 memory blocks.
2654251 INFO  [si.isystem.eclipse.debug - 7] ISysAbstractDsfService : ***  2654273.67  ***  Block 'Virtual' [00000000:ffffffff] MAU=8 visible
2654251 INFO  [si.isystem.eclipse.debug - 7] ISysAbstractDsfService : ***  2654273.684399  ***  Memory Service block retrieval initialized.
2654251 INFO  [si.isystem.eclipse.debug - 7] ISysAbstractDsfService : ***  2654273.7057  ***  Registering memory model adapter and service.
2654251 INFO  [si.isystem.eclipse.debug - 7] ISysAbstractDsfService : ***  2654274.0343  ***  Memory model adapter and service registered.
2654251 INFO  [si.isystem.eclipse.debug - 7] ISysAbstractDsfService : ***  2654274.0538  ***  ISysMemoryService initialization(sub) finished.
2654251 INFO  [si.isystem.eclipse.debug - 7] ISysAbstractDsfService : ***  2654274.0703  ***  ISysSourceLookupService initialization(super) started.
2654251 INFO  [si.isystem.eclipse.debug - 7] ISysAbstractDsfService : ***  2654274.1974  ***  ISysSourceLookupService initialization(super) finished.
2654251 INFO  [si.isystem.eclipse.debug - 7] ISysAbstractDsfService : ***  2654274.208999  ***  ISysSourceLookupService initialization(main) started.
2654251 INFO  [si.isystem.eclipse.debug - 7] ISysAbstractDsfService : ***  2654274.2304  ***  ISysSourceLookupService initialization(main) finished.
2654251 INFO  [si.isystem.eclipse.debug - 7] ISysAbstractDsfService : ***  2654274.2378  ***  ISysSourceLookupService initialization(sub) finished.
2654251 INFO  [si.isystem.eclipse.debug - 7] ISysAbstractDsfService : ***  2654274.2507  ***  ISysExpressionsService initialization(super) started.
2654251 INFO  [si.isystem.eclipse.debug - 7] ISysAbstractDsfService : ***  2654274.3804  ***  ISysExpressionsService initialization(super) finished.
2654251 INFO  [si.isystem.eclipse.debug - 7] ISysAbstractDsfService : ***  2654274.3948  ***  ISysExpressionsService initialization(main) started.
2654251 INFO  [si.isystem.eclipse.debug - 7] ISysAbstractDsfService : ***  2654274.4059  ***  ISysExpressionsService specified as service event listener (method: eventDispatched)
2654251 INFO  [si.isystem.eclipse.debug - 7] ISysAbstractDsfService : ***  2654274.4227  ***  ISysExpressionsService initialization(main) finished.
2654251 INFO  [si.isystem.eclipse.debug - 7] ISysAbstractDsfService : ***  2654274.4305  ***  ISysExpressionsService initialization(sub) finished.
2654251 INFO  [si.isystem.eclipse.debug - 7] ISysAbstractDsfService : ***  2654274.441399  ***  ISysRegistersService initialization(super) started.
2654252 INFO  [si.isystem.eclipse.debug - 7] ISysAbstractDsfService : ***  2654274.8465  ***  ISysRegistersService initialization(super) finished.
2654252 INFO  [si.isystem.eclipse.debug - 7] ISysAbstractDsfService : ***  2654274.861  ***  ISysRegistersService initialization(main) started.
2654252 INFO  [si.isystem.eclipse.debug - 7] ISysAbstractDsfService : ***  2654274.8736  ***  ISysRegistersService specified as service event listener (method: eventDispatched)
2654252 INFO  [si.isystem.eclipse.debug - 7] ISysAbstractDsfService : ***  2654274.8873  ***  ISysRegistersService initialization(main) finished.
2654252 INFO  [si.isystem.eclipse.debug - 7] ISysAbstractDsfService : ***  2654274.895  ***  ISysRegistersService initialization(sub) finished.
2654252 INFO  [si.isystem.eclipse.debug - 7] ISysAbstractDsfService : ***  2654274.9117  ***  ISysDisassemblyService initialization(super) started.
2654252 INFO  [si.isystem.eclipse.debug - 7] ISysAbstractDsfService : ***  2654275.125599  ***  ISysDisassemblyService initialization(super) finished.
2654252 INFO  [si.isystem.eclipse.debug - 7] ISysAbstractDsfService : ***  2654275.1425  ***  ISysDisassemblyService initialization(main) started.
2654252 INFO  [si.isystem.eclipse.debug - 7] ISysAbstractDsfService : ***  2654275.1574  ***  ISysDisassemblyService initialization(main) finished.
2654252 INFO  [si.isystem.eclipse.debug - 7] ISysAbstractDsfService : ***  2654275.1652  ***  ISysDisassemblyService initialization(sub) finished.
2654252 INFO  [si.isystem.eclipse.debug - 7] ISysAbstractDsfService : ***  2654275.1777  ***  ISysSfrService initialization(super) started.
2654252 INFO  [si.isystem.eclipse.debug - 7] ISysAbstractDsfService : ***  2654275.2827  ***  ISysSfrService initialization(super) finished.
2654252 INFO  [si.isystem.eclipse.debug - 7] ISysAbstractDsfService : ***  2654275.2943  ***  ISysSfrService initialization(main) started.
2654252 INFO  [si.isystem.eclipse.debug - 7] ISysAbstractDsfService : ***  2654275.303799  ***  ISysSfrService specified as service event listener (method: eventDispatched)
2654252 INFO  [si.isystem.eclipse.debug - 7] ISysAbstractDsfService : ***  2654275.3157  ***  ISysSfrService initialization(main) finished.
2654663 INFO  [si.isystem.eclipse.debug - 7] ISysAbstractDsfService : ***  2654686.449999  ***  ISysSfrService initialization(sub) finished.
2654666 INFO  [si.isystem.eclipse.debug - 7] ISysAbstractDsfService : ***  2654689.5838  ***  ISysRteService initialization(super) started.
2654666 INFO  [si.isystem.eclipse.debug - 7] ISysAbstractDsfService : ***  2654689.7661  ***  ISysRteService initialization(super) finished.
2654666 INFO  [si.isystem.eclipse.debug - 7] ISysAbstractDsfService : ***  2654689.7793  ***  ISysRteService initialization(main) started.
2654666 INFO  [si.isystem.eclipse.debug - 7] ISysAbstractDsfService : ***  2654689.7929  ***  ISysRteService specified as service event listener (method: eventDispatched)
2654666 INFO  [si.isystem.eclipse.debug - 7] ISysAbstractDsfService : ***  2654689.8084  ***  ISysRteService initialization(main) finished.
2654666 INFO  [si.isystem.eclipse.debug - 7] ISysAbstractDsfService : ***  2654689.8208  ***  ISysRteService initialization(sub) finished.
2654666 INFO  [si.isystem.eclipse.debug - 7] ISysAbstractDsfService : ***  2654689.8422  ***  ISysBreakpointService initialization(super) started.
2654666 INFO  [si.isystem.eclipse.debug - 7] ISysAbstractDsfService : ***  2654689.940099  ***  ISysBreakpointService initialization(super) finished.
2654666 INFO  [si.isystem.eclipse.debug - 7] ISysAbstractDsfService : ***  2654689.9512  ***  ISysBreakpointService initialization(main) started.
2654666 INFO  [si.isystem.eclipse.debug - 7] ISysAbstractDsfService : ***  2654689.963499  ***  ISysBreakpointService specified as service event listener (method: eventDispatched)
2654666 INFO  [si.isystem.eclipse.debug - 7] ISysAbstractDsfService : ***  2654689.9749  ***  ISysBreakpointService initialization(main) finished.
2654666 INFO  [si.isystem.eclipse.debug - 7] ISysAbstractDsfService : ***  2654689.9823  ***  ISysBreakpointService initialization(sub) finished.
2654667 INFO  [si.isystem.eclipse.debug - 7] ISysLaunch : ***  2654691.037799  ***  Services initialization sequence completed
2750047 INFO  [Worker-5: Command Executor Job] ISysAbstractDsfService : ***  2750069.968899  ***  ISysCommandControl command dequeued - exiting command processing loop
2750047 INFO  [si.isystem.eclipse.debug - 7] ISysAbstractCommand : ***  2750070.0053  ***  Processing the last command to be processed: si.isystem.dsf.control.commands.ISysCmdMiscTerminateDebugger
2750047 INFO  [si.isystem.eclipse.debug - 7] ISysAbstractDsfService : ***  2750070.0449  ***  Command Control was shut down - cancelling remaining commands in queue.
2750047 INFO  [si.isystem.eclipse.debug - 7] ISysAbstractDsfService : ***  2750070.0675  ***  Command Controll queue is empty and closed.
2750047 INFO  [si.isystem.eclipse.debug - 7] ISysAbstractDsfService : ***  2750070.3751  ***  ISysBreakpointService shutdown(super) started.
2750047 INFO  [si.isystem.eclipse.debug - 7] ISysAbstractDsfService : ***  2750070.4042  ***  ISysBreakpointService shutdown(super) finished.
2750047 INFO  [si.isystem.eclipse.debug - 7] ISysAbstractDsfService : ***  2750070.4155  ***  ISysBreakpointService shutdown(main) started.
2750047 INFO  [si.isystem.eclipse.debug - 7] ISysAbstractDsfService : ***  2750070.429  ***  ISysBreakpointService removed from service event listener list
2750048 INFO  [si.isystem.eclipse.debug - 7] ISysAbstractDsfService : ***  2750070.5621  ***  ISysBreakpointService shutdown(main) finished.
2750048 INFO  [si.isystem.eclipse.debug - 7] ISysAbstractDsfService : ***  2750070.5781  ***  ISysBreakpointService shutdown(sub) finished.
2750048 INFO  [si.isystem.eclipse.debug - 7] ISysAbstractDsfService : ***  2750070.601699  ***  ISysRteService shutdown(super) started.
2750048 INFO  [si.isystem.eclipse.debug - 7] ISysAbstractDsfService : ***  2750070.6257  ***  ISysRteService shutdown(super) finished.
2750048 INFO  [si.isystem.eclipse.debug - 7] ISysAbstractDsfService : ***  2750070.6366  ***  ISysRteService shutdown(main) started.
2750048 INFO  [si.isystem.eclipse.debug - 7] ISysAbstractDsfService : ***  2750070.6479  ***  ISysRteService removed from service event listener list
2750048 INFO  [si.isystem.eclipse.debug - 7] ISysAbstractDsfService : ***  2750070.754799  ***  ISysRteService shutdown(main) finished.
2750048 INFO  [si.isystem.eclipse.debug - 7] ISysAbstractDsfService : ***  2750070.804499  ***  ISysRteService shutdown(sub) finished.
2750048 INFO  [si.isystem.eclipse.debug - 7] ISysAbstractDsfService : ***  2750070.8297  ***  ISysSfrService shutdown(super) started.
2750048 INFO  [si.isystem.eclipse.debug - 7] ISysAbstractDsfService : ***  2750070.851799  ***  ISysSfrService shutdown(super) finished.
2750048 INFO  [si.isystem.eclipse.debug - 7] ISysAbstractDsfService : ***  2750070.8627  ***  ISysSfrService shutdown(main) started.
2750048 INFO  [si.isystem.eclipse.debug - 7] ISysAbstractDsfService : ***  2750070.8742  ***  ISysSfrService removed from service event listener list
2750048 INFO  [si.isystem.eclipse.debug - 7] ISysAbstractDsfService : ***  2750070.9879  ***  ISysSfrService shutdown(main) finished.
2750048 INFO  [si.isystem.eclipse.debug - 7] ISysAbstractDsfService : ***  2750071.0225  ***  ISysSfrService shutdown(sub) finished.
2750048 INFO  [si.isystem.eclipse.debug - 7] ISysAbstractDsfService : ***  2750071.0458  ***  ISysDisassemblyService shutdown(super) started.
2750048 INFO  [si.isystem.eclipse.debug - 7] ISysAbstractDsfService : ***  2750071.0666  ***  ISysDisassemblyService shutdown(super) finished.
2750048 INFO  [si.isystem.eclipse.debug - 7] ISysAbstractDsfService : ***  2750071.0775  ***  ISysDisassemblyService shutdown(main) started.
2750048 INFO  [si.isystem.eclipse.debug - 7] ISysAbstractDsfService : ***  2750071.2014  ***  ISysDisassemblyService shutdown(main) finished.
2750048 INFO  [si.isystem.eclipse.debug - 7] ISysAbstractDsfService : ***  2750071.2153  ***  ISysDisassemblyService shutdown(sub) finished.
2750048 INFO  [si.isystem.eclipse.debug - 7] ISysAbstractDsfService : ***  2750071.2366  ***  ISysRegistersService shutdown(super) started.
2750048 INFO  [si.isystem.eclipse.debug - 7] ISysAbstractDsfService : ***  2750071.2576  ***  ISysRegistersService shutdown(super) finished.
2750048 INFO  [si.isystem.eclipse.debug - 7] ISysAbstractDsfService : ***  2750071.2682  ***  ISysRegistersService shutdown(main) started.
2750048 INFO  [si.isystem.eclipse.debug - 7] ISysAbstractDsfService : ***  2750071.2795  ***  ISysRegistersService removed from service event listener list
2750048 INFO  [si.isystem.eclipse.debug - 7] ISysAbstractDsfService : ***  2750071.4271  ***  ISysRegistersService shutdown(main) finished.
2750048 INFO  [si.isystem.eclipse.debug - 7] ISysAbstractDsfService : ***  2750071.446599  ***  ISysRegistersService shutdown(sub) finished.
2750048 INFO  [si.isystem.eclipse.debug - 7] ISysAbstractDsfService : ***  2750071.4706  ***  ISysExpressionsService shutdown(super) started.
2750048 INFO  [si.isystem.eclipse.debug - 7] ISysAbstractDsfService : ***  2750071.4899  ***  ISysExpressionsService shutdown(super) finished.
2750048 INFO  [si.isystem.eclipse.debug - 7] ISysAbstractDsfService : ***  2750071.5008  ***  ISysExpressionsService shutdown(main) started.
2750048 INFO  [si.isystem.eclipse.debug - 7] ISysAbstractDsfService : ***  2750071.5117  ***  ISysExpressionsService removed from service event listener list
2750049 INFO  [si.isystem.eclipse.debug - 7] ISysAbstractDsfService : ***  2750071.6784  ***  ISysExpressionsService shutdown(main) finished.
2750049 INFO  [si.isystem.eclipse.debug - 7] ISysAbstractDsfService : ***  2750071.694  ***  ISysExpressionsService shutdown(sub) finished.
2750049 INFO  [si.isystem.eclipse.debug - 7] ISysAbstractDsfService : ***  2750071.7158  ***  ISysSourceLookupService shutdown(super) started.
2750049 INFO  [si.isystem.eclipse.debug - 7] ISysAbstractDsfService : ***  2750071.7337  ***  ISysSourceLookupService shutdown(super) finished.
2750049 INFO  [si.isystem.eclipse.debug - 7] ISysAbstractDsfService : ***  2750071.744  ***  ISysSourceLookupService shutdown(main) started.
2750049 INFO  [si.isystem.eclipse.debug - 7] ISysAbstractDsfService : ***  2750071.8517  ***  ISysSourceLookupService shutdown(main) finished.
2750049 INFO  [si.isystem.eclipse.debug - 7] ISysAbstractDsfService : ***  2750071.8662  ***  ISysSourceLookupService shutdown(sub) finished.
2750049 INFO  [si.isystem.eclipse.debug - 7] ISysAbstractDsfService : ***  2750071.8867  ***  ISysMemoryService shutdown(super) started.
2750049 INFO  [si.isystem.eclipse.debug - 7] ISysAbstractDsfService : ***  2750071.9061  ***  ISysMemoryService shutdown(super) finished.
2750049 INFO  [si.isystem.eclipse.debug - 7] ISysAbstractDsfService : ***  2750071.9167  ***  ISysMemoryService shutdown(main) started.
2750049 INFO  [si.isystem.eclipse.debug - 7] ISysAbstractDsfService : ***  2750071.9281  ***  ISysMemoryService removed from service event listener list
2750049 INFO  [si.isystem.eclipse.debug - 7] ISysAbstractDsfService : ***  2750072.0537  ***  ISysMemoryService shutdown(main) finished.
2750049 INFO  [si.isystem.eclipse.debug - 7] ISysAbstractDsfService : ***  2750072.0681  ***  ISysMemoryService shutdown(sub) finished.
2750049 INFO  [si.isystem.eclipse.debug - 7] ISysAbstractDsfService : ***  2750072.0852  ***  ISysStackService shutdown(super) started.
2750049 INFO  [si.isystem.eclipse.debug - 7] ISysAbstractDsfService : ***  2750072.103799  ***  ISysStackService shutdown(super) finished.
2750049 INFO  [si.isystem.eclipse.debug - 7] ISysAbstractDsfService : ***  2750072.1144  ***  ISysStackService shutdown(main) started.
2750049 INFO  [si.isystem.eclipse.debug - 7] ISysAbstractDsfService : ***  2750072.1249  ***  ISysStackService removed from service event listener list
2750049 INFO  [si.isystem.eclipse.debug - 7] ISysAbstractDsfService : ***  2750072.2423  ***  ISysStackService shutdown(main) finished.
2750049 INFO  [si.isystem.eclipse.debug - 7] ISysAbstractDsfService : ***  2750072.2565  ***  ISysStackService shutdown(sub) finished.
2750049 INFO  [si.isystem.eclipse.debug - 7] ISysAbstractDsfService : ***  2750072.2718  ***  ISysRunControl shutdown(super) started.
2750049 INFO  [si.isystem.eclipse.debug - 7] ISysAbstractDsfService : ***  2750072.2892  ***  ISysRunControl shutdown(super) finished.
2750049 INFO  [si.isystem.eclipse.debug - 7] ISysAbstractDsfService : ***  2750072.2996  ***  ISysRunControl shutdown(main) started.
2750049 INFO  [si.isystem.eclipse.debug - 7] ISysAbstractDsfService : ***  2750072.3105  ***  ISysRunControl removed from service event listener list
2750049 INFO  [si.isystem.eclipse.debug - 7] ISysAbstractDsfService : ***  2750072.4264  ***  ISysRunControl shutdown(main) finished.
2750049 INFO  [si.isystem.eclipse.debug - 7] ISysAbstractDsfService : ***  2750072.4429  ***  ISysRunControl shutdown(sub) finished.
2750049 INFO  [si.isystem.eclipse.debug - 7] ISysAbstractDsfService : ***  2750072.4604  ***  ISysCommandControl shutdown(super) started.
2750049 INFO  [si.isystem.eclipse.debug - 7] ISysAbstractDsfService : ***  2750072.4784  ***  ISysCommandControl shutdown(super) finished.
2750049 INFO  [si.isystem.eclipse.debug - 7] ISysAbstractDsfService : ***  2750072.4888  ***  ISysCommandControl shutdown(main) started.
2750050 INFO  [si.isystem.eclipse.debug - 7] ISysAbstractDsfService : ***  2750072.607  ***  ISysCommandControl shutdown(main) finished.
2750050 INFO  [si.isystem.eclipse.debug - 7] ISysAbstractDsfService : ***  2750072.622  ***  ISysCommandControl shutdown(sub) finished.
2750050 INFO  [si.isystem.eclipse.debug - 7] ISysAbstractDsfService : ***  2750072.6448  ***  ISysConnectionService shutdown(super) started.
2750050 INFO  [si.isystem.eclipse.debug - 7] IConnectProxy : ***  2750072.6956  ***  Shutting down iConnect for cores: [I@5453cbc8
2750050 INFO  [si.isystem.eclipse.debug - 7] IConnectProxy : ***  2750072.7155  ***  Disconnecting from and closing winIDEA on core 0.
2750089 INFO  [si.isystem.eclipse.debug - 7] ISysAbstractDsfService : ***  2750112.8639  ***  ISysConnectionService shutdown(super) finished.
2750090 INFO  [si.isystem.eclipse.debug - 7] ISysAbstractDsfService : ***  2750112.9027  ***  ISysConnectionService shutdown(main) started.
2750090 INFO  [si.isystem.eclipse.debug - 7] ISysAbstractDsfService : ***  2750112.912  ***  ISysConnectionService shutdown(main) finished.
2750090 INFO  [si.isystem.eclipse.debug - 7] ISysAbstractDsfService : ***  2750112.9205  ***  ISysConnectionService shutdown(sub) finished.
2750090 INFO  [si.isystem.eclipse.debug - 7] ISysLaunch : ***  2750113.0109  ***  Debug services shutdown completed.
3298066 INFO  [si.isystem.eclipse.debug - 8] ISysAbstractDsfService : ***  3298090.0422  ***  ISysConnectionService initialization(super) started.
3298067 INFO  [si.isystem.eclipse.debug - 8] IConLaunchManager : ***  3298090.292  ***  
Starting debug session using launch configuration paramenters: 
 - Launch name = 'TC275-LED TriCore Debug (TASKING)'
 - Project name = 'TC275-LED'
 - Project path = 'D:/Project/Aurix-TC275/TC275-LED'
 - Output file = 'TriCore Debug (TASKING)\TC275-LED.elf'
 - Stop on startup = 'true'
 - Stop on startup location = 'core0_main'
 - Verbose mode = false' - winIDEA visible = 'false'
 - Bring winIDEA to top = 'true'
 - Verify download = 'true'
 - Analyze source files = 'false'
 - Shutdown winIDEA at terminate session = 'true'
 - winIDEA workspace path = '.ads/winIDEAWorkspaces/TriCore-Debug-(TASKING)/ADS.xjrf'
 - full winIDEA workspace path = 'D:\Project\Aurix-TC275\TC275-LED\.ads\winIDEAWorkspaces\TriCore-Debug-(TASKING)\ADS.xjrf'
 - Device = 'TC275T'
 - Hardware = 'IFX_DAS'
 - Communication = 'USB'
 - Hardware debugger = ''
 - Image check = 'Default'
 - Create SMP = 'true'
 - After download action = 'none'
 - After download symbol = ''

3298067 INFO  [si.isystem.eclipse.debug - 8] ISysSessionManager : ***  3298090.3782  ***  Setting winIDEA workspace path to 'D:\Project\Aurix-TC275\TC275-LED\.ads\winIDEAWorkspaces\TriCore-Debug-(TASKING)\ADS.xjrf'
3298067 INFO  [si.isystem.eclipse.debug - 8] ISysSessionManager : ***  3298090.4859  ***  Connecting to winIDEA 'C:\Infineon\AURIX-Studio-1.10.16\winIDEA\' with workspace 'D:\Project\Aurix-TC275\TC275-LED\.ads\winIDEAWorkspaces\TriCore-Debug-(TASKING)\ADS.xjrf', winIDEA-ID: 'com.tasking.winIDEA.instance.id-TC275-LED TriCore Debug (TASKING)', visible: false, CLI args: '/HideCrashDumpMessage'
3300461 INFO  [si.isystem.eclipse.debug - 8] ISysSessionManager : ***  3300484.139  ***  Connected to winIDEA and setup workspace.
3300461 INFO  [si.isystem.eclipse.debug - 8] ISysSessionManager : ***  3300484.2158  ***  Version of isystem.connect for Java: 9.21.334.0
3300461 INFO  [si.isystem.eclipse.debug - 8] ISysSessionManager : ***  3300484.2821  ***  Version of isystem.connect DLL: 9.21.334.0.0
3300462 INFO  [si.isystem.eclipse.debug - 8] ISysSessionManager : ***  3300484.6577  ***  Version of winIDEA: 9.21.338.0.218131
3300462 INFO  [si.isystem.eclipse.debug - 8] ISysSessionManager : ***  3300484.6769  ***  Downloading ...
3301938 INFO  [si.isystem.eclipse.debug - 8] ISysSessionManager : ***  3301960.9777  ***  Downloading finished.
3301995 INFO  [si.isystem.eclipse.debug - 8] IConLaunchManager : ***  3302018.0804  ***  Connected to target.
3301995 INFO  [si.isystem.eclipse.debug - 8] IConLaunchManager : ***  3302018.1174  ***  Log level set to INFO
3302117 INFO  [si.isystem.eclipse.debug - 8] ISysAbstractDsfService : ***  3302141.0434  ***  ISysConnectionService initialization(super) finished.
3302117 INFO  [si.isystem.eclipse.debug - 8] ISysAbstractDsfService : ***  3302141.0971  ***  ISysConnectionService initialization(main) started.
3302117 INFO  [si.isystem.eclipse.debug - 8] ISysAbstractDsfService : ***  3302141.1269  ***  ISysConnectionService initialization(main) finished.
3302117 INFO  [si.isystem.eclipse.debug - 8] ISysAbstractDsfService : ***  3302141.1359  ***  ISysConnectionService initialization(sub) finished.
3302117 INFO  [si.isystem.eclipse.debug - 8] ISysAbstractDsfService : ***  3302141.1555  ***  ISysCommandControl initialization(super) started.
3302117 INFO  [Worker-0: Command Executor Job] ISysAbstractDsfService : ***  3302141.2838  ***  Command Executor Job started.
3302117 INFO  [si.isystem.eclipse.debug - 8] ISysAbstractDsfService : ***  3302141.3135  ***  ISysCommandControl initialization(super) finished.
3302117 INFO  [si.isystem.eclipse.debug - 8] ISysAbstractDsfService : ***  3302141.3252  ***  ISysCommandControl initialization(main) started.
3302117 INFO  [si.isystem.eclipse.debug - 8] ISysAbstractDsfService : ***  3302141.3375  ***  ISysCommandControl initialization(main) finished.
3302117 INFO  [si.isystem.eclipse.debug - 8] ISysAbstractDsfService : ***  3302141.3448  ***  ISysCommandControl initialization(sub) finished.
3302117 INFO  [si.isystem.eclipse.debug - 8] ISysAbstractDsfService : ***  3302141.3588  ***  ISysRunControl initialization(super) started.
3302119 INFO  [si.isystem.eclipse.debug - 8] ISysAbstractDsfService : ***  3302143.0289  ***  ISysRunControl initialization(super) finished.
3302119 INFO  [si.isystem.eclipse.debug - 8] ISysAbstractDsfService : ***  3302143.0563  ***  ISysRunControl initialization(main) started.
3302119 INFO  [si.isystem.eclipse.debug - 8] ISysAbstractDsfService : ***  3302143.0725  ***  ISysRunControl specified as service event listener (method: eventDispatched)
3302119 INFO  [si.isystem.eclipse.debug - 8] ISysAbstractDsfService : ***  3302143.2128  ***  ISysRunControl initialization(main) finished.
3302121 INFO  [si.isystem.eclipse.debug - 8] ISysAbstractDsfService : ***  3302144.404  ***  ISysRunControl initialization(sub) finished.
3302121 INFO  [si.isystem.eclipse.debug - 8] ISysAbstractDsfService : ***  3302144.4444  ***  ISysStackService initialization(super) started.
3302121 INFO  [si.isystem.eclipse.debug - 8] ISysAbstractDsfService : ***  3302144.643  ***  ISysStackService initialization(super) finished.
3302121 INFO  [si.isystem.eclipse.debug - 8] ISysAbstractDsfService : ***  3302144.6575  ***  ISysStackService initialization(main) started.
3302121 INFO  [si.isystem.eclipse.debug - 8] ISysAbstractDsfService : ***  3302144.6709  ***  ISysStackService specified as service event listener (method: eventDispatched)
3302121 INFO  [si.isystem.eclipse.debug - 8] ISysAbstractDsfService : ***  3302144.6876  ***  ISysStackService initialization(main) finished.
3302121 INFO  [si.isystem.eclipse.debug - 8] ISysAbstractDsfService : ***  3302144.6962  ***  ISysStackService initialization(sub) finished.
3302121 INFO  [si.isystem.eclipse.debug - 8] ISysAbstractDsfService : ***  3302144.7089  ***  ISysMemoryService initialization(super) started.
3302121 INFO  [si.isystem.eclipse.debug - 8] ISysAbstractDsfService : ***  3302144.7431  ***  Starting Memory Service sub-initialization sequence.
3302121 INFO  [si.isystem.eclipse.debug - 8] ISysAbstractDsfService : ***  3302144.7612  ***  ISysMemoryService initialization(super) finished.
3302121 INFO  [si.isystem.eclipse.debug - 8] ISysAbstractDsfService : ***  3302144.7708  ***  ISysMemoryService initialization(main) started.
3302121 INFO  [si.isystem.eclipse.debug - 8] ISysAbstractDsfService : ***  3302144.7804  ***  ISysMemoryService specified as service event listener (method: eventDispatched)
3302121 INFO  [si.isystem.eclipse.debug - 8] ISysAbstractDsfService : ***  3302144.7915  ***  ISysMemoryService initialization(main) finished.
3302121 INFO  [si.isystem.eclipse.debug - 8] ISysAbstractDsfService : ***  3302144.8083  ***  Initializing Memory Service block retrieval.
3302122 INFO  [si.isystem.eclipse.debug - 8] ISysAbstractDsfService : ***  3302146.1473  ***  Memory Service block retrieval initialized.
3302122 INFO  [si.isystem.eclipse.debug - 8] ISysAbstractDsfService : ***  3302146.1816  ***  Loading memory area properties.
3302123 INFO  [si.isystem.eclipse.debug - 8] ISysAbstractDsfService : ***  3302147.3025  ***  Adding 1 memory blocks.
3302124 INFO  [si.isystem.eclipse.debug - 8] ISysAbstractDsfService : ***  3302147.374  ***  Block 'Virtual' [00000000:ffffffff] MAU=8 visible
3302124 INFO  [si.isystem.eclipse.debug - 8] ISysAbstractDsfService : ***  3302147.3861  ***  Memory Service block retrieval initialized.
3302124 INFO  [si.isystem.eclipse.debug - 8] ISysAbstractDsfService : ***  3302147.4002  ***  Registering memory model adapter and service.
3302124 INFO  [si.isystem.eclipse.debug - 8] ISysAbstractDsfService : ***  3302147.6844  ***  Memory model adapter and service registered.
3302124 INFO  [si.isystem.eclipse.debug - 8] ISysAbstractDsfService : ***  3302147.7068  ***  ISysMemoryService initialization(sub) finished.
3302124 INFO  [si.isystem.eclipse.debug - 8] ISysAbstractDsfService : ***  3302147.7217  ***  ISysSourceLookupService initialization(super) started.
3302124 INFO  [si.isystem.eclipse.debug - 8] ISysAbstractDsfService : ***  3302147.8327  ***  ISysSourceLookupService initialization(super) finished.
3302124 INFO  [si.isystem.eclipse.debug - 8] ISysAbstractDsfService : ***  3302147.8436  ***  ISysSourceLookupService initialization(main) started.
3302124 INFO  [si.isystem.eclipse.debug - 8] ISysAbstractDsfService : ***  3302147.8577  ***  ISysSourceLookupService initialization(main) finished.
3302124 INFO  [si.isystem.eclipse.debug - 8] ISysAbstractDsfService : ***  3302147.8653  ***  ISysSourceLookupService initialization(sub) finished.
3302124 INFO  [si.isystem.eclipse.debug - 8] ISysAbstractDsfService : ***  3302147.8767  ***  ISysExpressionsService initialization(super) started.
3302124 INFO  [si.isystem.eclipse.debug - 8] ISysAbstractDsfService : ***  3302147.9999  ***  ISysExpressionsService initialization(super) finished.
3302124 INFO  [si.isystem.eclipse.debug - 8] ISysAbstractDsfService : ***  3302148.0112  ***  ISysExpressionsService initialization(main) started.
3302124 INFO  [si.isystem.eclipse.debug - 8] ISysAbstractDsfService : ***  3302148.0266  ***  ISysExpressionsService specified as service event listener (method: eventDispatched)
3302124 INFO  [si.isystem.eclipse.debug - 8] ISysAbstractDsfService : ***  3302148.0415  ***  ISysExpressionsService initialization(main) finished.
3302124 INFO  [si.isystem.eclipse.debug - 8] ISysAbstractDsfService : ***  3302148.0491  ***  ISysExpressionsService initialization(sub) finished.
3302124 INFO  [si.isystem.eclipse.debug - 8] ISysAbstractDsfService : ***  3302148.0602  ***  ISysRegistersService initialization(super) started.
3302125 INFO  [si.isystem.eclipse.debug - 8] ISysAbstractDsfService : ***  3302148.4439  ***  ISysRegistersService initialization(super) finished.
3302125 INFO  [si.isystem.eclipse.debug - 8] ISysAbstractDsfService : ***  3302148.4595  ***  ISysRegistersService initialization(main) started.
3302125 INFO  [si.isystem.eclipse.debug - 8] ISysAbstractDsfService : ***  3302148.4705  ***  ISysRegistersService specified as service event listener (method: eventDispatched)
3302125 INFO  [si.isystem.eclipse.debug - 8] ISysAbstractDsfService : ***  3302148.5318  ***  ISysRegistersService initialization(main) finished.
3302125 INFO  [si.isystem.eclipse.debug - 8] ISysAbstractDsfService : ***  3302148.5442  ***  ISysRegistersService initialization(sub) finished.
3302125 INFO  [si.isystem.eclipse.debug - 8] ISysAbstractDsfService : ***  3302148.5568  ***  ISysDisassemblyService initialization(super) started.
3302125 INFO  [si.isystem.eclipse.debug - 8] ISysAbstractDsfService : ***  3302148.8115  ***  ISysDisassemblyService initialization(super) finished.
3302125 INFO  [si.isystem.eclipse.debug - 8] ISysAbstractDsfService : ***  3302148.838  ***  ISysDisassemblyService initialization(main) started.
3302125 INFO  [si.isystem.eclipse.debug - 8] ISysAbstractDsfService : ***  3302148.851  ***  ISysDisassemblyService initialization(main) finished.
3302125 INFO  [si.isystem.eclipse.debug - 8] ISysAbstractDsfService : ***  3302148.8584  ***  ISysDisassemblyService initialization(sub) finished.
3302125 INFO  [si.isystem.eclipse.debug - 8] ISysAbstractDsfService : ***  3302148.87  ***  ISysSfrService initialization(super) started.
3302125 INFO  [si.isystem.eclipse.debug - 8] ISysAbstractDsfService : ***  3302148.9634  ***  ISysSfrService initialization(super) finished.
3302125 INFO  [si.isystem.eclipse.debug - 8] ISysAbstractDsfService : ***  3302148.9744  ***  ISysSfrService initialization(main) started.
3302125 INFO  [si.isystem.eclipse.debug - 8] ISysAbstractDsfService : ***  3302148.9834  ***  ISysSfrService specified as service event listener (method: eventDispatched)
3302125 INFO  [si.isystem.eclipse.debug - 8] ISysAbstractDsfService : ***  3302148.9954  ***  ISysSfrService initialization(main) finished.
3302530 INFO  [si.isystem.eclipse.debug - 8] ISysAbstractDsfService : ***  3302552.9242  ***  ISysSfrService initialization(sub) finished.
3302533 INFO  [si.isystem.eclipse.debug - 8] ISysAbstractDsfService : ***  3302555.8133  ***  ISysRteService initialization(super) started.
3302533 INFO  [si.isystem.eclipse.debug - 8] ISysAbstractDsfService : ***  3302555.9945  ***  ISysRteService initialization(super) finished.
3302533 INFO  [si.isystem.eclipse.debug - 8] ISysAbstractDsfService : ***  3302556.0071  ***  ISysRteService initialization(main) started.
3302533 INFO  [si.isystem.eclipse.debug - 8] ISysAbstractDsfService : ***  3302556.0202  ***  ISysRteService specified as service event listener (method: eventDispatched)
3302533 INFO  [si.isystem.eclipse.debug - 8] ISysAbstractDsfService : ***  3302556.0347  ***  ISysRteService initialization(main) finished.
3302533 INFO  [si.isystem.eclipse.debug - 8] ISysAbstractDsfService : ***  3302556.0423  ***  ISysRteService initialization(sub) finished.
3302533 INFO  [si.isystem.eclipse.debug - 8] ISysAbstractDsfService : ***  3302556.0536  ***  ISysBreakpointService initialization(super) started.
3302533 INFO  [si.isystem.eclipse.debug - 8] ISysAbstractDsfService : ***  3302556.1482  ***  ISysBreakpointService initialization(super) finished.
3302533 INFO  [si.isystem.eclipse.debug - 8] ISysAbstractDsfService : ***  3302556.1625  ***  ISysBreakpointService initialization(main) started.
3302533 INFO  [si.isystem.eclipse.debug - 8] ISysAbstractDsfService : ***  3302556.1734  ***  ISysBreakpointService specified as service event listener (method: eventDispatched)
3302533 INFO  [si.isystem.eclipse.debug - 8] ISysAbstractDsfService : ***  3302556.1888  ***  ISysBreakpointService initialization(main) finished.
3302533 INFO  [si.isystem.eclipse.debug - 8] ISysAbstractDsfService : ***  3302556.1967  ***  ISysBreakpointService initialization(sub) finished.
3302534 INFO  [si.isystem.eclipse.debug - 8] ISysLaunch : ***  3302557.2711  ***  Services initialization sequence completed
3315822 INFO  [Worker-0: Command Executor Job] ISysAbstractDsfService : ***  3315846.0179  ***  ISysCommandControl command dequeued - exiting command processing loop
3315822 INFO  [si.isystem.eclipse.debug - 8] ISysAbstractCommand : ***  3315846.049  ***  Processing the last command to be processed: si.isystem.dsf.control.commands.ISysCmdMiscTerminateDebugger
3315822 INFO  [si.isystem.eclipse.debug - 8] ISysAbstractDsfService : ***  3315846.1065  ***  Command Control was shut down - cancelling remaining commands in queue.
3315822 INFO  [si.isystem.eclipse.debug - 8] ISysAbstractDsfService : ***  3315846.1328  ***  Command Controll queue is empty and closed.
3315823 INFO  [si.isystem.eclipse.debug - 8] ISysAbstractDsfService : ***  3315846.46  ***  ISysBreakpointService shutdown(super) started.
3315823 INFO  [si.isystem.eclipse.debug - 8] ISysAbstractDsfService : ***  3315846.4902  ***  ISysBreakpointService shutdown(super) finished.
3315823 INFO  [si.isystem.eclipse.debug - 8] ISysAbstractDsfService : ***  3315846.5016  ***  ISysBreakpointService shutdown(main) started.
3315823 INFO  [si.isystem.eclipse.debug - 8] ISysAbstractDsfService : ***  3315846.5152  ***  ISysBreakpointService removed from service event listener list
3315823 INFO  [si.isystem.eclipse.debug - 8] ISysAbstractDsfService : ***  3315846.6463  ***  ISysBreakpointService shutdown(main) finished.
3315823 INFO  [si.isystem.eclipse.debug - 8] ISysAbstractDsfService : ***  3315846.6624  ***  ISysBreakpointService shutdown(sub) finished.
3315823 INFO  [si.isystem.eclipse.debug - 8] ISysAbstractDsfService : ***  3315846.6882  ***  ISysRteService shutdown(super) started.
3315823 INFO  [si.isystem.eclipse.debug - 8] ISysAbstractDsfService : ***  3315846.7125  ***  ISysRteService shutdown(super) finished.
3315823 INFO  [si.isystem.eclipse.debug - 8] ISysAbstractDsfService : ***  3315846.7241  ***  ISysRteService shutdown(main) started.
3315823 INFO  [si.isystem.eclipse.debug - 8] ISysAbstractDsfService : ***  3315846.7576  ***  ISysRteService removed from service event listener list
3315823 INFO  [si.isystem.eclipse.debug - 8] ISysAbstractDsfService : ***  3315846.8759  ***  ISysRteService shutdown(main) finished.
3315823 INFO  [si.isystem.eclipse.debug - 8] ISysAbstractDsfService : ***  3315847.0611  ***  ISysRteService shutdown(sub) finished.
3315823 INFO  [si.isystem.eclipse.debug - 8] ISysAbstractDsfService : ***  3315847.0907  ***  ISysSfrService shutdown(super) started.
3315823 INFO  [si.isystem.eclipse.debug - 8] ISysAbstractDsfService : ***  3315847.1134  ***  ISysSfrService shutdown(super) finished.
3315823 INFO  [si.isystem.eclipse.debug - 8] ISysAbstractDsfService : ***  3315847.1254  ***  ISysSfrService shutdown(main) started.
3315823 INFO  [si.isystem.eclipse.debug - 8] ISysAbstractDsfService : ***  3315847.1371  ***  ISysSfrService removed from service event listener list
3315823 INFO  [si.isystem.eclipse.debug - 8] ISysAbstractDsfService : ***  3315847.2624  ***  ISysSfrService shutdown(main) finished.
3315823 INFO  [si.isystem.eclipse.debug - 8] ISysAbstractDsfService : ***  3315847.2964  ***  ISysSfrService shutdown(sub) finished.
3315824 INFO  [si.isystem.eclipse.debug - 8] ISysAbstractDsfService : ***  3315847.3228  ***  ISysDisassemblyService shutdown(super) started.
3315824 INFO  [si.isystem.eclipse.debug - 8] ISysAbstractDsfService : ***  3315847.344  ***  ISysDisassemblyService shutdown(super) finished.
3315824 INFO  [si.isystem.eclipse.debug - 8] ISysAbstractDsfService : ***  3315847.3545  ***  ISysDisassemblyService shutdown(main) started.
3315824 INFO  [si.isystem.eclipse.debug - 8] ISysAbstractDsfService : ***  3315847.492  ***  ISysDisassemblyService shutdown(main) finished.
3315824 INFO  [si.isystem.eclipse.debug - 8] ISysAbstractDsfService : ***  3315847.5105  ***  ISysDisassemblyService shutdown(sub) finished.
3315824 INFO  [si.isystem.eclipse.debug - 8] ISysAbstractDsfService : ***  3315847.5322  ***  ISysRegistersService shutdown(super) started.
3315824 INFO  [si.isystem.eclipse.debug - 8] ISysAbstractDsfService : ***  3315847.5511  ***  ISysRegistersService shutdown(super) finished.
3315824 INFO  [si.isystem.eclipse.debug - 8] ISysAbstractDsfService : ***  3315847.5649  ***  ISysRegistersService shutdown(main) started.
3315824 INFO  [si.isystem.eclipse.debug - 8] ISysAbstractDsfService : ***  3315847.5794  ***  ISysRegistersService removed from service event listener list
3315824 INFO  [si.isystem.eclipse.debug - 8] ISysAbstractDsfService : ***  3315847.7524  ***  ISysRegistersService shutdown(main) finished.
3315824 INFO  [si.isystem.eclipse.debug - 8] ISysAbstractDsfService : ***  3315847.7705  ***  ISysRegistersService shutdown(sub) finished.
3315824 INFO  [si.isystem.eclipse.debug - 8] ISysAbstractDsfService : ***  3315847.7929  ***  ISysExpressionsService shutdown(super) started.
3315824 INFO  [si.isystem.eclipse.debug - 8] ISysAbstractDsfService : ***  3315847.8131  ***  ISysExpressionsService shutdown(super) finished.
3315824 INFO  [si.isystem.eclipse.debug - 8] ISysAbstractDsfService : ***  3315847.8246  ***  ISysExpressionsService shutdown(main) started.
3315824 INFO  [si.isystem.eclipse.debug - 8] ISysAbstractDsfService : ***  3315847.836  ***  ISysExpressionsService removed from service event listener list
3315824 INFO  [si.isystem.eclipse.debug - 8] ISysAbstractDsfService : ***  3315848.0039  ***  ISysExpressionsService shutdown(main) finished.
3315824 INFO  [si.isystem.eclipse.debug - 8] ISysAbstractDsfService : ***  3315848.0195  ***  ISysExpressionsService shutdown(sub) finished.
3315824 INFO  [si.isystem.eclipse.debug - 8] ISysAbstractDsfService : ***  3315848.0411  ***  ISysSourceLookupService shutdown(super) started.
3315824 INFO  [si.isystem.eclipse.debug - 8] ISysAbstractDsfService : ***  3315848.0597  ***  ISysSourceLookupService shutdown(super) finished.
3315824 INFO  [si.isystem.eclipse.debug - 8] ISysAbstractDsfService : ***  3315848.0707  ***  ISysSourceLookupService shutdown(main) started.
3315824 INFO  [si.isystem.eclipse.debug - 8] ISysAbstractDsfService : ***  3315848.1848  ***  ISysSourceLookupService shutdown(main) finished.
3315824 INFO  [si.isystem.eclipse.debug - 8] ISysAbstractDsfService : ***  3315848.2006  ***  ISysSourceLookupService shutdown(sub) finished.
3315824 INFO  [si.isystem.eclipse.debug - 8] ISysAbstractDsfService : ***  3315848.2216  ***  ISysMemoryService shutdown(super) started.
3315824 INFO  [si.isystem.eclipse.debug - 8] ISysAbstractDsfService : ***  3315848.2413  ***  ISysMemoryService shutdown(super) finished.
3315824 INFO  [si.isystem.eclipse.debug - 8] ISysAbstractDsfService : ***  3315848.2522  ***  ISysMemoryService shutdown(main) started.
3315824 INFO  [si.isystem.eclipse.debug - 8] ISysAbstractDsfService : ***  3315848.2631  ***  ISysMemoryService removed from service event listener list
3315825 INFO  [si.isystem.eclipse.debug - 8] ISysAbstractDsfService : ***  3315848.4193  ***  ISysMemoryService shutdown(main) finished.
3315825 INFO  [si.isystem.eclipse.debug - 8] ISysAbstractDsfService : ***  3315848.4371  ***  ISysMemoryService shutdown(sub) finished.
3315825 INFO  [si.isystem.eclipse.debug - 8] ISysAbstractDsfService : ***  3315848.4535  ***  ISysStackService shutdown(super) started.
3315825 INFO  [si.isystem.eclipse.debug - 8] ISysAbstractDsfService : ***  3315848.4724  ***  ISysStackService shutdown(super) finished.
3315825 INFO  [si.isystem.eclipse.debug - 8] ISysAbstractDsfService : ***  3315848.4835  ***  ISysStackService shutdown(main) started.
3315825 INFO  [si.isystem.eclipse.debug - 8] ISysAbstractDsfService : ***  3315848.4967  ***  ISysStackService removed from service event listener list
3315825 INFO  [si.isystem.eclipse.debug - 8] ISysAbstractDsfService : ***  3315848.6198  ***  ISysStackService shutdown(main) finished.
3315825 INFO  [si.isystem.eclipse.debug - 8] ISysAbstractDsfService : ***  3315848.6354  ***  ISysStackService shutdown(sub) finished.
3315825 INFO  [si.isystem.eclipse.debug - 8] ISysAbstractDsfService : ***  3315848.6511  ***  ISysRunControl shutdown(super) started.
3315825 INFO  [si.isystem.eclipse.debug - 8] ISysAbstractDsfService : ***  3315848.6696  ***  ISysRunControl shutdown(super) finished.
3315825 INFO  [si.isystem.eclipse.debug - 8] ISysAbstractDsfService : ***  3315848.6801  ***  ISysRunControl shutdown(main) started.
3315825 INFO  [si.isystem.eclipse.debug - 8] ISysAbstractDsfService : ***  3315848.6943  ***  ISysRunControl removed from service event listener list
3315825 INFO  [si.isystem.eclipse.debug - 8] ISysAbstractDsfService : ***  3315848.8201  ***  ISysRunControl shutdown(main) finished.
3315825 INFO  [si.isystem.eclipse.debug - 8] ISysAbstractDsfService : ***  3315848.8362  ***  ISysRunControl shutdown(sub) finished.
3315825 INFO  [si.isystem.eclipse.debug - 8] ISysAbstractDsfService : ***  3315848.8515  ***  ISysCommandControl shutdown(super) started.
3315825 INFO  [si.isystem.eclipse.debug - 8] ISysAbstractDsfService : ***  3315848.8698  ***  ISysCommandControl shutdown(super) finished.
3315825 INFO  [si.isystem.eclipse.debug - 8] ISysAbstractDsfService : ***  3315848.8807  ***  ISysCommandControl shutdown(main) started.
3315825 INFO  [si.isystem.eclipse.debug - 8] ISysAbstractDsfService : ***  3315848.9967  ***  ISysCommandControl shutdown(main) finished.
3315825 INFO  [si.isystem.eclipse.debug - 8] ISysAbstractDsfService : ***  3315849.0111  ***  ISysCommandControl shutdown(sub) finished.
3315825 INFO  [si.isystem.eclipse.debug - 8] ISysAbstractDsfService : ***  3315849.0346  ***  ISysConnectionService shutdown(super) started.
3315825 INFO  [si.isystem.eclipse.debug - 8] IConnectProxy : ***  3315849.0875  ***  Shutting down iConnect for cores: [I@3430365c
3315825 INFO  [si.isystem.eclipse.debug - 8] IConnectProxy : ***  3315849.1098  ***  Disconnecting from and closing winIDEA on core 0.
3315866 INFO  [si.isystem.eclipse.debug - 8] ISysAbstractDsfService : ***  3315889.2341  ***  ISysConnectionService shutdown(super) finished.
3315866 INFO  [si.isystem.eclipse.debug - 8] ISysAbstractDsfService : ***  3315889.2781  ***  ISysConnectionService shutdown(main) started.
3315866 INFO  [si.isystem.eclipse.debug - 8] ISysAbstractDsfService : ***  3315889.287  ***  ISysConnectionService shutdown(main) finished.
3315866 INFO  [si.isystem.eclipse.debug - 8] ISysAbstractDsfService : ***  3315889.2953  ***  ISysConnectionService shutdown(sub) finished.
3315866 INFO  [si.isystem.eclipse.debug - 8] ISysLaunch : ***  3315889.3819  ***  Debug services shutdown completed.
3451934 INFO  [si.isystem.eclipse.debug - 9] ISysAbstractDsfService : ***  3451957.468  ***  ISysConnectionService initialization(super) started.
3451934 INFO  [si.isystem.eclipse.debug - 9] IConLaunchManager : ***  3451957.6915  ***  
Starting debug session using launch configuration paramenters: 
 - Launch name = 'TC275-LED TriCore Debug (TASKING)'
 - Project name = 'TC275-LED'
 - Project path = 'D:/Project/Aurix-TC275/TC275-LED'
 - Output file = 'TriCore Debug (TASKING)\TC275-LED.elf'
 - Stop on startup = 'true'
 - Stop on startup location = 'core0_main'
 - Verbose mode = false' - winIDEA visible = 'false'
 - Bring winIDEA to top = 'true'
 - Verify download = 'true'
 - Analyze source files = 'false'
 - Shutdown winIDEA at terminate session = 'true'
 - winIDEA workspace path = '.ads/winIDEAWorkspaces/TriCore-Debug-(TASKING)/ADS.xjrf'
 - full winIDEA workspace path = 'D:\Project\Aurix-TC275\TC275-LED\.ads\winIDEAWorkspaces\TriCore-Debug-(TASKING)\ADS.xjrf'
 - Device = 'TC275T'
 - Hardware = 'IFX_DAS'
 - Communication = 'USB'
 - Hardware debugger = ''
 - Image check = 'Default'
 - Create SMP = 'true'
 - After download action = 'none'
 - After download symbol = ''

3451934 INFO  [si.isystem.eclipse.debug - 9] ISysSessionManager : ***  3451957.7696  ***  Setting winIDEA workspace path to 'D:\Project\Aurix-TC275\TC275-LED\.ads\winIDEAWorkspaces\TriCore-Debug-(TASKING)\ADS.xjrf'
3451934 INFO  [si.isystem.eclipse.debug - 9] ISysSessionManager : ***  3451957.8797  ***  Connecting to winIDEA 'C:\Infineon\AURIX-Studio-1.10.16\winIDEA\' with workspace 'D:\Project\Aurix-TC275\TC275-LED\.ads\winIDEAWorkspaces\TriCore-Debug-(TASKING)\ADS.xjrf', winIDEA-ID: 'com.tasking.winIDEA.instance.id-TC275-LED TriCore Debug (TASKING)', visible: false, CLI args: '/HideCrashDumpMessage'
3452661 INFO  [si.isystem.eclipse.debug - 9] ISysSessionManager : ***  3452684.0153  ***  Connected to winIDEA and setup workspace.
3452661 INFO  [si.isystem.eclipse.debug - 9] ISysSessionManager : ***  3452684.0675  ***  Version of isystem.connect for Java: 9.21.334.0
3452661 INFO  [si.isystem.eclipse.debug - 9] ISysSessionManager : ***  3452684.1112  ***  Version of isystem.connect DLL: 9.21.334.0.0
3452661 INFO  [si.isystem.eclipse.debug - 9] ISysSessionManager : ***  3452684.487  ***  Version of winIDEA: 9.21.338.0.218131
3452661 INFO  [si.isystem.eclipse.debug - 9] ISysSessionManager : ***  3452684.5046  ***  Downloading ...
3454022 INFO  [si.isystem.eclipse.debug - 9] ISysSessionManager : ***  3454045.7814  ***  Downloading finished.
3454079 INFO  [si.isystem.eclipse.debug - 9] IConLaunchManager : ***  3454101.9537  ***  Connected to target.
3454079 INFO  [si.isystem.eclipse.debug - 9] IConLaunchManager : ***  3454101.9967  ***  Log level set to INFO
3454190 INFO  [si.isystem.eclipse.debug - 9] ISysAbstractDsfService : ***  3454213.8607  ***  ISysConnectionService initialization(super) finished.
3454190 INFO  [si.isystem.eclipse.debug - 9] ISysAbstractDsfService : ***  3454213.9117  ***  ISysConnectionService initialization(main) started.
3454190 INFO  [si.isystem.eclipse.debug - 9] ISysAbstractDsfService : ***  3454213.9301  ***  ISysConnectionService initialization(main) finished.
3454191 INFO  [si.isystem.eclipse.debug - 9] ISysAbstractDsfService : ***  3454213.9512  ***  ISysConnectionService initialization(sub) finished.
3454191 INFO  [si.isystem.eclipse.debug - 9] ISysAbstractDsfService : ***  3454213.9834  ***  ISysCommandControl initialization(super) started.
3454191 INFO  [Worker-5: Command Executor Job] ISysAbstractDsfService : ***  3454214.0889  ***  Command Executor Job started.
3454191 INFO  [si.isystem.eclipse.debug - 9] ISysAbstractDsfService : ***  3454214.1568  ***  ISysCommandControl initialization(super) finished.
3454191 INFO  [si.isystem.eclipse.debug - 9] ISysAbstractDsfService : ***  3454214.1682  ***  ISysCommandControl initialization(main) started.
3454191 INFO  [si.isystem.eclipse.debug - 9] ISysAbstractDsfService : ***  3454214.1794  ***  ISysCommandControl initialization(main) finished.
3454191 INFO  [si.isystem.eclipse.debug - 9] ISysAbstractDsfService : ***  3454214.186  ***  ISysCommandControl initialization(sub) finished.
3454191 INFO  [si.isystem.eclipse.debug - 9] ISysAbstractDsfService : ***  3454214.1976  ***  ISysRunControl initialization(super) started.
3454192 INFO  [si.isystem.eclipse.debug - 9] ISysAbstractDsfService : ***  3454215.6261  ***  ISysRunControl initialization(super) finished.
3454192 INFO  [si.isystem.eclipse.debug - 9] ISysAbstractDsfService : ***  3454215.6454  ***  ISysRunControl initialization(main) started.
3454192 INFO  [si.isystem.eclipse.debug - 9] ISysAbstractDsfService : ***  3454215.6594  ***  ISysRunControl specified as service event listener (method: eventDispatched)
3454192 INFO  [si.isystem.eclipse.debug - 9] ISysAbstractDsfService : ***  3454215.7818  ***  ISysRunControl initialization(main) finished.
3454194 INFO  [si.isystem.eclipse.debug - 9] ISysAbstractDsfService : ***  3454217.0954  ***  ISysRunControl initialization(sub) finished.
3454194 INFO  [si.isystem.eclipse.debug - 9] ISysAbstractDsfService : ***  3454217.1678  ***  ISysStackService initialization(super) started.
3454194 INFO  [si.isystem.eclipse.debug - 9] ISysAbstractDsfService : ***  3454217.3633  ***  ISysStackService initialization(super) finished.
3454194 INFO  [si.isystem.eclipse.debug - 9] ISysAbstractDsfService : ***  3454217.3763  ***  ISysStackService initialization(main) started.
3454194 INFO  [si.isystem.eclipse.debug - 9] ISysAbstractDsfService : ***  3454217.393  ***  ISysStackService specified as service event listener (method: eventDispatched)
3454194 INFO  [si.isystem.eclipse.debug - 9] ISysAbstractDsfService : ***  3454217.4085  ***  ISysStackService initialization(main) finished.
3454194 INFO  [si.isystem.eclipse.debug - 9] ISysAbstractDsfService : ***  3454217.4163  ***  ISysStackService initialization(sub) finished.
3454194 INFO  [si.isystem.eclipse.debug - 9] ISysAbstractDsfService : ***  3454217.4428  ***  ISysMemoryService initialization(super) started.
3454194 INFO  [si.isystem.eclipse.debug - 9] ISysAbstractDsfService : ***  3454217.4782  ***  Starting Memory Service sub-initialization sequence.
3454194 INFO  [si.isystem.eclipse.debug - 9] ISysAbstractDsfService : ***  3454217.4884  ***  ISysMemoryService initialization(super) finished.
3454194 INFO  [si.isystem.eclipse.debug - 9] ISysAbstractDsfService : ***  3454217.4946  ***  ISysMemoryService initialization(main) started.
3454194 INFO  [si.isystem.eclipse.debug - 9] ISysAbstractDsfService : ***  3454217.5032  ***  ISysMemoryService specified as service event listener (method: eventDispatched)
3454194 INFO  [si.isystem.eclipse.debug - 9] ISysAbstractDsfService : ***  3454217.5134  ***  ISysMemoryService initialization(main) finished.
3454194 INFO  [si.isystem.eclipse.debug - 9] ISysAbstractDsfService : ***  3454217.5289  ***  Initializing Memory Service block retrieval.
3454195 INFO  [si.isystem.eclipse.debug - 9] ISysAbstractDsfService : ***  3454218.7207  ***  Memory Service block retrieval initialized.
3454195 INFO  [si.isystem.eclipse.debug - 9] ISysAbstractDsfService : ***  3454218.7464  ***  Loading memory area properties.
3454196 INFO  [si.isystem.eclipse.debug - 9] ISysAbstractDsfService : ***  3454219.8294  ***  Adding 1 memory blocks.
3454196 INFO  [si.isystem.eclipse.debug - 9] ISysAbstractDsfService : ***  3454219.8848  ***  Block 'Virtual' [00000000:ffffffff] MAU=8 visible
3454196 INFO  [si.isystem.eclipse.debug - 9] ISysAbstractDsfService : ***  3454219.8952  ***  Memory Service block retrieval initialized.
3454197 INFO  [si.isystem.eclipse.debug - 9] ISysAbstractDsfService : ***  3454219.9157  ***  Registering memory model adapter and service.
3454197 INFO  [si.isystem.eclipse.debug - 9] ISysAbstractDsfService : ***  3454220.1867  ***  Memory model adapter and service registered.
3454197 INFO  [si.isystem.eclipse.debug - 9] ISysAbstractDsfService : ***  3454220.207  ***  ISysMemoryService initialization(sub) finished.
3454197 INFO  [si.isystem.eclipse.debug - 9] ISysAbstractDsfService : ***  3454220.2286  ***  ISysSourceLookupService initialization(super) started.
3454197 INFO  [si.isystem.eclipse.debug - 9] ISysAbstractDsfService : ***  3454220.3443  ***  ISysSourceLookupService initialization(super) finished.
3454197 INFO  [si.isystem.eclipse.debug - 9] ISysAbstractDsfService : ***  3454220.3556  ***  ISysSourceLookupService initialization(main) started.
3454197 INFO  [si.isystem.eclipse.debug - 9] ISysAbstractDsfService : ***  3454220.369  ***  ISysSourceLookupService initialization(main) finished.
3454197 INFO  [si.isystem.eclipse.debug - 9] ISysAbstractDsfService : ***  3454220.3763  ***  ISysSourceLookupService initialization(sub) finished.
3454197 INFO  [si.isystem.eclipse.debug - 9] ISysAbstractDsfService : ***  3454220.3863  ***  ISysExpressionsService initialization(super) started.
3454197 INFO  [si.isystem.eclipse.debug - 9] ISysAbstractDsfService : ***  3454220.5092  ***  ISysExpressionsService initialization(super) finished.
3454197 INFO  [si.isystem.eclipse.debug - 9] ISysAbstractDsfService : ***  3454220.5204  ***  ISysExpressionsService initialization(main) started.
3454197 INFO  [si.isystem.eclipse.debug - 9] ISysAbstractDsfService : ***  3454220.5302  ***  ISysExpressionsService specified as service event listener (method: eventDispatched)
3454197 INFO  [si.isystem.eclipse.debug - 9] ISysAbstractDsfService : ***  3454220.5432  ***  ISysExpressionsService initialization(main) finished.
3454197 INFO  [si.isystem.eclipse.debug - 9] ISysAbstractDsfService : ***  3454220.5503  ***  ISysExpressionsService initialization(sub) finished.
3454197 INFO  [si.isystem.eclipse.debug - 9] ISysAbstractDsfService : ***  3454220.5721  ***  ISysRegistersService initialization(super) started.
3454198 INFO  [si.isystem.eclipse.debug - 9] ISysAbstractDsfService : ***  3454220.9398  ***  ISysRegistersService initialization(super) finished.
3454198 INFO  [si.isystem.eclipse.debug - 9] ISysAbstractDsfService : ***  3454220.9599  ***  ISysRegistersService initialization(main) started.
3454198 INFO  [si.isystem.eclipse.debug - 9] ISysAbstractDsfService : ***  3454220.9857  ***  ISysRegistersService specified as service event listener (method: eventDispatched)
3454198 INFO  [si.isystem.eclipse.debug - 9] ISysAbstractDsfService : ***  3454220.9981  ***  ISysRegistersService initialization(main) finished.
3454198 INFO  [si.isystem.eclipse.debug - 9] ISysAbstractDsfService : ***  3454221.0058  ***  ISysRegistersService initialization(sub) finished.
3454198 INFO  [si.isystem.eclipse.debug - 9] ISysAbstractDsfService : ***  3454221.015  ***  ISysDisassemblyService initialization(super) started.
3454198 INFO  [si.isystem.eclipse.debug - 9] ISysAbstractDsfService : ***  3454221.2168  ***  ISysDisassemblyService initialization(super) finished.
3454198 INFO  [si.isystem.eclipse.debug - 9] ISysAbstractDsfService : ***  3454221.2298  ***  ISysDisassemblyService initialization(main) started.
3454198 INFO  [si.isystem.eclipse.debug - 9] ISysAbstractDsfService : ***  3454221.2408  ***  ISysDisassemblyService initialization(main) finished.
3454198 INFO  [si.isystem.eclipse.debug - 9] ISysAbstractDsfService : ***  3454221.2479  ***  ISysDisassemblyService initialization(sub) finished.
3454198 INFO  [si.isystem.eclipse.debug - 9] ISysAbstractDsfService : ***  3454221.2571  ***  ISysSfrService initialization(super) started.
3454198 INFO  [si.isystem.eclipse.debug - 9] ISysAbstractDsfService : ***  3454221.3465  ***  ISysSfrService initialization(super) finished.
3454198 INFO  [si.isystem.eclipse.debug - 9] ISysAbstractDsfService : ***  3454221.3566  ***  ISysSfrService initialization(main) started.
3454198 INFO  [si.isystem.eclipse.debug - 9] ISysAbstractDsfService : ***  3454221.3651  ***  ISysSfrService specified as service event listener (method: eventDispatched)
3454198 INFO  [si.isystem.eclipse.debug - 9] ISysAbstractDsfService : ***  3454221.3758  ***  ISysSfrService initialization(main) finished.
3454613 INFO  [si.isystem.eclipse.debug - 9] ISysAbstractDsfService : ***  3454635.8558  ***  ISysSfrService initialization(sub) finished.
3454616 INFO  [si.isystem.eclipse.debug - 9] ISysAbstractDsfService : ***  3454638.9181  ***  ISysRteService initialization(super) started.
3454616 INFO  [si.isystem.eclipse.debug - 9] ISysAbstractDsfService : ***  3454639.1171  ***  ISysRteService initialization(super) finished.
3454616 INFO  [si.isystem.eclipse.debug - 9] ISysAbstractDsfService : ***  3454639.1318  ***  ISysRteService initialization(main) started.
3454616 INFO  [si.isystem.eclipse.debug - 9] ISysAbstractDsfService : ***  3454639.1437  ***  ISysRteService specified as service event listener (method: eventDispatched)
3454616 INFO  [si.isystem.eclipse.debug - 9] ISysAbstractDsfService : ***  3454639.1587  ***  ISysRteService initialization(main) finished.
3454616 INFO  [si.isystem.eclipse.debug - 9] ISysAbstractDsfService : ***  3454639.1664  ***  ISysRteService initialization(sub) finished.
3454616 INFO  [si.isystem.eclipse.debug - 9] ISysAbstractDsfService : ***  3454639.1772  ***  ISysBreakpointService initialization(super) started.
3454616 INFO  [si.isystem.eclipse.debug - 9] ISysAbstractDsfService : ***  3454639.2874  ***  ISysBreakpointService initialization(super) finished.
3454616 INFO  [si.isystem.eclipse.debug - 9] ISysAbstractDsfService : ***  3454639.3012  ***  ISysBreakpointService initialization(main) started.
3454616 INFO  [si.isystem.eclipse.debug - 9] ISysAbstractDsfService : ***  3454639.3109  ***  ISysBreakpointService specified as service event listener (method: eventDispatched)
3454616 INFO  [si.isystem.eclipse.debug - 9] ISysAbstractDsfService : ***  3454639.322  ***  ISysBreakpointService initialization(main) finished.
3454616 INFO  [si.isystem.eclipse.debug - 9] ISysAbstractDsfService : ***  3454639.3293  ***  ISysBreakpointService initialization(sub) finished.
3454617 INFO  [si.isystem.eclipse.debug - 9] ISysLaunch : ***  3454640.4757  ***  Services initialization sequence completed
3457413 INFO  [si.isystem.eclipse.debug - 9] ISysAbstractCommand : ***  3457436.2147  ***  Failed to execute command: ICONNECT_E_CAN_NOT_ACCESS: Evaluation required a memory access which could not be performed. / Please make sure that winIDEA has the code loaded.  [CDataController2.cpp, 168]
    __function__: isys::CDataController2::getDisassembly
    __flags__: 2
    __memArea__: 0
    __numMAUs__: 84
    __startAddress__: 0

java.lang.IllegalStateException: ICONNECT_E_CAN_NOT_ACCESS: Evaluation required a memory access which could not be performed. / Please make sure that winIDEA has the code loaded.  [CDataController2.cpp, 168]
    __function__: isys::CDataController2::getDisassembly
    __flags__: 2
    __memArea__: 0
    __numMAUs__: 84
    __startAddress__: 0

	at si.isystem.connect.connectJNI.CDataController2_getDisassembly__SWIG_1(Native Method)
	at si.isystem.connect.CDataController2.getDisassembly(CDataController2.java:113)
	at si.isystem.connect.adapters.JDataController.getDisassembly(Unknown Source)
	at si.isystem.dsf.control.commands.ISysCmdDisGetInstrByAddr.process(Unknown Source)
	at si.isystem.dsf.control.ISysAbstractCommand.executeCommand(Unknown Source)
	at si.isystem.dsf.services.ISysCommandControl$CommandExecutorJob$1.run(Unknown Source)
	at java.base/java.util.concurrent.Executors$RunnableAdapter.call(Executors.java:539)
	at java.base/java.util.concurrent.FutureTask.run(FutureTask.java:264)
	at java.base/java.util.concurrent.ScheduledThreadPoolExecutor$ScheduledFutureTask.run(ScheduledThreadPoolExecutor.java:304)
	at java.base/java.util.concurrent.ThreadPoolExecutor.runWorker(ThreadPoolExecutor.java:1136)
	at java.base/java.util.concurrent.ThreadPoolExecutor$Worker.run(ThreadPoolExecutor.java:635)
	at java.base/java.lang.Thread.run(Thread.java:840)
3457431 INFO  [si.isystem.eclipse.debug - 9] ISysAbstractCommand : ***  3457454.6984  ***  Failed to execute command: ICONNECT_E_CAN_NOT_ACCESS: Evaluation required a memory access which could not be performed. / Please make sure that winIDEA has the code loaded.  [CDataController2.cpp, 168]
    __function__: isys::CDataController2::getDisassembly
    __flags__: 2
    __memArea__: 0
    __numMAUs__: 92
    __startAddress__: 1

java.lang.IllegalStateException: ICONNECT_E_CAN_NOT_ACCESS: Evaluation required a memory access which could not be performed. / Please make sure that winIDEA has the code loaded.  [CDataController2.cpp, 168]
    __function__: isys::CDataController2::getDisassembly
    __flags__: 2
    __memArea__: 0
    __numMAUs__: 92
    __startAddress__: 1

	at si.isystem.connect.connectJNI.CDataController2_getDisassembly__SWIG_1(Native Method)
	at si.isystem.connect.CDataController2.getDisassembly(CDataController2.java:113)
	at si.isystem.connect.adapters.JDataController.getDisassembly(Unknown Source)
	at si.isystem.dsf.control.commands.ISysCmdDisGetInstrByAddr.process(Unknown Source)
	at si.isystem.dsf.control.ISysAbstractCommand.executeCommand(Unknown Source)
	at si.isystem.dsf.services.ISysCommandControl$CommandExecutorJob$1.run(Unknown Source)
	at java.base/java.util.concurrent.Executors$RunnableAdapter.call(Executors.java:539)
	at java.base/java.util.concurrent.FutureTask.run(FutureTask.java:264)
	at java.base/java.util.concurrent.ScheduledThreadPoolExecutor$ScheduledFutureTask.run(ScheduledThreadPoolExecutor.java:304)
	at java.base/java.util.concurrent.ThreadPoolExecutor.runWorker(ThreadPoolExecutor.java:1136)
	at java.base/java.util.concurrent.ThreadPoolExecutor$Worker.run(ThreadPoolExecutor.java:635)
	at java.base/java.lang.Thread.run(Thread.java:840)
3457446 INFO  [si.isystem.eclipse.debug - 9] ISysAbstractCommand : ***  3457469.2111  ***  Failed to execute command: ICONNECT_E_CAN_NOT_ACCESS: Evaluation required a memory access which could not be performed. / Please make sure that winIDEA has the code loaded.  [CDataController2.cpp, 168]
    __function__: isys::CDataController2::getDisassembly
    __flags__: 2
    __memArea__: 0
    __numMAUs__: 92
    __startAddress__: 2

java.lang.IllegalStateException: ICONNECT_E_CAN_NOT_ACCESS: Evaluation required a memory access which could not be performed. / Please make sure that winIDEA has the code loaded.  [CDataController2.cpp, 168]
    __function__: isys::CDataController2::getDisassembly
    __flags__: 2
    __memArea__: 0
    __numMAUs__: 92
    __startAddress__: 2

	at si.isystem.connect.connectJNI.CDataController2_getDisassembly__SWIG_1(Native Method)
	at si.isystem.connect.CDataController2.getDisassembly(CDataController2.java:113)
	at si.isystem.connect.adapters.JDataController.getDisassembly(Unknown Source)
	at si.isystem.dsf.control.commands.ISysCmdDisGetInstrByAddr.process(Unknown Source)
	at si.isystem.dsf.control.ISysAbstractCommand.executeCommand(Unknown Source)
	at si.isystem.dsf.services.ISysCommandControl$CommandExecutorJob$1.run(Unknown Source)
	at java.base/java.util.concurrent.Executors$RunnableAdapter.call(Executors.java:539)
	at java.base/java.util.concurrent.FutureTask.run(FutureTask.java:264)
	at java.base/java.util.concurrent.ScheduledThreadPoolExecutor$ScheduledFutureTask.run(ScheduledThreadPoolExecutor.java:304)
	at java.base/java.util.concurrent.ThreadPoolExecutor.runWorker(ThreadPoolExecutor.java:1136)
	at java.base/java.util.concurrent.ThreadPoolExecutor$Worker.run(ThreadPoolExecutor.java:635)
	at java.base/java.lang.Thread.run(Thread.java:840)
3457463 INFO  [si.isystem.eclipse.debug - 9] ISysAbstractCommand : ***  3457486.5004  ***  Failed to execute command: ICONNECT_E_CAN_NOT_ACCESS: Evaluation required a memory access which could not be performed. / Please make sure that winIDEA has the code loaded.  [CDataController2.cpp, 168]
    __function__: isys::CDataController2::getDisassembly
    __flags__: 2
    __memArea__: 0
    __numMAUs__: 32
    __startAddress__: 0

java.lang.IllegalStateException: ICONNECT_E_CAN_NOT_ACCESS: Evaluation required a memory access which could not be performed. / Please make sure that winIDEA has the code loaded.  [CDataController2.cpp, 168]
    __function__: isys::CDataController2::getDisassembly
    __flags__: 2
    __memArea__: 0
    __numMAUs__: 32
    __startAddress__: 0

	at si.isystem.connect.connectJNI.CDataController2_getDisassembly__SWIG_1(Native Method)
	at si.isystem.connect.CDataController2.getDisassembly(CDataController2.java:113)
	at si.isystem.connect.adapters.JDataController.getDisassembly(Unknown Source)
	at si.isystem.dsf.control.commands.ISysCmdDisGetInstrByAddr.process(Unknown Source)
	at si.isystem.dsf.control.ISysAbstractCommand.executeCommand(Unknown Source)
	at si.isystem.dsf.services.ISysCommandControl$CommandExecutorJob$1.run(Unknown Source)
	at java.base/java.util.concurrent.Executors$RunnableAdapter.call(Executors.java:539)
	at java.base/java.util.concurrent.FutureTask.run(FutureTask.java:264)
	at java.base/java.util.concurrent.ScheduledThreadPoolExecutor$ScheduledFutureTask.run(ScheduledThreadPoolExecutor.java:304)
	at java.base/java.util.concurrent.ThreadPoolExecutor.runWorker(ThreadPoolExecutor.java:1136)
	at java.base/java.util.concurrent.ThreadPoolExecutor$Worker.run(ThreadPoolExecutor.java:635)
	at java.base/java.lang.Thread.run(Thread.java:840)
3457501 INFO  [si.isystem.eclipse.debug - 9] ISysAbstractCommand : ***  3457524.1607  ***  Failed to execute command: ICONNECT_E_CAN_NOT_ACCESS: Evaluation required a memory access which could not be performed. / Please make sure that winIDEA has the code loaded.  [CDataController2.cpp, 168]
    __function__: isys::CDataController2::getDisassembly
    __flags__: 2
    __memArea__: 0
    __numMAUs__: 32
    __startAddress__: 1

java.lang.IllegalStateException: ICONNECT_E_CAN_NOT_ACCESS: Evaluation required a memory access which could not be performed. / Please make sure that winIDEA has the code loaded.  [CDataController2.cpp, 168]
    __function__: isys::CDataController2::getDisassembly
    __flags__: 2
    __memArea__: 0
    __numMAUs__: 32
    __startAddress__: 1

	at si.isystem.connect.connectJNI.CDataController2_getDisassembly__SWIG_1(Native Method)
	at si.isystem.connect.CDataController2.getDisassembly(CDataController2.java:113)
	at si.isystem.connect.adapters.JDataController.getDisassembly(Unknown Source)
	at si.isystem.dsf.control.commands.ISysCmdDisGetInstrByAddr.process(Unknown Source)
	at si.isystem.dsf.control.ISysAbstractCommand.executeCommand(Unknown Source)
	at si.isystem.dsf.services.ISysCommandControl$CommandExecutorJob$1.run(Unknown Source)
	at java.base/java.util.concurrent.Executors$RunnableAdapter.call(Executors.java:539)
	at java.base/java.util.concurrent.FutureTask.run(FutureTask.java:264)
	at java.base/java.util.concurrent.ScheduledThreadPoolExecutor$ScheduledFutureTask.run(ScheduledThreadPoolExecutor.java:304)
	at java.base/java.util.concurrent.ThreadPoolExecutor.runWorker(ThreadPoolExecutor.java:1136)
	at java.base/java.util.concurrent.ThreadPoolExecutor$Worker.run(ThreadPoolExecutor.java:635)
	at java.base/java.lang.Thread.run(Thread.java:840)
3514334 INFO  [Worker-5: Command Executor Job] ISysAbstractDsfService : ***  3514357.9773  ***  ISysCommandControl command dequeued - exiting command processing loop
3514334 INFO  [si.isystem.eclipse.debug - 9] ISysAbstractCommand : ***  3514358.0162  ***  Processing the last command to be processed: si.isystem.dsf.control.commands.ISysCmdMiscTerminateDebugger
3514334 INFO  [si.isystem.eclipse.debug - 9] ISysAbstractDsfService : ***  3514358.0622  ***  Command Control was shut down - cancelling remaining commands in queue.
3514334 INFO  [si.isystem.eclipse.debug - 9] ISysAbstractDsfService : ***  3514358.08  ***  Command Controll queue is empty and closed.
3514335 INFO  [si.isystem.eclipse.debug - 9] ISysAbstractDsfService : ***  3514358.4243  ***  ISysBreakpointService shutdown(super) started.
3514335 INFO  [si.isystem.eclipse.debug - 9] ISysAbstractDsfService : ***  3514358.4542  ***  ISysBreakpointService shutdown(super) finished.
3514335 INFO  [si.isystem.eclipse.debug - 9] ISysAbstractDsfService : ***  3514358.4655  ***  ISysBreakpointService shutdown(main) started.
3514335 INFO  [si.isystem.eclipse.debug - 9] ISysAbstractDsfService : ***  3514358.478  ***  ISysBreakpointService removed from service event listener list
3514335 INFO  [si.isystem.eclipse.debug - 9] ISysAbstractDsfService : ***  3514358.6029  ***  ISysBreakpointService shutdown(main) finished.
3514335 INFO  [si.isystem.eclipse.debug - 9] ISysAbstractDsfService : ***  3514358.6191  ***  ISysBreakpointService shutdown(sub) finished.
3514335 INFO  [si.isystem.eclipse.debug - 9] ISysAbstractDsfService : ***  3514358.6408  ***  ISysRteService shutdown(super) started.
3514335 INFO  [si.isystem.eclipse.debug - 9] ISysAbstractDsfService : ***  3514358.668  ***  ISysRteService shutdown(super) finished.
3514335 INFO  [si.isystem.eclipse.debug - 9] ISysAbstractDsfService : ***  3514358.679  ***  ISysRteService shutdown(main) started.
3514335 INFO  [si.isystem.eclipse.debug - 9] ISysAbstractDsfService : ***  3514358.6904  ***  ISysRteService removed from service event listener list
3514335 INFO  [si.isystem.eclipse.debug - 9] ISysAbstractDsfService : ***  3514358.793  ***  ISysRteService shutdown(main) finished.
3514335 INFO  [si.isystem.eclipse.debug - 9] ISysAbstractDsfService : ***  3514358.8449  ***  ISysRteService shutdown(sub) finished.
3514335 INFO  [si.isystem.eclipse.debug - 9] ISysAbstractDsfService : ***  3514358.8685  ***  ISysSfrService shutdown(super) started.
3514335 INFO  [si.isystem.eclipse.debug - 9] ISysAbstractDsfService : ***  3514358.8907  ***  ISysSfrService shutdown(super) finished.
3514335 INFO  [si.isystem.eclipse.debug - 9] ISysAbstractDsfService : ***  3514358.9016  ***  ISysSfrService shutdown(main) started.
3514335 INFO  [si.isystem.eclipse.debug - 9] ISysAbstractDsfService : ***  3514358.9122  ***  ISysSfrService removed from service event listener list
3514335 INFO  [si.isystem.eclipse.debug - 9] ISysAbstractDsfService : ***  3514359.0249  ***  ISysSfrService shutdown(main) finished.
3514335 INFO  [si.isystem.eclipse.debug - 9] ISysAbstractDsfService : ***  3514359.055  ***  ISysSfrService shutdown(sub) finished.
3514335 INFO  [si.isystem.eclipse.debug - 9] ISysAbstractDsfService : ***  3514359.0823  ***  ISysDisassemblyService shutdown(super) started.
3514335 INFO  [si.isystem.eclipse.debug - 9] ISysAbstractDsfService : ***  3514359.1056  ***  ISysDisassemblyService shutdown(super) finished.
3514335 INFO  [si.isystem.eclipse.debug - 9] ISysAbstractDsfService : ***  3514359.1167  ***  ISysDisassemblyService shutdown(main) started.
3514335 INFO  [si.isystem.eclipse.debug - 9] ISysAbstractDsfService : ***  3514359.2487  ***  ISysDisassemblyService shutdown(main) finished.
3514335 INFO  [si.isystem.eclipse.debug - 9] ISysAbstractDsfService : ***  3514359.2643  ***  ISysDisassemblyService shutdown(sub) finished.
3514335 INFO  [si.isystem.eclipse.debug - 9] ISysAbstractDsfService : ***  3514359.2851  ***  ISysRegistersService shutdown(super) started.
3514335 INFO  [si.isystem.eclipse.debug - 9] ISysAbstractDsfService : ***  3514359.3032  ***  ISysRegistersService shutdown(super) finished.
3514335 INFO  [si.isystem.eclipse.debug - 9] ISysAbstractDsfService : ***  3514359.3136  ***  ISysRegistersService shutdown(main) started.
3514335 INFO  [si.isystem.eclipse.debug - 9] ISysAbstractDsfService : ***  3514359.3242  ***  ISysRegistersService removed from service event listener list
3514336 INFO  [si.isystem.eclipse.debug - 9] ISysAbstractDsfService : ***  3514359.4703  ***  ISysRegistersService shutdown(main) finished.
3514336 INFO  [si.isystem.eclipse.debug - 9] ISysAbstractDsfService : ***  3514359.4857  ***  ISysRegistersService shutdown(sub) finished.
3514336 INFO  [si.isystem.eclipse.debug - 9] ISysAbstractDsfService : ***  3514359.5057  ***  ISysExpressionsService shutdown(super) started.
3514336 INFO  [si.isystem.eclipse.debug - 9] ISysAbstractDsfService : ***  3514359.5255  ***  ISysExpressionsService shutdown(super) finished.
3514336 INFO  [si.isystem.eclipse.debug - 9] ISysAbstractDsfService : ***  3514359.536  ***  ISysExpressionsService shutdown(main) started.
3514336 INFO  [si.isystem.eclipse.debug - 9] ISysAbstractDsfService : ***  3514359.5468  ***  ISysExpressionsService removed from service event listener list
3514336 INFO  [si.isystem.eclipse.debug - 9] ISysAbstractDsfService : ***  3514359.7144  ***  ISysExpressionsService shutdown(main) finished.
3514336 INFO  [si.isystem.eclipse.debug - 9] ISysAbstractDsfService : ***  3514359.7297  ***  ISysExpressionsService shutdown(sub) finished.
3514336 INFO  [si.isystem.eclipse.debug - 9] ISysAbstractDsfService : ***  3514359.7502  ***  ISysSourceLookupService shutdown(super) started.
3514336 INFO  [si.isystem.eclipse.debug - 9] ISysAbstractDsfService : ***  3514359.7672  ***  ISysSourceLookupService shutdown(super) finished.
3514336 INFO  [si.isystem.eclipse.debug - 9] ISysAbstractDsfService : ***  3514359.7771  ***  ISysSourceLookupService shutdown(main) started.
3514336 INFO  [si.isystem.eclipse.debug - 9] ISysAbstractDsfService : ***  3514359.8831  ***  ISysSourceLookupService shutdown(main) finished.
3514336 INFO  [si.isystem.eclipse.debug - 9] ISysAbstractDsfService : ***  3514359.8976  ***  ISysSourceLookupService shutdown(sub) finished.
3514336 INFO  [si.isystem.eclipse.debug - 9] ISysAbstractDsfService : ***  3514359.9165  ***  ISysMemoryService shutdown(super) started.
3514336 INFO  [si.isystem.eclipse.debug - 9] ISysAbstractDsfService : ***  3514359.9351  ***  ISysMemoryService shutdown(super) finished.
3514336 INFO  [si.isystem.eclipse.debug - 9] ISysAbstractDsfService : ***  3514359.9455  ***  ISysMemoryService shutdown(main) started.
3514336 INFO  [si.isystem.eclipse.debug - 9] ISysAbstractDsfService : ***  3514359.9561  ***  ISysMemoryService removed from service event listener list
3514336 INFO  [si.isystem.eclipse.debug - 9] ISysAbstractDsfService : ***  3514360.0854  ***  ISysMemoryService shutdown(main) finished.
3514336 INFO  [si.isystem.eclipse.debug - 9] ISysAbstractDsfService : ***  3514360.1006  ***  ISysMemoryService shutdown(sub) finished.
3514336 INFO  [si.isystem.eclipse.debug - 9] ISysAbstractDsfService : ***  3514360.1169  ***  ISysStackService shutdown(super) started.
3514336 INFO  [si.isystem.eclipse.debug - 9] ISysAbstractDsfService : ***  3514360.137  ***  ISysStackService shutdown(super) finished.
3514336 INFO  [si.isystem.eclipse.debug - 9] ISysAbstractDsfService : ***  3514360.1478  ***  ISysStackService shutdown(main) started.
3514336 INFO  [si.isystem.eclipse.debug - 9] ISysAbstractDsfService : ***  3514360.1585  ***  ISysStackService removed from service event listener list
3514336 INFO  [si.isystem.eclipse.debug - 9] ISysAbstractDsfService : ***  3514360.2792  ***  ISysStackService shutdown(main) finished.
3514336 INFO  [si.isystem.eclipse.debug - 9] ISysAbstractDsfService : ***  3514360.2941  ***  ISysStackService shutdown(sub) finished.
3514336 INFO  [si.isystem.eclipse.debug - 9] ISysAbstractDsfService : ***  3514360.3088  ***  ISysRunControl shutdown(super) started.
3514336 INFO  [si.isystem.eclipse.debug - 9] ISysAbstractDsfService : ***  3514360.3258  ***  ISysRunControl shutdown(super) finished.
3514337 INFO  [si.isystem.eclipse.debug - 9] ISysAbstractDsfService : ***  3514360.338  ***  ISysRunControl shutdown(main) started.
3514337 INFO  [si.isystem.eclipse.debug - 9] ISysAbstractDsfService : ***  3514360.3485  ***  ISysRunControl removed from service event listener list
3514337 INFO  [si.isystem.eclipse.debug - 9] ISysAbstractDsfService : ***  3514360.4804  ***  ISysRunControl shutdown(main) finished.
3514337 INFO  [si.isystem.eclipse.debug - 9] ISysAbstractDsfService : ***  3514360.4966  ***  ISysRunControl shutdown(sub) finished.
3514337 INFO  [si.isystem.eclipse.debug - 9] ISysAbstractDsfService : ***  3514360.5112  ***  ISysCommandControl shutdown(super) started.
3514337 INFO  [si.isystem.eclipse.debug - 9] ISysAbstractDsfService : ***  3514360.5284  ***  ISysCommandControl shutdown(super) finished.
3514337 INFO  [si.isystem.eclipse.debug - 9] ISysAbstractDsfService : ***  3514360.5388  ***  ISysCommandControl shutdown(main) started.
3514337 INFO  [si.isystem.eclipse.debug - 9] ISysAbstractDsfService : ***  3514360.6613  ***  ISysCommandControl shutdown(main) finished.
3514337 INFO  [si.isystem.eclipse.debug - 9] ISysAbstractDsfService : ***  3514360.6766  ***  ISysCommandControl shutdown(sub) finished.
3514337 INFO  [si.isystem.eclipse.debug - 9] ISysAbstractDsfService : ***  3514360.6982  ***  ISysConnectionService shutdown(super) started.
3514337 INFO  [si.isystem.eclipse.debug - 9] IConnectProxy : ***  3514360.7491  ***  Shutting down iConnect for cores: [I@64e84a89
3514337 INFO  [si.isystem.eclipse.debug - 9] IConnectProxy : ***  3514360.7703  ***  Disconnecting from and closing winIDEA on core 0.
3514379 INFO  [si.isystem.eclipse.debug - 9] ISysAbstractDsfService : ***  3514402.9526  ***  ISysConnectionService shutdown(super) finished.
3514379 INFO  [si.isystem.eclipse.debug - 9] ISysAbstractDsfService : ***  3514402.9904  ***  ISysConnectionService shutdown(main) started.
3514379 INFO  [si.isystem.eclipse.debug - 9] ISysAbstractDsfService : ***  3514402.9987  ***  ISysConnectionService shutdown(main) finished.
3514379 INFO  [si.isystem.eclipse.debug - 9] ISysAbstractDsfService : ***  3514403.0066  ***  ISysConnectionService shutdown(sub) finished.
3514379 INFO  [si.isystem.eclipse.debug - 9] ISysLaunch : ***  3514403.0392  ***  Debug services shutdown completed.
3673160 INFO  [si.isystem.eclipse.debug - 10] ISysAbstractDsfService : ***  3673182.7059  ***  ISysConnectionService initialization(super) started.
3673160 INFO  [si.isystem.eclipse.debug - 10] IConLaunchManager : ***  3673182.9638  ***  
Starting debug session using launch configuration paramenters: 
 - Launch name = 'TC275-LED TriCore Debug (TASKING)'
 - Project name = 'TC275-LED'
 - Project path = 'D:/Project/Aurix-TC275/TC275-LED'
 - Output file = 'TriCore Debug (TASKING)\TC275-LED.elf'
 - Stop on startup = 'true'
 - Stop on startup location = 'core0_main'
 - Verbose mode = false' - winIDEA visible = 'false'
 - Bring winIDEA to top = 'true'
 - Verify download = 'true'
 - Analyze source files = 'false'
 - Shutdown winIDEA at terminate session = 'true'
 - winIDEA workspace path = '.ads/winIDEAWorkspaces/TriCore-Debug-(TASKING)/ADS.xjrf'
 - full winIDEA workspace path = 'D:\Project\Aurix-TC275\TC275-LED\.ads\winIDEAWorkspaces\TriCore-Debug-(TASKING)\ADS.xjrf'
 - Device = 'TC275T'
 - Hardware = 'IFX_DAS'
 - Communication = 'USB'
 - Hardware debugger = ''
 - Image check = 'Default'
 - Create SMP = 'true'
 - After download action = 'none'
 - After download symbol = ''

3673160 INFO  [si.isystem.eclipse.debug - 10] ISysSessionManager : ***  3673183.0514  ***  Setting winIDEA workspace path to 'D:\Project\Aurix-TC275\TC275-LED\.ads\winIDEAWorkspaces\TriCore-Debug-(TASKING)\ADS.xjrf'
3673160 INFO  [si.isystem.eclipse.debug - 10] ISysSessionManager : ***  3673183.1548  ***  Connecting to winIDEA 'C:\Infineon\AURIX-Studio-1.10.16\winIDEA\' with workspace 'D:\Project\Aurix-TC275\TC275-LED\.ads\winIDEAWorkspaces\TriCore-Debug-(TASKING)\ADS.xjrf', winIDEA-ID: 'com.tasking.winIDEA.instance.id-TC275-LED TriCore Debug (TASKING)', visible: false, CLI args: '/HideCrashDumpMessage'
3673886 INFO  [si.isystem.eclipse.debug - 10] ISysSessionManager : ***  3673908.8486  ***  Connected to winIDEA and setup workspace.
3673886 INFO  [si.isystem.eclipse.debug - 10] ISysSessionManager : ***  3673908.8959  ***  Version of isystem.connect for Java: 9.21.334.0
3673886 INFO  [si.isystem.eclipse.debug - 10] ISysSessionManager : ***  3673908.9332  ***  Version of isystem.connect DLL: 9.21.334.0.0
3673886 INFO  [si.isystem.eclipse.debug - 10] ISysSessionManager : ***  3673909.2691  ***  Version of winIDEA: 9.21.338.0.218131
3673886 INFO  [si.isystem.eclipse.debug - 10] ISysSessionManager : ***  3673909.2867  ***  Downloading ...
3675244 INFO  [si.isystem.eclipse.debug - 10] ISysSessionManager : ***  3675267.239  ***  Downloading finished.
3675301 INFO  [si.isystem.eclipse.debug - 10] IConLaunchManager : ***  3675324.3775  ***  Connected to target.
3675301 INFO  [si.isystem.eclipse.debug - 10] IConLaunchManager : ***  3675324.4142  ***  Log level set to INFO
3675371 INFO  [si.isystem.eclipse.debug - 10] ISysAbstractDsfService : ***  3675395.138  ***  ISysConnectionService initialization(super) finished.
3675371 INFO  [si.isystem.eclipse.debug - 10] ISysAbstractDsfService : ***  3675395.1775  ***  ISysConnectionService initialization(main) started.
3675371 INFO  [si.isystem.eclipse.debug - 10] ISysAbstractDsfService : ***  3675395.1944  ***  ISysConnectionService initialization(main) finished.
3675371 INFO  [si.isystem.eclipse.debug - 10] ISysAbstractDsfService : ***  3675395.2044  ***  ISysConnectionService initialization(sub) finished.
3675372 INFO  [si.isystem.eclipse.debug - 10] ISysAbstractDsfService : ***  3675395.2271  ***  ISysCommandControl initialization(super) started.
3675372 INFO  [Worker-0: Command Executor Job] ISysAbstractDsfService : ***  3675395.3098  ***  Command Executor Job started.
3675372 INFO  [si.isystem.eclipse.debug - 10] ISysAbstractDsfService : ***  3675395.3708  ***  ISysCommandControl initialization(super) finished.
3675372 INFO  [si.isystem.eclipse.debug - 10] ISysAbstractDsfService : ***  3675395.3823  ***  ISysCommandControl initialization(main) started.
3675372 INFO  [si.isystem.eclipse.debug - 10] ISysAbstractDsfService : ***  3675395.394  ***  ISysCommandControl initialization(main) finished.
3675372 INFO  [si.isystem.eclipse.debug - 10] ISysAbstractDsfService : ***  3675395.4011  ***  ISysCommandControl initialization(sub) finished.
3675372 INFO  [si.isystem.eclipse.debug - 10] ISysAbstractDsfService : ***  3675395.4132  ***  ISysRunControl initialization(super) started.
3675373 INFO  [si.isystem.eclipse.debug - 10] ISysAbstractDsfService : ***  3675396.802  ***  ISysRunControl initialization(super) finished.
3675373 INFO  [si.isystem.eclipse.debug - 10] ISysAbstractDsfService : ***  3675396.8289  ***  ISysRunControl initialization(main) started.
3675373 INFO  [si.isystem.eclipse.debug - 10] ISysAbstractDsfService : ***  3675396.8444  ***  ISysRunControl specified as service event listener (method: eventDispatched)
3675373 INFO  [si.isystem.eclipse.debug - 10] ISysAbstractDsfService : ***  3675396.8692  ***  ISysRunControl initialization(main) finished.
3675374 INFO  [si.isystem.eclipse.debug - 10] ISysAbstractDsfService : ***  3675398.1942  ***  ISysRunControl initialization(sub) finished.
3675375 INFO  [si.isystem.eclipse.debug - 10] ISysAbstractDsfService : ***  3675398.225  ***  ISysStackService initialization(super) started.
3675375 INFO  [si.isystem.eclipse.debug - 10] ISysAbstractDsfService : ***  3675398.4051  ***  ISysStackService initialization(super) finished.
3675375 INFO  [si.isystem.eclipse.debug - 10] ISysAbstractDsfService : ***  3675398.4169  ***  ISysStackService initialization(main) started.
3675375 INFO  [si.isystem.eclipse.debug - 10] ISysAbstractDsfService : ***  3675398.4317  ***  ISysStackService specified as service event listener (method: eventDispatched)
3675375 INFO  [si.isystem.eclipse.debug - 10] ISysAbstractDsfService : ***  3675398.4456  ***  ISysStackService initialization(main) finished.
3675375 INFO  [si.isystem.eclipse.debug - 10] ISysAbstractDsfService : ***  3675398.4529  ***  ISysStackService initialization(sub) finished.
3675375 INFO  [si.isystem.eclipse.debug - 10] ISysAbstractDsfService : ***  3675398.4633  ***  ISysMemoryService initialization(super) started.
3675375 INFO  [si.isystem.eclipse.debug - 10] ISysAbstractDsfService : ***  3675398.4922  ***  Starting Memory Service sub-initialization sequence.
3675375 INFO  [si.isystem.eclipse.debug - 10] ISysAbstractDsfService : ***  3675398.5024  ***  ISysMemoryService initialization(super) finished.
3675375 INFO  [si.isystem.eclipse.debug - 10] ISysAbstractDsfService : ***  3675398.5085  ***  ISysMemoryService initialization(main) started.
3675375 INFO  [si.isystem.eclipse.debug - 10] ISysAbstractDsfService : ***  3675398.5164  ***  ISysMemoryService specified as service event listener (method: eventDispatched)
3675375 INFO  [si.isystem.eclipse.debug - 10] ISysAbstractDsfService : ***  3675398.5262  ***  ISysMemoryService initialization(main) finished.
3675375 INFO  [si.isystem.eclipse.debug - 10] ISysAbstractDsfService : ***  3675398.5393  ***  Initializing Memory Service block retrieval.
3675376 INFO  [si.isystem.eclipse.debug - 10] ISysAbstractDsfService : ***  3675399.6783  ***  Memory Service block retrieval initialized.
3675376 INFO  [si.isystem.eclipse.debug - 10] ISysAbstractDsfService : ***  3675399.7009  ***  Loading memory area properties.
3675377 INFO  [si.isystem.eclipse.debug - 10] ISysAbstractDsfService : ***  3675400.8355  ***  Adding 1 memory blocks.
3675377 INFO  [si.isystem.eclipse.debug - 10] ISysAbstractDsfService : ***  3675400.8784  ***  Block 'Virtual' [00000000:ffffffff] MAU=8 visible
3675377 INFO  [si.isystem.eclipse.debug - 10] ISysAbstractDsfService : ***  3675400.8868  ***  Memory Service block retrieval initialized.
3675377 INFO  [si.isystem.eclipse.debug - 10] ISysAbstractDsfService : ***  3675400.898  ***  Registering memory model adapter and service.
3675377 INFO  [si.isystem.eclipse.debug - 10] ISysAbstractDsfService : ***  3675401.1687  ***  Memory model adapter and service registered.
3675377 INFO  [si.isystem.eclipse.debug - 10] ISysAbstractDsfService : ***  3675401.1849  ***  ISysMemoryService initialization(sub) finished.
3675378 INFO  [si.isystem.eclipse.debug - 10] ISysAbstractDsfService : ***  3675401.1979  ***  ISysSourceLookupService initialization(super) started.
3675378 INFO  [si.isystem.eclipse.debug - 10] ISysAbstractDsfService : ***  3675401.2983  ***  ISysSourceLookupService initialization(super) finished.
3675378 INFO  [si.isystem.eclipse.debug - 10] ISysAbstractDsfService : ***  3675401.3085  ***  ISysSourceLookupService initialization(main) started.
3675378 INFO  [si.isystem.eclipse.debug - 10] ISysAbstractDsfService : ***  3675401.3202  ***  ISysSourceLookupService initialization(main) finished.
3675378 INFO  [si.isystem.eclipse.debug - 10] ISysAbstractDsfService : ***  3675401.3269  ***  ISysSourceLookupService initialization(sub) finished.
3675378 INFO  [si.isystem.eclipse.debug - 10] ISysAbstractDsfService : ***  3675401.3403  ***  ISysExpressionsService initialization(super) started.
3675378 INFO  [si.isystem.eclipse.debug - 10] ISysAbstractDsfService : ***  3675401.4601  ***  ISysExpressionsService initialization(super) finished.
3675378 INFO  [si.isystem.eclipse.debug - 10] ISysAbstractDsfService : ***  3675401.4706  ***  ISysExpressionsService initialization(main) started.
3675378 INFO  [si.isystem.eclipse.debug - 10] ISysAbstractDsfService : ***  3675401.4806  ***  ISysExpressionsService specified as service event listener (method: eventDispatched)
3675378 INFO  [si.isystem.eclipse.debug - 10] ISysAbstractDsfService : ***  3675401.4938  ***  ISysExpressionsService initialization(main) finished.
3675378 INFO  [si.isystem.eclipse.debug - 10] ISysAbstractDsfService : ***  3675401.501  ***  ISysExpressionsService initialization(sub) finished.
3675378 INFO  [si.isystem.eclipse.debug - 10] ISysAbstractDsfService : ***  3675401.5106  ***  ISysRegistersService initialization(super) started.
3675378 INFO  [si.isystem.eclipse.debug - 10] ISysAbstractDsfService : ***  3675401.9081  ***  ISysRegistersService initialization(super) finished.
3675378 INFO  [si.isystem.eclipse.debug - 10] ISysAbstractDsfService : ***  3675401.9206  ***  ISysRegistersService initialization(main) started.
3675378 INFO  [si.isystem.eclipse.debug - 10] ISysAbstractDsfService : ***  3675401.9366  ***  ISysRegistersService specified as service event listener (method: eventDispatched)
3675378 INFO  [si.isystem.eclipse.debug - 10] ISysAbstractDsfService : ***  3675401.9484  ***  ISysRegistersService initialization(main) finished.
3675378 INFO  [si.isystem.eclipse.debug - 10] ISysAbstractDsfService : ***  3675401.9552  ***  ISysRegistersService initialization(sub) finished.
3675378 INFO  [si.isystem.eclipse.debug - 10] ISysAbstractDsfService : ***  3675401.964  ***  ISysDisassemblyService initialization(super) started.
3675378 INFO  [si.isystem.eclipse.debug - 10] ISysAbstractDsfService : ***  3675402.1421  ***  ISysDisassemblyService initialization(super) finished.
3675378 INFO  [si.isystem.eclipse.debug - 10] ISysAbstractDsfService : ***  3675402.1541  ***  ISysDisassemblyService initialization(main) started.
3675378 INFO  [si.isystem.eclipse.debug - 10] ISysAbstractDsfService : ***  3675402.1645  ***  ISysDisassemblyService initialization(main) finished.
3675378 INFO  [si.isystem.eclipse.debug - 10] ISysAbstractDsfService : ***  3675402.171  ***  ISysDisassemblyService initialization(sub) finished.
3675378 INFO  [si.isystem.eclipse.debug - 10] ISysAbstractDsfService : ***  3675402.1813  ***  ISysSfrService initialization(super) started.
3675379 INFO  [si.isystem.eclipse.debug - 10] ISysAbstractDsfService : ***  3675402.2729  ***  ISysSfrService initialization(super) finished.
3675379 INFO  [si.isystem.eclipse.debug - 10] ISysAbstractDsfService : ***  3675402.2833  ***  ISysSfrService initialization(main) started.
3675379 INFO  [si.isystem.eclipse.debug - 10] ISysAbstractDsfService : ***  3675402.2918  ***  ISysSfrService specified as service event listener (method: eventDispatched)
3675379 INFO  [si.isystem.eclipse.debug - 10] ISysAbstractDsfService : ***  3675402.3024  ***  ISysSfrService initialization(main) finished.
3675785 INFO  [si.isystem.eclipse.debug - 10] ISysAbstractDsfService : ***  3675809.0577  ***  ISysSfrService initialization(sub) finished.
3675788 INFO  [si.isystem.eclipse.debug - 10] ISysAbstractDsfService : ***  3675812.102  ***  ISysRteService initialization(super) started.
3675788 INFO  [si.isystem.eclipse.debug - 10] ISysAbstractDsfService : ***  3675812.2859  ***  ISysRteService initialization(super) finished.
3675788 INFO  [si.isystem.eclipse.debug - 10] ISysAbstractDsfService : ***  3675812.2974  ***  ISysRteService initialization(main) started.
3675789 INFO  [si.isystem.eclipse.debug - 10] ISysAbstractDsfService : ***  3675812.332  ***  ISysRteService specified as service event listener (method: eventDispatched)
3675789 INFO  [si.isystem.eclipse.debug - 10] ISysAbstractDsfService : ***  3675812.3777  ***  ISysRteService initialization(main) finished.
3675789 INFO  [si.isystem.eclipse.debug - 10] ISysAbstractDsfService : ***  3675812.4027  ***  ISysRteService initialization(sub) finished.
3675789 INFO  [si.isystem.eclipse.debug - 10] ISysAbstractDsfService : ***  3675812.4283  ***  ISysBreakpointService initialization(super) started.
3675789 INFO  [si.isystem.eclipse.debug - 10] ISysAbstractDsfService : ***  3675812.5344  ***  ISysBreakpointService initialization(super) finished.
3675789 INFO  [si.isystem.eclipse.debug - 10] ISysAbstractDsfService : ***  3675812.5456  ***  ISysBreakpointService initialization(main) started.
3675789 INFO  [si.isystem.eclipse.debug - 10] ISysAbstractDsfService : ***  3675812.5563  ***  ISysBreakpointService specified as service event listener (method: eventDispatched)
3675789 INFO  [si.isystem.eclipse.debug - 10] ISysAbstractDsfService : ***  3675812.5678  ***  ISysBreakpointService initialization(main) finished.
3675789 INFO  [si.isystem.eclipse.debug - 10] ISysAbstractDsfService : ***  3675812.5749  ***  ISysBreakpointService initialization(sub) finished.
3675790 INFO  [si.isystem.eclipse.debug - 10] ISysLaunch : ***  3675813.9592  ***  Services initialization sequence completed
3684710 INFO  [Worker-0: Command Executor Job] ISysAbstractDsfService : ***  3684733.9488  ***  ISysCommandControl command dequeued - exiting command processing loop
3684710 INFO  [si.isystem.eclipse.debug - 10] ISysAbstractCommand : ***  3684733.9801  ***  Processing the last command to be processed: si.isystem.dsf.control.commands.ISysCmdMiscTerminateDebugger
3684710 INFO  [si.isystem.eclipse.debug - 10] ISysAbstractDsfService : ***  3684734.0134  ***  Command Control was shut down - cancelling remaining commands in queue.
3684710 INFO  [si.isystem.eclipse.debug - 10] ISysAbstractDsfService : ***  3684734.0249  ***  Command Controll queue is empty and closed.
3684711 INFO  [si.isystem.eclipse.debug - 10] ISysAbstractDsfService : ***  3684734.2994  ***  ISysBreakpointService shutdown(super) started.
3684711 INFO  [si.isystem.eclipse.debug - 10] ISysAbstractDsfService : ***  3684734.3175  ***  ISysBreakpointService shutdown(super) finished.
3684711 INFO  [si.isystem.eclipse.debug - 10] ISysAbstractDsfService : ***  3684734.324  ***  ISysBreakpointService shutdown(main) started.
3684711 INFO  [si.isystem.eclipse.debug - 10] ISysAbstractDsfService : ***  3684734.3322  ***  ISysBreakpointService removed from service event listener list
3684711 INFO  [si.isystem.eclipse.debug - 10] ISysAbstractDsfService : ***  3684734.4554  ***  ISysBreakpointService shutdown(main) finished.
3684711 INFO  [si.isystem.eclipse.debug - 10] ISysAbstractDsfService : ***  3684734.4655  ***  ISysBreakpointService shutdown(sub) finished.
3684711 INFO  [si.isystem.eclipse.debug - 10] ISysAbstractDsfService : ***  3684734.4798  ***  ISysRteService shutdown(super) started.
3684711 INFO  [si.isystem.eclipse.debug - 10] ISysAbstractDsfService : ***  3684734.5271  ***  ISysRteService shutdown(super) finished.
3684711 INFO  [si.isystem.eclipse.debug - 10] ISysAbstractDsfService : ***  3684734.5335  ***  ISysRteService shutdown(main) started.
3684711 INFO  [si.isystem.eclipse.debug - 10] ISysAbstractDsfService : ***  3684734.5407  ***  ISysRteService removed from service event listener list
3684711 INFO  [si.isystem.eclipse.debug - 10] ISysAbstractDsfService : ***  3684734.6092  ***  ISysRteService shutdown(main) finished.
3684711 INFO  [si.isystem.eclipse.debug - 10] ISysAbstractDsfService : ***  3684734.6724  ***  ISysRteService shutdown(sub) finished.
3684711 INFO  [si.isystem.eclipse.debug - 10] ISysAbstractDsfService : ***  3684734.6876  ***  ISysSfrService shutdown(super) started.
3684711 INFO  [si.isystem.eclipse.debug - 10] ISysAbstractDsfService : ***  3684734.7012  ***  ISysSfrService shutdown(super) finished.
3684711 INFO  [si.isystem.eclipse.debug - 10] ISysAbstractDsfService : ***  3684734.7082  ***  ISysSfrService shutdown(main) started.
3684711 INFO  [si.isystem.eclipse.debug - 10] ISysAbstractDsfService : ***  3684734.7788  ***  ISysSfrService removed from service event listener list
3684711 INFO  [si.isystem.eclipse.debug - 10] ISysAbstractDsfService : ***  3684734.8563  ***  ISysSfrService shutdown(main) finished.
3684711 INFO  [si.isystem.eclipse.debug - 10] ISysAbstractDsfService : ***  3684734.8776  ***  ISysSfrService shutdown(sub) finished.
3684711 INFO  [si.isystem.eclipse.debug - 10] ISysAbstractDsfService : ***  3684734.8926  ***  ISysDisassemblyService shutdown(super) started.
3684711 INFO  [si.isystem.eclipse.debug - 10] ISysAbstractDsfService : ***  3684734.9059  ***  ISysDisassemblyService shutdown(super) finished.
3684711 INFO  [si.isystem.eclipse.debug - 10] ISysAbstractDsfService : ***  3684734.9126  ***  ISysDisassemblyService shutdown(main) started.
3684711 INFO  [si.isystem.eclipse.debug - 10] ISysAbstractDsfService : ***  3684734.9965  ***  ISysDisassemblyService shutdown(main) finished.
3684711 INFO  [si.isystem.eclipse.debug - 10] ISysAbstractDsfService : ***  3684735.0056  ***  ISysDisassemblyService shutdown(sub) finished.
3684711 INFO  [si.isystem.eclipse.debug - 10] ISysAbstractDsfService : ***  3684735.0185  ***  ISysRegistersService shutdown(super) started.
3684711 INFO  [si.isystem.eclipse.debug - 10] ISysAbstractDsfService : ***  3684735.0298  ***  ISysRegistersService shutdown(super) finished.
3684711 INFO  [si.isystem.eclipse.debug - 10] ISysAbstractDsfService : ***  3684735.0361  ***  ISysRegistersService shutdown(main) started.
3684711 INFO  [si.isystem.eclipse.debug - 10] ISysAbstractDsfService : ***  3684735.0427  ***  ISysRegistersService removed from service event listener list
3684711 INFO  [si.isystem.eclipse.debug - 10] ISysAbstractDsfService : ***  3684735.1359  ***  ISysRegistersService shutdown(main) finished.
3684711 INFO  [si.isystem.eclipse.debug - 10] ISysAbstractDsfService : ***  3684735.1447  ***  ISysRegistersService shutdown(sub) finished.
3684711 INFO  [si.isystem.eclipse.debug - 10] ISysAbstractDsfService : ***  3684735.156  ***  ISysExpressionsService shutdown(super) started.
3684711 INFO  [si.isystem.eclipse.debug - 10] ISysAbstractDsfService : ***  3684735.1671  ***  ISysExpressionsService shutdown(super) finished.
3684711 INFO  [si.isystem.eclipse.debug - 10] ISysAbstractDsfService : ***  3684735.1732  ***  ISysExpressionsService shutdown(main) started.
3684712 INFO  [si.isystem.eclipse.debug - 10] ISysAbstractDsfService : ***  3684735.1809  ***  ISysExpressionsService removed from service event listener list
3684712 INFO  [si.isystem.eclipse.debug - 10] ISysAbstractDsfService : ***  3684735.2826  ***  ISysExpressionsService shutdown(main) finished.
3684712 INFO  [si.isystem.eclipse.debug - 10] ISysAbstractDsfService : ***  3684735.2911  ***  ISysExpressionsService shutdown(sub) finished.
3684712 INFO  [si.isystem.eclipse.debug - 10] ISysAbstractDsfService : ***  3684735.3041  ***  ISysSourceLookupService shutdown(super) started.
3684712 INFO  [si.isystem.eclipse.debug - 10] ISysAbstractDsfService : ***  3684735.3143  ***  ISysSourceLookupService shutdown(super) finished.
3684712 INFO  [si.isystem.eclipse.debug - 10] ISysAbstractDsfService : ***  3684735.3203  ***  ISysSourceLookupService shutdown(main) started.
3684712 INFO  [si.isystem.eclipse.debug - 10] ISysAbstractDsfService : ***  3684735.3862  ***  ISysSourceLookupService shutdown(main) finished.
3684712 INFO  [si.isystem.eclipse.debug - 10] ISysAbstractDsfService : ***  3684735.3972  ***  ISysSourceLookupService shutdown(sub) finished.
3684712 INFO  [si.isystem.eclipse.debug - 10] ISysAbstractDsfService : ***  3684735.4104  ***  ISysMemoryService shutdown(super) started.
3684712 INFO  [si.isystem.eclipse.debug - 10] ISysAbstractDsfService : ***  3684735.422  ***  ISysMemoryService shutdown(super) finished.
3684712 INFO  [si.isystem.eclipse.debug - 10] ISysAbstractDsfService : ***  3684735.4282  ***  ISysMemoryService shutdown(main) started.
3684712 INFO  [si.isystem.eclipse.debug - 10] ISysAbstractDsfService : ***  3684735.4585  ***  ISysMemoryService removed from service event listener list
3684712 INFO  [si.isystem.eclipse.debug - 10] ISysAbstractDsfService : ***  3684735.5431  ***  ISysMemoryService shutdown(main) finished.
3684712 INFO  [si.isystem.eclipse.debug - 10] ISysAbstractDsfService : ***  3684735.5516  ***  ISysMemoryService shutdown(sub) finished.
3684712 INFO  [si.isystem.eclipse.debug - 10] ISysAbstractDsfService : ***  3684735.5611  ***  ISysStackService shutdown(super) started.
3684712 INFO  [si.isystem.eclipse.debug - 10] ISysAbstractDsfService : ***  3684735.572  ***  ISysStackService shutdown(super) finished.
3684712 INFO  [si.isystem.eclipse.debug - 10] ISysAbstractDsfService : ***  3684735.5782  ***  ISysStackService shutdown(main) started.
3684712 INFO  [si.isystem.eclipse.debug - 10] ISysAbstractDsfService : ***  3684735.5845  ***  ISysStackService removed from service event listener list
3684712 INFO  [si.isystem.eclipse.debug - 10] ISysAbstractDsfService : ***  3684735.6614  ***  ISysStackService shutdown(main) finished.
3684712 INFO  [si.isystem.eclipse.debug - 10] ISysAbstractDsfService : ***  3684735.6702  ***  ISysStackService shutdown(sub) finished.
3684712 INFO  [si.isystem.eclipse.debug - 10] ISysAbstractDsfService : ***  3684735.6806  ***  ISysRunControl shutdown(super) started.
3684712 INFO  [si.isystem.eclipse.debug - 10] ISysAbstractDsfService : ***  3684735.6918  ***  ISysRunControl shutdown(super) finished.
3684712 INFO  [si.isystem.eclipse.debug - 10] ISysAbstractDsfService : ***  3684735.6981  ***  ISysRunControl shutdown(main) started.
3684712 INFO  [si.isystem.eclipse.debug - 10] ISysAbstractDsfService : ***  3684735.7046  ***  ISysRunControl removed from service event listener list
3684712 INFO  [si.isystem.eclipse.debug - 10] ISysAbstractDsfService : ***  3684735.7787  ***  ISysRunControl shutdown(main) finished.
3684712 INFO  [si.isystem.eclipse.debug - 10] ISysAbstractDsfService : ***  3684735.7871  ***  ISysRunControl shutdown(sub) finished.
3684712 INFO  [si.isystem.eclipse.debug - 10] ISysAbstractDsfService : ***  3684735.7954  ***  ISysCommandControl shutdown(super) started.
3684712 INFO  [si.isystem.eclipse.debug - 10] ISysAbstractDsfService : ***  3684735.8073  ***  ISysCommandControl shutdown(super) finished.
3684712 INFO  [si.isystem.eclipse.debug - 10] ISysAbstractDsfService : ***  3684735.8146  ***  ISysCommandControl shutdown(main) started.
3684712 INFO  [si.isystem.eclipse.debug - 10] ISysAbstractDsfService : ***  3684735.8868  ***  ISysCommandControl shutdown(main) finished.
3684712 INFO  [si.isystem.eclipse.debug - 10] ISysAbstractDsfService : ***  3684735.8951  ***  ISysCommandControl shutdown(sub) finished.
3684712 INFO  [si.isystem.eclipse.debug - 10] ISysAbstractDsfService : ***  3684735.908  ***  ISysConnectionService shutdown(super) started.
3684712 INFO  [si.isystem.eclipse.debug - 10] IConnectProxy : ***  3684735.9457  ***  Shutting down iConnect for cores: [I@6960f950
3684712 INFO  [si.isystem.eclipse.debug - 10] IConnectProxy : ***  3684735.9599  ***  Disconnecting from and closing winIDEA on core 0.
3684751 INFO  [si.isystem.eclipse.debug - 10] ISysAbstractDsfService : ***  3684774.6671  ***  ISysConnectionService shutdown(super) finished.
3684751 INFO  [si.isystem.eclipse.debug - 10] ISysAbstractDsfService : ***  3684774.7048  ***  ISysConnectionService shutdown(main) started.
3684751 INFO  [si.isystem.eclipse.debug - 10] ISysAbstractDsfService : ***  3684774.7125  ***  ISysConnectionService shutdown(main) finished.
3684751 INFO  [si.isystem.eclipse.debug - 10] ISysAbstractDsfService : ***  3684774.7202  ***  ISysConnectionService shutdown(sub) finished.
3684752 INFO  [si.isystem.eclipse.debug - 10] ISysLaunch : ***  3684774.8076  ***  Debug services shutdown completed.
3787576 INFO  [si.isystem.eclipse.debug - 11] ISysAbstractDsfService : ***  3787599.5518  ***  ISysConnectionService initialization(super) started.
3787577 INFO  [si.isystem.eclipse.debug - 11] IConLaunchManager : ***  3787599.7894  ***  
Starting debug session using launch configuration paramenters: 
 - Launch name = 'TC275-LED TriCore Debug (TASKING)'
 - Project name = 'TC275-LED'
 - Project path = 'D:/Project/Aurix-TC275/TC275-LED'
 - Output file = 'TriCore Debug (TASKING)\TC275-LED.elf'
 - Stop on startup = 'true'
 - Stop on startup location = 'core0_main'
 - Verbose mode = false' - winIDEA visible = 'false'
 - Bring winIDEA to top = 'true'
 - Verify download = 'true'
 - Analyze source files = 'false'
 - Shutdown winIDEA at terminate session = 'true'
 - winIDEA workspace path = '.ads/winIDEAWorkspaces/TriCore-Debug-(TASKING)/ADS.xjrf'
 - full winIDEA workspace path = 'D:\Project\Aurix-TC275\TC275-LED\.ads\winIDEAWorkspaces\TriCore-Debug-(TASKING)\ADS.xjrf'
 - Device = 'TC275T'
 - Hardware = 'IFX_DAS'
 - Communication = 'USB'
 - Hardware debugger = ''
 - Image check = 'Default'
 - Create SMP = 'true'
 - After download action = 'none'
 - After download symbol = ''

3787577 INFO  [si.isystem.eclipse.debug - 11] ISysSessionManager : ***  3787599.9185  ***  Setting winIDEA workspace path to 'D:\Project\Aurix-TC275\TC275-LED\.ads\winIDEAWorkspaces\TriCore-Debug-(TASKING)\ADS.xjrf'
3787577 INFO  [si.isystem.eclipse.debug - 11] ISysSessionManager : ***  3787600.0197  ***  Connecting to winIDEA 'C:\Infineon\AURIX-Studio-1.10.16\winIDEA\' with workspace 'D:\Project\Aurix-TC275\TC275-LED\.ads\winIDEAWorkspaces\TriCore-Debug-(TASKING)\ADS.xjrf', winIDEA-ID: 'com.tasking.winIDEA.instance.id-TC275-LED TriCore Debug (TASKING)', visible: false, CLI args: '/HideCrashDumpMessage'
3788298 INFO  [si.isystem.eclipse.debug - 11] ISysSessionManager : ***  3788321.2212  ***  Connected to winIDEA and setup workspace.
3788298 INFO  [si.isystem.eclipse.debug - 11] ISysSessionManager : ***  3788321.2664  ***  Version of isystem.connect for Java: 9.21.334.0
3788298 INFO  [si.isystem.eclipse.debug - 11] ISysSessionManager : ***  3788321.3034  ***  Version of isystem.connect DLL: 9.21.334.0.0
3788299 INFO  [si.isystem.eclipse.debug - 11] ISysSessionManager : ***  3788321.6597  ***  Version of winIDEA: 9.21.338.0.218131
3788299 INFO  [si.isystem.eclipse.debug - 11] ISysSessionManager : ***  3788321.6774  ***  Downloading ...
3789667 INFO  [si.isystem.eclipse.debug - 11] ISysSessionManager : ***  3789690.5093  ***  Downloading finished.
3789726 INFO  [si.isystem.eclipse.debug - 11] IConLaunchManager : ***  3789748.7669  ***  Connected to target.
3789726 INFO  [si.isystem.eclipse.debug - 11] IConLaunchManager : ***  3789748.807  ***  Log level set to INFO
3789830 INFO  [si.isystem.eclipse.debug - 11] ISysAbstractDsfService : ***  3789853.5986  ***  ISysConnectionService initialization(super) finished.
3789830 INFO  [si.isystem.eclipse.debug - 11] ISysAbstractDsfService : ***  3789853.6355  ***  ISysConnectionService initialization(main) started.
3789830 INFO  [si.isystem.eclipse.debug - 11] ISysAbstractDsfService : ***  3789853.6631  ***  ISysConnectionService initialization(main) finished.
3789830 INFO  [si.isystem.eclipse.debug - 11] ISysAbstractDsfService : ***  3789853.6718  ***  ISysConnectionService initialization(sub) finished.
3789830 INFO  [si.isystem.eclipse.debug - 11] ISysAbstractDsfService : ***  3789853.687  ***  ISysCommandControl initialization(super) started.
3789830 INFO  [Worker-5: Command Executor Job] ISysAbstractDsfService : ***  3789853.7883  ***  Command Executor Job started.
3789830 INFO  [si.isystem.eclipse.debug - 11] ISysAbstractDsfService : ***  3789853.8445  ***  ISysCommandControl initialization(super) finished.
3789830 INFO  [si.isystem.eclipse.debug - 11] ISysAbstractDsfService : ***  3789853.8561  ***  ISysCommandControl initialization(main) started.
3789830 INFO  [si.isystem.eclipse.debug - 11] ISysAbstractDsfService : ***  3789853.8678  ***  ISysCommandControl initialization(main) finished.
3789830 INFO  [si.isystem.eclipse.debug - 11] ISysAbstractDsfService : ***  3789853.8745  ***  ISysCommandControl initialization(sub) finished.
3789830 INFO  [si.isystem.eclipse.debug - 11] ISysAbstractDsfService : ***  3789853.8997  ***  ISysRunControl initialization(super) started.
3789832 INFO  [si.isystem.eclipse.debug - 11] ISysAbstractDsfService : ***  3789855.466  ***  ISysRunControl initialization(super) finished.
3789832 INFO  [si.isystem.eclipse.debug - 11] ISysAbstractDsfService : ***  3789855.4858  ***  ISysRunControl initialization(main) started.
3789832 INFO  [si.isystem.eclipse.debug - 11] ISysAbstractDsfService : ***  3789855.5001  ***  ISysRunControl specified as service event listener (method: eventDispatched)
3789832 INFO  [si.isystem.eclipse.debug - 11] ISysAbstractDsfService : ***  3789855.5177  ***  ISysRunControl initialization(main) finished.
3789833 INFO  [si.isystem.eclipse.debug - 11] ISysAbstractDsfService : ***  3789856.8313  ***  ISysRunControl initialization(sub) finished.
3789833 INFO  [si.isystem.eclipse.debug - 11] ISysAbstractDsfService : ***  3789856.8604  ***  ISysStackService initialization(super) started.
3789833 INFO  [si.isystem.eclipse.debug - 11] ISysAbstractDsfService : ***  3789857.0193  ***  ISysStackService initialization(super) finished.
3789833 INFO  [si.isystem.eclipse.debug - 11] ISysAbstractDsfService : ***  3789857.0314  ***  ISysStackService initialization(main) started.
3789833 INFO  [si.isystem.eclipse.debug - 11] ISysAbstractDsfService : ***  3789857.0422  ***  ISysStackService specified as service event listener (method: eventDispatched)
3789833 INFO  [si.isystem.eclipse.debug - 11] ISysAbstractDsfService : ***  3789857.0593  ***  ISysStackService initialization(main) finished.
3789833 INFO  [si.isystem.eclipse.debug - 11] ISysAbstractDsfService : ***  3789857.0673  ***  ISysStackService initialization(sub) finished.
3789833 INFO  [si.isystem.eclipse.debug - 11] ISysAbstractDsfService : ***  3789857.077  ***  ISysMemoryService initialization(super) started.
3789834 INFO  [si.isystem.eclipse.debug - 11] ISysAbstractDsfService : ***  3789857.1072  ***  Starting Memory Service sub-initialization sequence.
3789834 INFO  [si.isystem.eclipse.debug - 11] ISysAbstractDsfService : ***  3789857.1184  ***  ISysMemoryService initialization(super) finished.
3789834 INFO  [si.isystem.eclipse.debug - 11] ISysAbstractDsfService : ***  3789857.1246  ***  ISysMemoryService initialization(main) started.
3789834 INFO  [si.isystem.eclipse.debug - 11] ISysAbstractDsfService : ***  3789857.1332  ***  ISysMemoryService specified as service event listener (method: eventDispatched)
3789834 INFO  [si.isystem.eclipse.debug - 11] ISysAbstractDsfService : ***  3789857.1474  ***  ISysMemoryService initialization(main) finished.
3789834 INFO  [si.isystem.eclipse.debug - 11] ISysAbstractDsfService : ***  3789857.1628  ***  Initializing Memory Service block retrieval.
3789835 INFO  [si.isystem.eclipse.debug - 11] ISysAbstractDsfService : ***  3789858.2374  ***  Memory Service block retrieval initialized.
3789835 INFO  [si.isystem.eclipse.debug - 11] ISysAbstractDsfService : ***  3789858.2628  ***  Loading memory area properties.
3789836 INFO  [si.isystem.eclipse.debug - 11] ISysAbstractDsfService : ***  3789859.3234  ***  Adding 1 memory blocks.
3789836 INFO  [si.isystem.eclipse.debug - 11] ISysAbstractDsfService : ***  3789859.3846  ***  Block 'Virtual' [00000000:ffffffff] MAU=8 visible
3789836 INFO  [si.isystem.eclipse.debug - 11] ISysAbstractDsfService : ***  3789859.3953  ***  Memory Service block retrieval initialized.
3789836 INFO  [si.isystem.eclipse.debug - 11] ISysAbstractDsfService : ***  3789859.4089  ***  Registering memory model adapter and service.
3789836 INFO  [si.isystem.eclipse.debug - 11] ISysAbstractDsfService : ***  3789859.7283  ***  Memory model adapter and service registered.
3789836 INFO  [si.isystem.eclipse.debug - 11] ISysAbstractDsfService : ***  3789859.75  ***  ISysMemoryService initialization(sub) finished.
3789836 INFO  [si.isystem.eclipse.debug - 11] ISysAbstractDsfService : ***  3789859.7622  ***  ISysSourceLookupService initialization(super) started.
3789836 INFO  [si.isystem.eclipse.debug - 11] ISysAbstractDsfService : ***  3789859.8971  ***  ISysSourceLookupService initialization(super) finished.
3789836 INFO  [si.isystem.eclipse.debug - 11] ISysAbstractDsfService : ***  3789859.9128  ***  ISysSourceLookupService initialization(main) started.
3789836 INFO  [si.isystem.eclipse.debug - 11] ISysAbstractDsfService : ***  3789859.9263  ***  ISysSourceLookupService initialization(main) finished.
3789836 INFO  [si.isystem.eclipse.debug - 11] ISysAbstractDsfService : ***  3789859.9335  ***  ISysSourceLookupService initialization(sub) finished.
3789836 INFO  [si.isystem.eclipse.debug - 11] ISysAbstractDsfService : ***  3789859.9463  ***  ISysExpressionsService initialization(super) started.
3789836 INFO  [si.isystem.eclipse.debug - 11] ISysAbstractDsfService : ***  3789860.0957  ***  ISysExpressionsService initialization(super) finished.
3789837 INFO  [si.isystem.eclipse.debug - 11] ISysAbstractDsfService : ***  3789860.111  ***  ISysExpressionsService initialization(main) started.
3789837 INFO  [si.isystem.eclipse.debug - 11] ISysAbstractDsfService : ***  3789860.1216  ***  ISysExpressionsService specified as service event listener (method: eventDispatched)
3789837 INFO  [si.isystem.eclipse.debug - 11] ISysAbstractDsfService : ***  3789860.1373  ***  ISysExpressionsService initialization(main) finished.
3789837 INFO  [si.isystem.eclipse.debug - 11] ISysAbstractDsfService : ***  3789860.145  ***  ISysExpressionsService initialization(sub) finished.
3789837 INFO  [si.isystem.eclipse.debug - 11] ISysAbstractDsfService : ***  3789860.1546  ***  ISysRegistersService initialization(super) started.
3789837 INFO  [si.isystem.eclipse.debug - 11] ISysAbstractDsfService : ***  3789860.6422  ***  ISysRegistersService initialization(super) finished.
3789837 INFO  [si.isystem.eclipse.debug - 11] ISysAbstractDsfService : ***  3789860.6608  ***  ISysRegistersService initialization(main) started.
3789837 INFO  [si.isystem.eclipse.debug - 11] ISysAbstractDsfService : ***  3789860.6723  ***  ISysRegistersService specified as service event listener (method: eventDispatched)
3789837 INFO  [si.isystem.eclipse.debug - 11] ISysAbstractDsfService : ***  3789860.6853  ***  ISysRegistersService initialization(main) finished.
3789837 INFO  [si.isystem.eclipse.debug - 11] ISysAbstractDsfService : ***  3789860.6934  ***  ISysRegistersService initialization(sub) finished.
3789837 INFO  [si.isystem.eclipse.debug - 11] ISysAbstractDsfService : ***  3789860.7041  ***  ISysDisassemblyService initialization(super) started.
3789837 INFO  [si.isystem.eclipse.debug - 11] ISysAbstractDsfService : ***  3789860.9438  ***  ISysDisassemblyService initialization(super) finished.
3789837 INFO  [si.isystem.eclipse.debug - 11] ISysAbstractDsfService : ***  3789860.9569  ***  ISysDisassemblyService initialization(main) started.
3789837 INFO  [si.isystem.eclipse.debug - 11] ISysAbstractDsfService : ***  3789860.9672  ***  ISysDisassemblyService initialization(main) finished.
3789837 INFO  [si.isystem.eclipse.debug - 11] ISysAbstractDsfService : ***  3789860.9738  ***  ISysDisassemblyService initialization(sub) finished.
3789837 INFO  [si.isystem.eclipse.debug - 11] ISysAbstractDsfService : ***  3789860.983  ***  ISysSfrService initialization(super) started.
3789837 INFO  [si.isystem.eclipse.debug - 11] ISysAbstractDsfService : ***  3789861.0787  ***  ISysSfrService initialization(super) finished.
3789837 INFO  [si.isystem.eclipse.debug - 11] ISysAbstractDsfService : ***  3789861.0893  ***  ISysSfrService initialization(main) started.
3789838 INFO  [si.isystem.eclipse.debug - 11] ISysAbstractDsfService : ***  3789861.0977  ***  ISysSfrService specified as service event listener (method: eventDispatched)
3789838 INFO  [si.isystem.eclipse.debug - 11] ISysAbstractDsfService : ***  3789861.1098  ***  ISysSfrService initialization(main) finished.
3790259 INFO  [si.isystem.eclipse.debug - 11] ISysAbstractDsfService : ***  3790282.3816  ***  ISysSfrService initialization(sub) finished.
3790263 INFO  [si.isystem.eclipse.debug - 11] ISysAbstractDsfService : ***  3790286.319  ***  ISysRteService initialization(super) started.
3790263 INFO  [si.isystem.eclipse.debug - 11] ISysAbstractDsfService : ***  3790286.4981  ***  ISysRteService initialization(super) finished.
3790263 INFO  [si.isystem.eclipse.debug - 11] ISysAbstractDsfService : ***  3790286.5095  ***  ISysRteService initialization(main) started.
3790263 INFO  [si.isystem.eclipse.debug - 11] ISysAbstractDsfService : ***  3790286.5208  ***  ISysRteService specified as service event listener (method: eventDispatched)
3790263 INFO  [si.isystem.eclipse.debug - 11] ISysAbstractDsfService : ***  3790286.5347  ***  ISysRteService initialization(main) finished.
3790263 INFO  [si.isystem.eclipse.debug - 11] ISysAbstractDsfService : ***  3790286.5418  ***  ISysRteService initialization(sub) finished.
3790263 INFO  [si.isystem.eclipse.debug - 11] ISysAbstractDsfService : ***  3790286.5508  ***  ISysBreakpointService initialization(super) started.
3790263 INFO  [si.isystem.eclipse.debug - 11] ISysAbstractDsfService : ***  3790286.6432  ***  ISysBreakpointService initialization(super) finished.
3790263 INFO  [si.isystem.eclipse.debug - 11] ISysAbstractDsfService : ***  3790286.6534  ***  ISysBreakpointService initialization(main) started.
3790263 INFO  [si.isystem.eclipse.debug - 11] ISysAbstractDsfService : ***  3790286.6623  ***  ISysBreakpointService specified as service event listener (method: eventDispatched)
3790263 INFO  [si.isystem.eclipse.debug - 11] ISysAbstractDsfService : ***  3790286.6725  ***  ISysBreakpointService initialization(main) finished.
3790263 INFO  [si.isystem.eclipse.debug - 11] ISysAbstractDsfService : ***  3790286.6793  ***  ISysBreakpointService initialization(sub) finished.
3790264 INFO  [si.isystem.eclipse.debug - 11] ISysLaunch : ***  3790287.6827  ***  Services initialization sequence completed
3802871 INFO  [Worker-5: Command Executor Job] ISysAbstractDsfService : ***  3802893.9966  ***  ISysCommandControl command dequeued - exiting command processing loop
3802871 INFO  [si.isystem.eclipse.debug - 11] ISysAbstractCommand : ***  3802894.028  ***  Processing the last command to be processed: si.isystem.dsf.control.commands.ISysCmdMiscTerminateDebugger
3802871 INFO  [si.isystem.eclipse.debug - 11] ISysAbstractDsfService : ***  3802894.0617  ***  Command Control was shut down - cancelling remaining commands in queue.
3802871 INFO  [si.isystem.eclipse.debug - 11] ISysAbstractDsfService : ***  3802894.0737  ***  Command Controll queue is empty and closed.
3802871 INFO  [si.isystem.eclipse.debug - 11] ISysAbstractDsfService : ***  3802894.3655  ***  ISysBreakpointService shutdown(super) started.
3802871 INFO  [si.isystem.eclipse.debug - 11] ISysAbstractDsfService : ***  3802894.3838  ***  ISysBreakpointService shutdown(super) finished.
3802871 INFO  [si.isystem.eclipse.debug - 11] ISysAbstractDsfService : ***  3802894.3903  ***  ISysBreakpointService shutdown(main) started.
3802871 INFO  [si.isystem.eclipse.debug - 11] ISysAbstractDsfService : ***  3802894.399  ***  ISysBreakpointService removed from service event listener list
3802871 INFO  [si.isystem.eclipse.debug - 11] ISysAbstractDsfService : ***  3802894.4822  ***  ISysBreakpointService shutdown(main) finished.
3802871 INFO  [si.isystem.eclipse.debug - 11] ISysAbstractDsfService : ***  3802894.4922  ***  ISysBreakpointService shutdown(sub) finished.
3802871 INFO  [si.isystem.eclipse.debug - 11] ISysAbstractDsfService : ***  3802894.5058  ***  ISysRteService shutdown(super) started.
3802871 INFO  [si.isystem.eclipse.debug - 11] ISysAbstractDsfService : ***  3802894.521  ***  ISysRteService shutdown(super) finished.
3802872 INFO  [si.isystem.eclipse.debug - 11] ISysAbstractDsfService : ***  3802894.5273  ***  ISysRteService shutdown(main) started.
3802872 INFO  [si.isystem.eclipse.debug - 11] ISysAbstractDsfService : ***  3802894.5357  ***  ISysRteService removed from service event listener list
3802872 INFO  [si.isystem.eclipse.debug - 11] ISysAbstractDsfService : ***  3802894.5963  ***  ISysRteService shutdown(main) finished.
3802872 INFO  [si.isystem.eclipse.debug - 11] ISysAbstractDsfService : ***  3802894.6345  ***  ISysRteService shutdown(sub) finished.
3802872 INFO  [si.isystem.eclipse.debug - 11] ISysAbstractDsfService : ***  3802894.6538  ***  ISysSfrService shutdown(super) started.
3802872 INFO  [si.isystem.eclipse.debug - 11] ISysAbstractDsfService : ***  3802894.6668  ***  ISysSfrService shutdown(super) finished.
3802872 INFO  [si.isystem.eclipse.debug - 11] ISysAbstractDsfService : ***  3802894.6733  ***  ISysSfrService shutdown(main) started.
3802872 INFO  [si.isystem.eclipse.debug - 11] ISysAbstractDsfService : ***  3802894.6797  ***  ISysSfrService removed from service event listener list
3802872 INFO  [si.isystem.eclipse.debug - 11] ISysAbstractDsfService : ***  3802894.7479  ***  ISysSfrService shutdown(main) finished.
3802872 INFO  [si.isystem.eclipse.debug - 11] ISysAbstractDsfService : ***  3802894.7685  ***  ISysSfrService shutdown(sub) finished.
3802872 INFO  [si.isystem.eclipse.debug - 11] ISysAbstractDsfService : ***  3802894.7835  ***  ISysDisassemblyService shutdown(super) started.
3802872 INFO  [si.isystem.eclipse.debug - 11] ISysAbstractDsfService : ***  3802894.7957  ***  ISysDisassemblyService shutdown(super) finished.
3802872 INFO  [si.isystem.eclipse.debug - 11] ISysAbstractDsfService : ***  3802894.8023  ***  ISysDisassemblyService shutdown(main) started.
3802872 INFO  [si.isystem.eclipse.debug - 11] ISysAbstractDsfService : ***  3802894.8943  ***  ISysDisassemblyService shutdown(main) finished.
3802872 INFO  [si.isystem.eclipse.debug - 11] ISysAbstractDsfService : ***  3802894.9029  ***  ISysDisassemblyService shutdown(sub) finished.
3802872 INFO  [si.isystem.eclipse.debug - 11] ISysAbstractDsfService : ***  3802894.9158  ***  ISysRegistersService shutdown(super) started.
3802872 INFO  [si.isystem.eclipse.debug - 11] ISysAbstractDsfService : ***  3802894.9273  ***  ISysRegistersService shutdown(super) finished.
3802872 INFO  [si.isystem.eclipse.debug - 11] ISysAbstractDsfService : ***  3802894.9334  ***  ISysRegistersService shutdown(main) started.
3802872 INFO  [si.isystem.eclipse.debug - 11] ISysAbstractDsfService : ***  3802894.94  ***  ISysRegistersService removed from service event listener list
3802872 INFO  [si.isystem.eclipse.debug - 11] ISysAbstractDsfService : ***  3802895.0351  ***  ISysRegistersService shutdown(main) finished.
3802872 INFO  [si.isystem.eclipse.debug - 11] ISysAbstractDsfService : ***  3802895.0444  ***  ISysRegistersService shutdown(sub) finished.
3802872 INFO  [si.isystem.eclipse.debug - 11] ISysAbstractDsfService : ***  3802895.0561  ***  ISysExpressionsService shutdown(super) started.
3802872 INFO  [si.isystem.eclipse.debug - 11] ISysAbstractDsfService : ***  3802895.0672  ***  ISysExpressionsService shutdown(super) finished.
3802872 INFO  [si.isystem.eclipse.debug - 11] ISysAbstractDsfService : ***  3802895.0737  ***  ISysExpressionsService shutdown(main) started.
3802872 INFO  [si.isystem.eclipse.debug - 11] ISysAbstractDsfService : ***  3802895.0803  ***  ISysExpressionsService removed from service event listener list
3802872 INFO  [si.isystem.eclipse.debug - 11] ISysAbstractDsfService : ***  3802895.1814  ***  ISysExpressionsService shutdown(main) finished.
3802872 INFO  [si.isystem.eclipse.debug - 11] ISysAbstractDsfService : ***  3802895.2059  ***  ISysExpressionsService shutdown(sub) finished.
3802872 INFO  [si.isystem.eclipse.debug - 11] ISysAbstractDsfService : ***  3802895.2197  ***  ISysSourceLookupService shutdown(super) started.
3802872 INFO  [si.isystem.eclipse.debug - 11] ISysAbstractDsfService : ***  3802895.2303  ***  ISysSourceLookupService shutdown(super) finished.
3802872 INFO  [si.isystem.eclipse.debug - 11] ISysAbstractDsfService : ***  3802895.2363  ***  ISysSourceLookupService shutdown(main) started.
3802872 INFO  [si.isystem.eclipse.debug - 11] ISysAbstractDsfService : ***  3802895.3005  ***  ISysSourceLookupService shutdown(main) finished.
3802872 INFO  [si.isystem.eclipse.debug - 11] ISysAbstractDsfService : ***  3802895.3089  ***  ISysSourceLookupService shutdown(sub) finished.
3802872 INFO  [si.isystem.eclipse.debug - 11] ISysAbstractDsfService : ***  3802895.3233  ***  ISysMemoryService shutdown(super) started.
3802872 INFO  [si.isystem.eclipse.debug - 11] ISysAbstractDsfService : ***  3802895.3367  ***  ISysMemoryService shutdown(super) finished.
3802872 INFO  [si.isystem.eclipse.debug - 11] ISysAbstractDsfService : ***  3802895.3429  ***  ISysMemoryService shutdown(main) started.
3802872 INFO  [si.isystem.eclipse.debug - 11] ISysAbstractDsfService : ***  3802895.3496  ***  ISysMemoryService removed from service event listener list
3802872 INFO  [si.isystem.eclipse.debug - 11] ISysAbstractDsfService : ***  3802895.4311  ***  ISysMemoryService shutdown(main) finished.
3802872 INFO  [si.isystem.eclipse.debug - 11] ISysAbstractDsfService : ***  3802895.4406  ***  ISysMemoryService shutdown(sub) finished.
3802872 INFO  [si.isystem.eclipse.debug - 11] ISysAbstractDsfService : ***  3802895.449  ***  ISysStackService shutdown(super) started.
3802872 INFO  [si.isystem.eclipse.debug - 11] ISysAbstractDsfService : ***  3802895.4604  ***  ISysStackService shutdown(super) finished.
3802872 INFO  [si.isystem.eclipse.debug - 11] ISysAbstractDsfService : ***  3802895.4668  ***  ISysStackService shutdown(main) started.
3802872 INFO  [si.isystem.eclipse.debug - 11] ISysAbstractDsfService : ***  3802895.4743  ***  ISysStackService removed from service event listener list
3802873 INFO  [si.isystem.eclipse.debug - 11] ISysAbstractDsfService : ***  3802895.5467  ***  ISysStackService shutdown(main) finished.
3802873 INFO  [si.isystem.eclipse.debug - 11] ISysAbstractDsfService : ***  3802895.5552  ***  ISysStackService shutdown(sub) finished.
3802873 INFO  [si.isystem.eclipse.debug - 11] ISysAbstractDsfService : ***  3802895.5634  ***  ISysRunControl shutdown(super) started.
3802873 INFO  [si.isystem.eclipse.debug - 11] ISysAbstractDsfService : ***  3802895.5733  ***  ISysRunControl shutdown(super) finished.
3802873 INFO  [si.isystem.eclipse.debug - 11] ISysAbstractDsfService : ***  3802895.5793  ***  ISysRunControl shutdown(main) started.
3802873 INFO  [si.isystem.eclipse.debug - 11] ISysAbstractDsfService : ***  3802895.5857  ***  ISysRunControl removed from service event listener list
3802873 INFO  [si.isystem.eclipse.debug - 11] ISysAbstractDsfService : ***  3802895.656  ***  ISysRunControl shutdown(main) finished.
3802873 INFO  [si.isystem.eclipse.debug - 11] ISysAbstractDsfService : ***  3802895.6641  ***  ISysRunControl shutdown(sub) finished.
3802873 INFO  [si.isystem.eclipse.debug - 11] ISysAbstractDsfService : ***  3802895.6722  ***  ISysCommandControl shutdown(super) started.
3802873 INFO  [si.isystem.eclipse.debug - 11] ISysAbstractDsfService : ***  3802895.6819  ***  ISysCommandControl shutdown(super) finished.
3802873 INFO  [si.isystem.eclipse.debug - 11] ISysAbstractDsfService : ***  3802895.6879  ***  ISysCommandControl shutdown(main) started.
3802873 INFO  [si.isystem.eclipse.debug - 11] ISysAbstractDsfService : ***  3802895.7587  ***  ISysCommandControl shutdown(main) finished.
3802873 INFO  [si.isystem.eclipse.debug - 11] ISysAbstractDsfService : ***  3802895.7672  ***  ISysCommandControl shutdown(sub) finished.
3802873 INFO  [si.isystem.eclipse.debug - 11] ISysAbstractDsfService : ***  3802895.7801  ***  ISysConnectionService shutdown(super) started.
3802873 INFO  [si.isystem.eclipse.debug - 11] IConnectProxy : ***  3802895.8154  ***  Shutting down iConnect for cores: [I@336bb800
3802873 INFO  [si.isystem.eclipse.debug - 11] IConnectProxy : ***  3802895.8292  ***  Disconnecting from and closing winIDEA on core 0.
3802911 INFO  [si.isystem.eclipse.debug - 11] ISysAbstractDsfService : ***  3802935.0468  ***  ISysConnectionService shutdown(super) finished.
3802911 INFO  [si.isystem.eclipse.debug - 11] ISysAbstractDsfService : ***  3802935.0818  ***  ISysConnectionService shutdown(main) started.
3802911 INFO  [si.isystem.eclipse.debug - 11] ISysAbstractDsfService : ***  3802935.09  ***  ISysConnectionService shutdown(main) finished.
3802911 INFO  [si.isystem.eclipse.debug - 11] ISysAbstractDsfService : ***  3802935.101  ***  ISysConnectionService shutdown(sub) finished.
3802912 INFO  [si.isystem.eclipse.debug - 11] ISysLaunch : ***  3802935.1729  ***  Debug services shutdown completed.
4148919 INFO  [si.isystem.eclipse.debug - 12] ISysAbstractDsfService : ***  4148942.4826  ***  ISysConnectionService initialization(super) started.
4148920 INFO  [si.isystem.eclipse.debug - 12] IConLaunchManager : ***  4148942.7131  ***  
Starting debug session using launch configuration paramenters: 
 - Launch name = 'TC275-LED TriCore Debug (TASKING)'
 - Project name = 'TC275-LED'
 - Project path = 'D:/Project/Aurix-TC275/TC275-LED'
 - Output file = 'TriCore Debug (TASKING)\TC275-LED.elf'
 - Stop on startup = 'true'
 - Stop on startup location = 'core0_main'
 - Verbose mode = false' - winIDEA visible = 'false'
 - Bring winIDEA to top = 'true'
 - Verify download = 'true'
 - Analyze source files = 'false'
 - Shutdown winIDEA at terminate session = 'true'
 - winIDEA workspace path = '.ads/winIDEAWorkspaces/TriCore-Debug-(TASKING)/ADS.xjrf'
 - full winIDEA workspace path = 'D:\Project\Aurix-TC275\TC275-LED\.ads\winIDEAWorkspaces\TriCore-Debug-(TASKING)\ADS.xjrf'
 - Device = 'TC275T'
 - Hardware = 'IFX_DAS'
 - Communication = 'USB'
 - Hardware debugger = ''
 - Image check = 'Default'
 - Create SMP = 'true'
 - After download action = 'none'
 - After download symbol = ''

4148920 INFO  [si.isystem.eclipse.debug - 12] ISysSessionManager : ***  4148942.8017  ***  Setting winIDEA workspace path to 'D:\Project\Aurix-TC275\TC275-LED\.ads\winIDEAWorkspaces\TriCore-Debug-(TASKING)\ADS.xjrf'
4148920 INFO  [si.isystem.eclipse.debug - 12] ISysSessionManager : ***  4148942.9089  ***  Connecting to winIDEA 'C:\Infineon\AURIX-Studio-1.10.16\winIDEA\' with workspace 'D:\Project\Aurix-TC275\TC275-LED\.ads\winIDEAWorkspaces\TriCore-Debug-(TASKING)\ADS.xjrf', winIDEA-ID: 'com.tasking.winIDEA.instance.id-TC275-LED TriCore Debug (TASKING)', visible: false, CLI args: '/HideCrashDumpMessage'
4149633 INFO  [si.isystem.eclipse.debug - 12] ISysSessionManager : ***  4149657.2557  ***  Connected to winIDEA and setup workspace.
4149633 INFO  [si.isystem.eclipse.debug - 12] ISysSessionManager : ***  4149657.3152  ***  Version of isystem.connect for Java: 9.21.334.0
4149633 INFO  [si.isystem.eclipse.debug - 12] ISysSessionManager : ***  4149657.3516  ***  Version of isystem.connect DLL: 9.21.334.0.0
4149634 INFO  [si.isystem.eclipse.debug - 12] ISysSessionManager : ***  4149657.6687  ***  Version of winIDEA: 9.21.338.0.218131
4149634 INFO  [si.isystem.eclipse.debug - 12] ISysSessionManager : ***  4149657.6876  ***  Downloading ...
4151011 INFO  [si.isystem.eclipse.debug - 12] ISysSessionManager : ***  4151034.3329  ***  Downloading finished.
4151067 INFO  [si.isystem.eclipse.debug - 12] IConLaunchManager : ***  4151090.1077  ***  Connected to target.
4151067 INFO  [si.isystem.eclipse.debug - 12] IConLaunchManager : ***  4151090.1461  ***  Log level set to INFO
4151128 INFO  [si.isystem.eclipse.debug - 12] ISysAbstractDsfService : ***  4151150.4947  ***  ISysConnectionService initialization(super) finished.
4151128 INFO  [si.isystem.eclipse.debug - 12] ISysAbstractDsfService : ***  4151150.5319  ***  ISysConnectionService initialization(main) started.
4151128 INFO  [si.isystem.eclipse.debug - 12] ISysAbstractDsfService : ***  4151150.5601  ***  ISysConnectionService initialization(main) finished.
4151128 INFO  [si.isystem.eclipse.debug - 12] ISysAbstractDsfService : ***  4151150.5845  ***  ISysConnectionService initialization(sub) finished.
4151128 INFO  [si.isystem.eclipse.debug - 12] ISysAbstractDsfService : ***  4151150.5994  ***  ISysCommandControl initialization(super) started.
4151128 INFO  [Worker-8: Command Executor Job] ISysAbstractDsfService : ***  4151150.6788  ***  Command Executor Job started.
4151128 INFO  [si.isystem.eclipse.debug - 12] ISysAbstractDsfService : ***  4151150.7314  ***  ISysCommandControl initialization(super) finished.
4151128 INFO  [si.isystem.eclipse.debug - 12] ISysAbstractDsfService : ***  4151150.7419  ***  ISysCommandControl initialization(main) started.
4151128 INFO  [si.isystem.eclipse.debug - 12] ISysAbstractDsfService : ***  4151150.7563  ***  ISysCommandControl initialization(main) finished.
4151128 INFO  [si.isystem.eclipse.debug - 12] ISysAbstractDsfService : ***  4151150.7648  ***  ISysCommandControl initialization(sub) finished.
4151128 INFO  [si.isystem.eclipse.debug - 12] ISysAbstractDsfService : ***  4151150.7766  ***  ISysRunControl initialization(super) started.
4151130 INFO  [si.isystem.eclipse.debug - 12] ISysAbstractDsfService : ***  4151152.6245  ***  ISysRunControl initialization(super) finished.
4151130 INFO  [si.isystem.eclipse.debug - 12] ISysAbstractDsfService : ***  4151152.6553  ***  ISysRunControl initialization(main) started.
4151130 INFO  [si.isystem.eclipse.debug - 12] ISysAbstractDsfService : ***  4151152.6707  ***  ISysRunControl specified as service event listener (method: eventDispatched)
4151130 INFO  [si.isystem.eclipse.debug - 12] ISysAbstractDsfService : ***  4151152.6887  ***  ISysRunControl initialization(main) finished.
4151131 INFO  [si.isystem.eclipse.debug - 12] ISysAbstractDsfService : ***  4151153.8313  ***  ISysRunControl initialization(sub) finished.
4151131 INFO  [si.isystem.eclipse.debug - 12] ISysAbstractDsfService : ***  4151153.8624  ***  ISysStackService initialization(super) started.
4151131 INFO  [si.isystem.eclipse.debug - 12] ISysAbstractDsfService : ***  4151154.0474  ***  ISysStackService initialization(super) finished.
4151131 INFO  [si.isystem.eclipse.debug - 12] ISysAbstractDsfService : ***  4151154.0588  ***  ISysStackService initialization(main) started.
4151131 INFO  [si.isystem.eclipse.debug - 12] ISysAbstractDsfService : ***  4151154.0705  ***  ISysStackService specified as service event listener (method: eventDispatched)
4151131 INFO  [si.isystem.eclipse.debug - 12] ISysAbstractDsfService : ***  4151154.084  ***  ISysStackService initialization(main) finished.
4151131 INFO  [si.isystem.eclipse.debug - 12] ISysAbstractDsfService : ***  4151154.0916  ***  ISysStackService initialization(sub) finished.
4151131 INFO  [si.isystem.eclipse.debug - 12] ISysAbstractDsfService : ***  4151154.1018  ***  ISysMemoryService initialization(super) started.
4151131 INFO  [si.isystem.eclipse.debug - 12] ISysAbstractDsfService : ***  4151154.1293  ***  Starting Memory Service sub-initialization sequence.
4151131 INFO  [si.isystem.eclipse.debug - 12] ISysAbstractDsfService : ***  4151154.139  ***  ISysMemoryService initialization(super) finished.
4151131 INFO  [si.isystem.eclipse.debug - 12] ISysAbstractDsfService : ***  4151154.1451  ***  ISysMemoryService initialization(main) started.
4151131 INFO  [si.isystem.eclipse.debug - 12] ISysAbstractDsfService : ***  4151154.1529  ***  ISysMemoryService specified as service event listener (method: eventDispatched)
4151131 INFO  [si.isystem.eclipse.debug - 12] ISysAbstractDsfService : ***  4151154.162  ***  ISysMemoryService initialization(main) finished.
4151131 INFO  [si.isystem.eclipse.debug - 12] ISysAbstractDsfService : ***  4151154.1766  ***  Initializing Memory Service block retrieval.
4151132 INFO  [si.isystem.eclipse.debug - 12] ISysAbstractDsfService : ***  4151155.3686  ***  Memory Service block retrieval initialized.
4151132 INFO  [si.isystem.eclipse.debug - 12] ISysAbstractDsfService : ***  4151155.3959  ***  Loading memory area properties.
4151133 INFO  [si.isystem.eclipse.debug - 12] ISysAbstractDsfService : ***  4151156.5062  ***  Adding 1 memory blocks.
4151134 INFO  [si.isystem.eclipse.debug - 12] ISysAbstractDsfService : ***  4151156.5613  ***  Block 'Virtual' [00000000:ffffffff] MAU=8 visible
4151134 INFO  [si.isystem.eclipse.debug - 12] ISysAbstractDsfService : ***  4151156.5704  ***  Memory Service block retrieval initialized.
4151134 INFO  [si.isystem.eclipse.debug - 12] ISysAbstractDsfService : ***  4151156.5822  ***  Registering memory model adapter and service.
4151134 INFO  [si.isystem.eclipse.debug - 12] ISysAbstractDsfService : ***  4151156.8409  ***  Memory model adapter and service registered.
4151134 INFO  [si.isystem.eclipse.debug - 12] ISysAbstractDsfService : ***  4151156.8604  ***  ISysMemoryService initialization(sub) finished.
4151134 INFO  [si.isystem.eclipse.debug - 12] ISysAbstractDsfService : ***  4151156.8743  ***  ISysSourceLookupService initialization(super) started.
4151134 INFO  [si.isystem.eclipse.debug - 12] ISysAbstractDsfService : ***  4151156.9767  ***  ISysSourceLookupService initialization(super) finished.
4151134 INFO  [si.isystem.eclipse.debug - 12] ISysAbstractDsfService : ***  4151156.9867  ***  ISysSourceLookupService initialization(main) started.
4151134 INFO  [si.isystem.eclipse.debug - 12] ISysAbstractDsfService : ***  4151156.999  ***  ISysSourceLookupService initialization(main) finished.
4151134 INFO  [si.isystem.eclipse.debug - 12] ISysAbstractDsfService : ***  4151157.0054  ***  ISysSourceLookupService initialization(sub) finished.
4151134 INFO  [si.isystem.eclipse.debug - 12] ISysAbstractDsfService : ***  4151157.0139  ***  ISysExpressionsService initialization(super) started.
4151134 INFO  [si.isystem.eclipse.debug - 12] ISysAbstractDsfService : ***  4151157.1361  ***  ISysExpressionsService initialization(super) finished.
4151134 INFO  [si.isystem.eclipse.debug - 12] ISysAbstractDsfService : ***  4151157.1464  ***  ISysExpressionsService initialization(main) started.
4151134 INFO  [si.isystem.eclipse.debug - 12] ISysAbstractDsfService : ***  4151157.1552  ***  ISysExpressionsService specified as service event listener (method: eventDispatched)
4151134 INFO  [si.isystem.eclipse.debug - 12] ISysAbstractDsfService : ***  4151157.1688  ***  ISysExpressionsService initialization(main) finished.
4151134 INFO  [si.isystem.eclipse.debug - 12] ISysAbstractDsfService : ***  4151157.1758  ***  ISysExpressionsService initialization(sub) finished.
4151134 INFO  [si.isystem.eclipse.debug - 12] ISysAbstractDsfService : ***  4151157.1847  ***  ISysRegistersService initialization(super) started.
4151135 INFO  [si.isystem.eclipse.debug - 12] ISysAbstractDsfService : ***  4151157.5248  ***  ISysRegistersService initialization(super) finished.
4151135 INFO  [si.isystem.eclipse.debug - 12] ISysAbstractDsfService : ***  4151157.5374  ***  ISysRegistersService initialization(main) started.
4151135 INFO  [si.isystem.eclipse.debug - 12] ISysAbstractDsfService : ***  4151157.5468  ***  ISysRegistersService specified as service event listener (method: eventDispatched)
4151135 INFO  [si.isystem.eclipse.debug - 12] ISysAbstractDsfService : ***  4151157.5582  ***  ISysRegistersService initialization(main) finished.
4151135 INFO  [si.isystem.eclipse.debug - 12] ISysAbstractDsfService : ***  4151157.565  ***  ISysRegistersService initialization(sub) finished.
4151135 INFO  [si.isystem.eclipse.debug - 12] ISysAbstractDsfService : ***  4151157.5741  ***  ISysDisassemblyService initialization(super) started.
4151135 INFO  [si.isystem.eclipse.debug - 12] ISysAbstractDsfService : ***  4151157.7578  ***  ISysDisassemblyService initialization(super) finished.
4151135 INFO  [si.isystem.eclipse.debug - 12] ISysAbstractDsfService : ***  4151157.77  ***  ISysDisassemblyService initialization(main) started.
4151135 INFO  [si.isystem.eclipse.debug - 12] ISysAbstractDsfService : ***  4151157.7805  ***  ISysDisassemblyService initialization(main) finished.
4151135 INFO  [si.isystem.eclipse.debug - 12] ISysAbstractDsfService : ***  4151157.7869  ***  ISysDisassemblyService initialization(sub) finished.
4151135 INFO  [si.isystem.eclipse.debug - 12] ISysAbstractDsfService : ***  4151157.7957  ***  ISysSfrService initialization(super) started.
4151135 INFO  [si.isystem.eclipse.debug - 12] ISysAbstractDsfService : ***  4151157.8884  ***  ISysSfrService initialization(super) finished.
4151135 INFO  [si.isystem.eclipse.debug - 12] ISysAbstractDsfService : ***  4151157.8984  ***  ISysSfrService initialization(main) started.
4151135 INFO  [si.isystem.eclipse.debug - 12] ISysAbstractDsfService : ***  4151157.9069  ***  ISysSfrService specified as service event listener (method: eventDispatched)
4151135 INFO  [si.isystem.eclipse.debug - 12] ISysAbstractDsfService : ***  4151157.9197  ***  ISysSfrService initialization(main) finished.
4151538 INFO  [si.isystem.eclipse.debug - 12] ISysAbstractDsfService : ***  4151561.0154  ***  ISysSfrService initialization(sub) finished.
4151541 INFO  [si.isystem.eclipse.debug - 12] ISysAbstractDsfService : ***  4151563.9221  ***  ISysRteService initialization(super) started.
4151541 INFO  [si.isystem.eclipse.debug - 12] ISysAbstractDsfService : ***  4151564.0974  ***  ISysRteService initialization(super) finished.
4151541 INFO  [si.isystem.eclipse.debug - 12] ISysAbstractDsfService : ***  4151564.1088  ***  ISysRteService initialization(main) started.
4151541 INFO  [si.isystem.eclipse.debug - 12] ISysAbstractDsfService : ***  4151564.12  ***  ISysRteService specified as service event listener (method: eventDispatched)
4151541 INFO  [si.isystem.eclipse.debug - 12] ISysAbstractDsfService : ***  4151564.1332  ***  ISysRteService initialization(main) finished.
4151541 INFO  [si.isystem.eclipse.debug - 12] ISysAbstractDsfService : ***  4151564.14  ***  ISysRteService initialization(sub) finished.
4151541 INFO  [si.isystem.eclipse.debug - 12] ISysAbstractDsfService : ***  4151564.1493  ***  ISysBreakpointService initialization(super) started.
4151541 INFO  [si.isystem.eclipse.debug - 12] ISysAbstractDsfService : ***  4151564.2395  ***  ISysBreakpointService initialization(super) finished.
4151541 INFO  [si.isystem.eclipse.debug - 12] ISysAbstractDsfService : ***  4151564.2492  ***  ISysBreakpointService initialization(main) started.
4151541 INFO  [si.isystem.eclipse.debug - 12] ISysAbstractDsfService : ***  4151564.2584  ***  ISysBreakpointService specified as service event listener (method: eventDispatched)
4151541 INFO  [si.isystem.eclipse.debug - 12] ISysAbstractDsfService : ***  4151564.2685  ***  ISysBreakpointService initialization(main) finished.
4151541 INFO  [si.isystem.eclipse.debug - 12] ISysAbstractDsfService : ***  4151564.2752  ***  ISysBreakpointService initialization(sub) finished.
4151542 INFO  [si.isystem.eclipse.debug - 12] ISysLaunch : ***  4151565.28  ***  Services initialization sequence completed
4153893 INFO  [si.isystem.eclipse.debug - 12] ISysAbstractDsfService : ***  4153916.4065  ***  Suspend failed
si.isystem.exceptions.SException: Invalid execution context type: class si.isystem.dsf.model.dm.ISysDebuggerDmContext
	at si.isystem.dsf.services.ISysRunControl.getThreadContext(Unknown Source)
	at si.isystem.dsf.services.ISysRunControl.isSuspended(Unknown Source)
	at org.eclipse.cdt.dsf.debug.ui.viewmodel.launch.AbstractContainerVMNode.updatePropertiesInSessionThread(AbstractContainerVMNode.java:168)
	at si.isystem.dsf.model.vm.ISysDebuggerVmNode.updatePropertiesInSessionThread(Unknown Source)
	at org.eclipse.cdt.dsf.debug.ui.viewmodel.launch.AbstractContainerVMNode$2.run(AbstractContainerVMNode.java:138)
	at java.base/java.util.concurrent.Executors$RunnableAdapter.call(Executors.java:539)
	at java.base/java.util.concurrent.FutureTask.run(FutureTask.java:264)
	at java.base/java.util.concurrent.ScheduledThreadPoolExecutor$ScheduledFutureTask.run(ScheduledThreadPoolExecutor.java:304)
	at java.base/java.util.concurrent.ThreadPoolExecutor.runWorker(ThreadPoolExecutor.java:1136)
	at java.base/java.util.concurrent.ThreadPoolExecutor$Worker.run(ThreadPoolExecutor.java:635)
	at java.base/java.lang.Thread.run(Thread.java:840)
4153893 INFO  [si.isystem.eclipse.debug - 12] ISysAbstractDsfService : ***  4153916.5469  ***  Suspend failed
si.isystem.exceptions.SException: Invalid execution context type: class si.isystem.dsf.model.dm.ISysDebuggerDmContext
	at si.isystem.dsf.services.ISysRunControl.getThreadContext(Unknown Source)
	at si.isystem.dsf.services.ISysRunControl.isSuspended(Unknown Source)
	at org.eclipse.cdt.dsf.debug.ui.viewmodel.launch.AbstractContainerVMNode.updatePropertiesInSessionThread(AbstractContainerVMNode.java:168)
	at si.isystem.dsf.model.vm.ISysDebuggerVmNode.updatePropertiesInSessionThread(Unknown Source)
	at org.eclipse.cdt.dsf.debug.ui.viewmodel.launch.AbstractContainerVMNode$2.run(AbstractContainerVMNode.java:138)
	at java.base/java.util.concurrent.Executors$RunnableAdapter.call(Executors.java:539)
	at java.base/java.util.concurrent.FutureTask.run(FutureTask.java:264)
	at java.base/java.util.concurrent.ScheduledThreadPoolExecutor$ScheduledFutureTask.run(ScheduledThreadPoolExecutor.java:304)
	at java.base/java.util.concurrent.ThreadPoolExecutor.runWorker(ThreadPoolExecutor.java:1136)
	at java.base/java.util.concurrent.ThreadPoolExecutor$Worker.run(ThreadPoolExecutor.java:635)
	at java.base/java.lang.Thread.run(Thread.java:840)
4153893 INFO  [si.isystem.eclipse.debug - 12] ISysAbstractDsfService : ***  4153916.6048  ***  Suspend failed
si.isystem.exceptions.SException: Invalid execution context type: class si.isystem.dsf.model.dm.ISysDebuggerDmContext
	at si.isystem.dsf.services.ISysRunControl.getThreadContext(Unknown Source)
	at si.isystem.dsf.services.ISysRunControl.isSuspended(Unknown Source)
	at org.eclipse.cdt.dsf.debug.ui.viewmodel.launch.AbstractContainerVMNode.updatePropertiesInSessionThread(AbstractContainerVMNode.java:168)
	at si.isystem.dsf.model.vm.ISysDebuggerVmNode.updatePropertiesInSessionThread(Unknown Source)
	at org.eclipse.cdt.dsf.debug.ui.viewmodel.launch.AbstractContainerVMNode$2.run(AbstractContainerVMNode.java:138)
	at java.base/java.util.concurrent.Executors$RunnableAdapter.call(Executors.java:539)
	at java.base/java.util.concurrent.FutureTask.run(FutureTask.java:264)
	at java.base/java.util.concurrent.ScheduledThreadPoolExecutor$ScheduledFutureTask.run(ScheduledThreadPoolExecutor.java:304)
	at java.base/java.util.concurrent.ThreadPoolExecutor.runWorker(ThreadPoolExecutor.java:1136)
	at java.base/java.util.concurrent.ThreadPoolExecutor$Worker.run(ThreadPoolExecutor.java:635)
	at java.base/java.lang.Thread.run(Thread.java:840)
4153893 INFO  [si.isystem.eclipse.debug - 12] ISysAbstractDsfService : ***  4153916.6555  ***  Suspend failed
si.isystem.exceptions.SException: Invalid execution context type: class si.isystem.dsf.model.dm.ISysDebuggerDmContext
	at si.isystem.dsf.services.ISysRunControl.getThreadContext(Unknown Source)
	at si.isystem.dsf.services.ISysRunControl.isSuspended(Unknown Source)
	at org.eclipse.cdt.dsf.debug.ui.viewmodel.launch.AbstractContainerVMNode.updatePropertiesInSessionThread(AbstractContainerVMNode.java:168)
	at si.isystem.dsf.model.vm.ISysDebuggerVmNode.updatePropertiesInSessionThread(Unknown Source)
	at org.eclipse.cdt.dsf.debug.ui.viewmodel.launch.AbstractContainerVMNode$2.run(AbstractContainerVMNode.java:138)
	at java.base/java.util.concurrent.Executors$RunnableAdapter.call(Executors.java:539)
	at java.base/java.util.concurrent.FutureTask.run(FutureTask.java:264)
	at java.base/java.util.concurrent.ScheduledThreadPoolExecutor$ScheduledFutureTask.run(ScheduledThreadPoolExecutor.java:304)
	at java.base/java.util.concurrent.ThreadPoolExecutor.runWorker(ThreadPoolExecutor.java:1136)
	at java.base/java.util.concurrent.ThreadPoolExecutor$Worker.run(ThreadPoolExecutor.java:635)
	at java.base/java.lang.Thread.run(Thread.java:840)
4540578 INFO  [Worker-8: Command Executor Job] ISysAbstractDsfService : ***  4540601.4202  ***  ISysCommandControl command dequeued - exiting command processing loop
4540578 INFO  [si.isystem.eclipse.debug - 12] ISysAbstractCommand : ***  4540601.4564  ***  Processing the last command to be processed: si.isystem.dsf.control.commands.ISysCmdMiscTerminateDebugger
4540578 INFO  [si.isystem.eclipse.debug - 12] ISysAbstractDsfService : ***  4540601.5021  ***  Command Control was shut down - cancelling remaining commands in queue.
4540578 INFO  [si.isystem.eclipse.debug - 12] ISysAbstractDsfService : ***  4540601.5186  ***  Command Controll queue is empty and closed.
4540579 INFO  [si.isystem.eclipse.debug - 12] ISysAbstractDsfService : ***  4540601.8236  ***  ISysBreakpointService shutdown(super) started.
4540579 INFO  [si.isystem.eclipse.debug - 12] ISysAbstractDsfService : ***  4540601.8515  ***  ISysBreakpointService shutdown(super) finished.
4540579 INFO  [si.isystem.eclipse.debug - 12] ISysAbstractDsfService : ***  4540601.8687  ***  ISysBreakpointService shutdown(main) started.
4540579 INFO  [si.isystem.eclipse.debug - 12] ISysAbstractDsfService : ***  4540601.8851  ***  ISysBreakpointService removed from service event listener list
4540579 INFO  [si.isystem.eclipse.debug - 12] ISysAbstractDsfService : ***  4540602.0123  ***  ISysBreakpointService shutdown(main) finished.
4540579 INFO  [si.isystem.eclipse.debug - 12] ISysAbstractDsfService : ***  4540602.0269  ***  ISysBreakpointService shutdown(sub) finished.
4540579 INFO  [si.isystem.eclipse.debug - 12] ISysAbstractDsfService : ***  4540602.0473  ***  ISysRteService shutdown(super) started.
4540579 INFO  [si.isystem.eclipse.debug - 12] ISysAbstractDsfService : ***  4540602.0716  ***  ISysRteService shutdown(super) finished.
4540579 INFO  [si.isystem.eclipse.debug - 12] ISysAbstractDsfService : ***  4540602.0813  ***  ISysRteService shutdown(main) started.
4540579 INFO  [si.isystem.eclipse.debug - 12] ISysAbstractDsfService : ***  4540602.0915  ***  ISysRteService removed from service event listener list
4540579 INFO  [si.isystem.eclipse.debug - 12] ISysAbstractDsfService : ***  4540602.1889  ***  ISysRteService shutdown(main) finished.
4540579 INFO  [si.isystem.eclipse.debug - 12] ISysAbstractDsfService : ***  4540602.2335  ***  ISysRteService shutdown(sub) finished.
4540579 INFO  [si.isystem.eclipse.debug - 12] ISysAbstractDsfService : ***  4540602.2545  ***  ISysSfrService shutdown(super) started.
4540579 INFO  [si.isystem.eclipse.debug - 12] ISysAbstractDsfService : ***  4540602.2737  ***  ISysSfrService shutdown(super) finished.
4540579 INFO  [si.isystem.eclipse.debug - 12] ISysAbstractDsfService : ***  4540602.2849  ***  ISysSfrService shutdown(main) started.
4540579 INFO  [si.isystem.eclipse.debug - 12] ISysAbstractDsfService : ***  4540602.2951  ***  ISysSfrService removed from service event listener list
4540579 INFO  [si.isystem.eclipse.debug - 12] ISysAbstractDsfService : ***  4540602.4179  ***  ISysSfrService shutdown(main) finished.
4540579 INFO  [si.isystem.eclipse.debug - 12] ISysAbstractDsfService : ***  4540602.4464  ***  ISysSfrService shutdown(sub) finished.
4540579 INFO  [si.isystem.eclipse.debug - 12] ISysAbstractDsfService : ***  4540602.4689  ***  ISysDisassemblyService shutdown(super) started.
4540579 INFO  [si.isystem.eclipse.debug - 12] ISysAbstractDsfService : ***  4540602.4878  ***  ISysDisassemblyService shutdown(super) finished.
4540579 INFO  [si.isystem.eclipse.debug - 12] ISysAbstractDsfService : ***  4540602.4977  ***  ISysDisassemblyService shutdown(main) started.
4540579 INFO  [si.isystem.eclipse.debug - 12] ISysAbstractDsfService : ***  4540602.6172  ***  ISysDisassemblyService shutdown(main) finished.
4540579 INFO  [si.isystem.eclipse.debug - 12] ISysAbstractDsfService : ***  4540602.6317  ***  ISysDisassemblyService shutdown(sub) finished.
4540580 INFO  [si.isystem.eclipse.debug - 12] ISysAbstractDsfService : ***  4540602.6566  ***  ISysRegistersService shutdown(super) started.
4540580 INFO  [si.isystem.eclipse.debug - 12] ISysAbstractDsfService : ***  4540602.6734  ***  ISysRegistersService shutdown(super) finished.
4540580 INFO  [si.isystem.eclipse.debug - 12] ISysAbstractDsfService : ***  4540602.6847  ***  ISysRegistersService shutdown(main) started.
4540580 INFO  [si.isystem.eclipse.debug - 12] ISysAbstractDsfService : ***  4540602.6969  ***  ISysRegistersService removed from service event listener list
4540580 INFO  [si.isystem.eclipse.debug - 12] ISysAbstractDsfService : ***  4540602.8367  ***  ISysRegistersService shutdown(main) finished.
4540580 INFO  [si.isystem.eclipse.debug - 12] ISysAbstractDsfService : ***  4540602.8517  ***  ISysRegistersService shutdown(sub) finished.
4540580 INFO  [si.isystem.eclipse.debug - 12] ISysAbstractDsfService : ***  4540602.8705  ***  ISysExpressionsService shutdown(super) started.
4540580 INFO  [si.isystem.eclipse.debug - 12] ISysAbstractDsfService : ***  4540602.8904  ***  ISysExpressionsService shutdown(super) finished.
4540580 INFO  [si.isystem.eclipse.debug - 12] ISysAbstractDsfService : ***  4540602.9027  ***  ISysExpressionsService shutdown(main) started.
4540580 INFO  [si.isystem.eclipse.debug - 12] ISysAbstractDsfService : ***  4540602.9145  ***  ISysExpressionsService removed from service event listener list
4540580 INFO  [si.isystem.eclipse.debug - 12] ISysAbstractDsfService : ***  4540603.0841  ***  ISysExpressionsService shutdown(main) finished.
4540580 INFO  [si.isystem.eclipse.debug - 12] ISysAbstractDsfService : ***  4540603.0992  ***  ISysExpressionsService shutdown(sub) finished.
4540580 INFO  [si.isystem.eclipse.debug - 12] ISysAbstractDsfService : ***  4540603.1194  ***  ISysSourceLookupService shutdown(super) started.
4540580 INFO  [si.isystem.eclipse.debug - 12] ISysAbstractDsfService : ***  4540603.1376  ***  ISysSourceLookupService shutdown(super) finished.
4540580 INFO  [si.isystem.eclipse.debug - 12] ISysAbstractDsfService : ***  4540603.1475  ***  ISysSourceLookupService shutdown(main) started.
4540580 INFO  [si.isystem.eclipse.debug - 12] ISysAbstractDsfService : ***  4540603.2525  ***  ISysSourceLookupService shutdown(main) finished.
4540580 INFO  [si.isystem.eclipse.debug - 12] ISysAbstractDsfService : ***  4540603.2664  ***  ISysSourceLookupService shutdown(sub) finished.
4540580 INFO  [si.isystem.eclipse.debug - 12] ISysAbstractDsfService : ***  4540603.2845  ***  ISysMemoryService shutdown(super) started.
4540580 INFO  [si.isystem.eclipse.debug - 12] ISysAbstractDsfService : ***  4540603.3038  ***  ISysMemoryService shutdown(super) finished.
4540580 INFO  [si.isystem.eclipse.debug - 12] ISysAbstractDsfService : ***  4540603.3136  ***  ISysMemoryService shutdown(main) started.
4540580 INFO  [si.isystem.eclipse.debug - 12] ISysAbstractDsfService : ***  4540603.3238  ***  ISysMemoryService removed from service event listener list
4540580 INFO  [si.isystem.eclipse.debug - 12] ISysAbstractDsfService : ***  4540603.4729  ***  ISysMemoryService shutdown(main) finished.
4540580 INFO  [si.isystem.eclipse.debug - 12] ISysAbstractDsfService : ***  4540603.49  ***  ISysMemoryService shutdown(sub) finished.
4540580 INFO  [si.isystem.eclipse.debug - 12] ISysAbstractDsfService : ***  4540603.5044  ***  ISysStackService shutdown(super) started.
4540580 INFO  [si.isystem.eclipse.debug - 12] ISysAbstractDsfService : ***  4540603.521  ***  ISysStackService shutdown(super) finished.
4540580 INFO  [si.isystem.eclipse.debug - 12] ISysAbstractDsfService : ***  4540603.5328  ***  ISysStackService shutdown(main) started.
4540580 INFO  [si.isystem.eclipse.debug - 12] ISysAbstractDsfService : ***  4540603.5444  ***  ISysStackService removed from service event listener list
4540581 INFO  [si.isystem.eclipse.debug - 12] ISysAbstractDsfService : ***  4540603.6632  ***  ISysStackService shutdown(main) finished.
4540581 INFO  [si.isystem.eclipse.debug - 12] ISysAbstractDsfService : ***  4540603.6768  ***  ISysStackService shutdown(sub) finished.
4540581 INFO  [si.isystem.eclipse.debug - 12] ISysAbstractDsfService : ***  4540603.6897  ***  ISysRunControl shutdown(super) started.
4540581 INFO  [si.isystem.eclipse.debug - 12] ISysAbstractDsfService : ***  4540603.7061  ***  ISysRunControl shutdown(super) finished.
4540581 INFO  [si.isystem.eclipse.debug - 12] ISysAbstractDsfService : ***  4540603.7174  ***  ISysRunControl shutdown(main) started.
4540581 INFO  [si.isystem.eclipse.debug - 12] ISysAbstractDsfService : ***  4540603.7272  ***  ISysRunControl removed from service event listener list
4540581 INFO  [si.isystem.eclipse.debug - 12] ISysAbstractDsfService : ***  4540603.8432  ***  ISysRunControl shutdown(main) finished.
4540581 INFO  [si.isystem.eclipse.debug - 12] ISysAbstractDsfService : ***  4540603.8569  ***  ISysRunControl shutdown(sub) finished.
4540581 INFO  [si.isystem.eclipse.debug - 12] ISysAbstractDsfService : ***  4540603.8706  ***  ISysCommandControl shutdown(super) started.
4540581 INFO  [si.isystem.eclipse.debug - 12] ISysAbstractDsfService : ***  4540603.89  ***  ISysCommandControl shutdown(super) finished.
4540581 INFO  [si.isystem.eclipse.debug - 12] ISysAbstractDsfService : ***  4540603.9016  ***  ISysCommandControl shutdown(main) started.
4540581 INFO  [si.isystem.eclipse.debug - 12] ISysAbstractDsfService : ***  4540604.0155  ***  ISysCommandControl shutdown(main) finished.
4540581 INFO  [si.isystem.eclipse.debug - 12] ISysAbstractDsfService : ***  4540604.0286  ***  ISysCommandControl shutdown(sub) finished.
4540581 INFO  [si.isystem.eclipse.debug - 12] ISysAbstractDsfService : ***  4540604.0493  ***  ISysConnectionService shutdown(super) started.
4540581 INFO  [si.isystem.eclipse.debug - 12] IConnectProxy : ***  4540604.0984  ***  Shutting down iConnect for cores: [I@7fe96583
4540581 INFO  [si.isystem.eclipse.debug - 12] IConnectProxy : ***  4540604.1184  ***  Disconnecting from and closing winIDEA on core 0.
4540624 INFO  [si.isystem.eclipse.debug - 12] ISysAbstractDsfService : ***  4540646.7847  ***  ISysConnectionService shutdown(super) finished.
4540624 INFO  [si.isystem.eclipse.debug - 12] ISysAbstractDsfService : ***  4540646.8227  ***  ISysConnectionService shutdown(main) started.
4540624 INFO  [si.isystem.eclipse.debug - 12] ISysAbstractDsfService : ***  4540646.8309  ***  ISysConnectionService shutdown(main) finished.
4540624 INFO  [si.isystem.eclipse.debug - 12] ISysAbstractDsfService : ***  4540646.8389  ***  ISysConnectionService shutdown(sub) finished.
4540624 INFO  [si.isystem.eclipse.debug - 12] ISysLaunch : ***  4540646.8796  ***  Debug services shutdown completed.
4544312 INFO  [si.isystem.eclipse.debug - 13] ISysAbstractDsfService : ***  4544335.9131  ***  ISysConnectionService initialization(super) started.
4544312 INFO  [si.isystem.eclipse.debug - 13] IConLaunchManager : ***  4544336.1821  ***  
Starting debug session using launch configuration paramenters: 
 - Launch name = 'TC275-LED TriCore Debug (TASKING)'
 - Project name = 'TC275-LED'
 - Project path = 'D:/Project/Aurix-TC275/TC275-LED'
 - Output file = 'TriCore Debug (TASKING)\TC275-LED.elf'
 - Stop on startup = 'true'
 - Stop on startup location = 'core0_main'
 - Verbose mode = false' - winIDEA visible = 'false'
 - Bring winIDEA to top = 'true'
 - Verify download = 'true'
 - Analyze source files = 'false'
 - Shutdown winIDEA at terminate session = 'true'
 - winIDEA workspace path = '.ads/winIDEAWorkspaces/TriCore-Debug-(TASKING)/ADS.xjrf'
 - full winIDEA workspace path = 'D:\Project\Aurix-TC275\TC275-LED\.ads\winIDEAWorkspaces\TriCore-Debug-(TASKING)\ADS.xjrf'
 - Device = 'TC275T'
 - Hardware = 'IFX_DAS'
 - Communication = 'USB'
 - Hardware debugger = ''
 - Image check = 'Default'
 - Create SMP = 'true'
 - After download action = 'none'
 - After download symbol = ''

4544312 INFO  [si.isystem.eclipse.debug - 13] ISysSessionManager : ***  4544336.2632  ***  Setting winIDEA workspace path to 'D:\Project\Aurix-TC275\TC275-LED\.ads\winIDEAWorkspaces\TriCore-Debug-(TASKING)\ADS.xjrf'
4544313 INFO  [si.isystem.eclipse.debug - 13] ISysSessionManager : ***  4544336.3805  ***  Connecting to winIDEA 'C:\Infineon\AURIX-Studio-1.10.16\winIDEA\' with workspace 'D:\Project\Aurix-TC275\TC275-LED\.ads\winIDEAWorkspaces\TriCore-Debug-(TASKING)\ADS.xjrf', winIDEA-ID: 'com.tasking.winIDEA.instance.id-TC275-LED TriCore Debug (TASKING)', visible: false, CLI args: '/HideCrashDumpMessage'
4545035 INFO  [si.isystem.eclipse.debug - 13] ISysSessionManager : ***  4545058.0718  ***  Connected to winIDEA and setup workspace.
4545035 INFO  [si.isystem.eclipse.debug - 13] ISysSessionManager : ***  4545058.1246  ***  Version of isystem.connect for Java: 9.21.334.0
4545035 INFO  [si.isystem.eclipse.debug - 13] ISysSessionManager : ***  4545058.168  ***  Version of isystem.connect DLL: 9.21.334.0.0
4545035 INFO  [si.isystem.eclipse.debug - 13] ISysSessionManager : ***  4545058.616  ***  Version of winIDEA: 9.21.338.0.218131
4545035 INFO  [si.isystem.eclipse.debug - 13] ISysSessionManager : ***  4545058.6361  ***  Downloading ...
4546391 INFO  [si.isystem.eclipse.debug - 13] ISysSessionManager : ***  4546414.1837  ***  Downloading finished.
4546448 INFO  [si.isystem.eclipse.debug - 13] IConLaunchManager : ***  4546471.7999  ***  Connected to target.
4546448 INFO  [si.isystem.eclipse.debug - 13] IConLaunchManager : ***  4546471.8378  ***  Log level set to INFO
4546527 INFO  [si.isystem.eclipse.debug - 13] ISysAbstractDsfService : ***  4546550.6928  ***  ISysConnectionService initialization(super) finished.
4546527 INFO  [si.isystem.eclipse.debug - 13] ISysAbstractDsfService : ***  4546550.7658  ***  ISysConnectionService initialization(main) started.
4546527 INFO  [si.isystem.eclipse.debug - 13] ISysAbstractDsfService : ***  4546550.7802  ***  ISysConnectionService initialization(main) finished.
4546527 INFO  [si.isystem.eclipse.debug - 13] ISysAbstractDsfService : ***  4546550.7898  ***  ISysConnectionService initialization(sub) finished.
4546527 INFO  [si.isystem.eclipse.debug - 13] ISysAbstractDsfService : ***  4546550.8056  ***  ISysCommandControl initialization(super) started.
4546527 INFO  [Worker-11: Command Executor Job] ISysAbstractDsfService : ***  4546550.8872  ***  Command Executor Job started.
4546527 INFO  [si.isystem.eclipse.debug - 13] ISysAbstractDsfService : ***  4546550.9344  ***  ISysCommandControl initialization(super) finished.
4546527 INFO  [si.isystem.eclipse.debug - 13] ISysAbstractDsfService : ***  4546550.9468  ***  ISysCommandControl initialization(main) started.
4546527 INFO  [si.isystem.eclipse.debug - 13] ISysAbstractDsfService : ***  4546550.958  ***  ISysCommandControl initialization(main) finished.
4546527 INFO  [si.isystem.eclipse.debug - 13] ISysAbstractDsfService : ***  4546550.9648  ***  ISysCommandControl initialization(sub) finished.
4546527 INFO  [si.isystem.eclipse.debug - 13] ISysAbstractDsfService : ***  4546550.9766  ***  ISysRunControl initialization(super) started.
4546529 INFO  [si.isystem.eclipse.debug - 13] ISysAbstractDsfService : ***  4546552.5907  ***  ISysRunControl initialization(super) finished.
4546529 INFO  [si.isystem.eclipse.debug - 13] ISysAbstractDsfService : ***  4546552.6095  ***  ISysRunControl initialization(main) started.
4546529 INFO  [si.isystem.eclipse.debug - 13] ISysAbstractDsfService : ***  4546552.6231  ***  ISysRunControl specified as service event listener (method: eventDispatched)
4546529 INFO  [si.isystem.eclipse.debug - 13] ISysAbstractDsfService : ***  4546552.6393  ***  ISysRunControl initialization(main) finished.
4546530 INFO  [si.isystem.eclipse.debug - 13] ISysAbstractDsfService : ***  4546553.8701  ***  ISysRunControl initialization(sub) finished.
4546530 INFO  [si.isystem.eclipse.debug - 13] ISysAbstractDsfService : ***  4546553.8955  ***  ISysStackService initialization(super) started.
4546530 INFO  [si.isystem.eclipse.debug - 13] ISysAbstractDsfService : ***  4546554.0513  ***  ISysStackService initialization(super) finished.
4546530 INFO  [si.isystem.eclipse.debug - 13] ISysAbstractDsfService : ***  4546554.0633  ***  ISysStackService initialization(main) started.
4546531 INFO  [si.isystem.eclipse.debug - 13] ISysAbstractDsfService : ***  4546554.0778  ***  ISysStackService specified as service event listener (method: eventDispatched)
4546531 INFO  [si.isystem.eclipse.debug - 13] ISysAbstractDsfService : ***  4546554.0911  ***  ISysStackService initialization(main) finished.
4546531 INFO  [si.isystem.eclipse.debug - 13] ISysAbstractDsfService : ***  4546554.1041  ***  ISysStackService initialization(sub) finished.
4546531 INFO  [si.isystem.eclipse.debug - 13] ISysAbstractDsfService : ***  4546554.1142  ***  ISysMemoryService initialization(super) started.
4546531 INFO  [si.isystem.eclipse.debug - 13] ISysAbstractDsfService : ***  4546554.1436  ***  Starting Memory Service sub-initialization sequence.
4546531 INFO  [si.isystem.eclipse.debug - 13] ISysAbstractDsfService : ***  4546554.1535  ***  ISysMemoryService initialization(super) finished.
4546531 INFO  [si.isystem.eclipse.debug - 13] ISysAbstractDsfService : ***  4546554.1596  ***  ISysMemoryService initialization(main) started.
4546531 INFO  [si.isystem.eclipse.debug - 13] ISysAbstractDsfService : ***  4546554.1714  ***  ISysMemoryService specified as service event listener (method: eventDispatched)
4546531 INFO  [si.isystem.eclipse.debug - 13] ISysAbstractDsfService : ***  4546554.1825  ***  ISysMemoryService initialization(main) finished.
4546531 INFO  [si.isystem.eclipse.debug - 13] ISysAbstractDsfService : ***  4546554.1978  ***  Initializing Memory Service block retrieval.
4546532 INFO  [si.isystem.eclipse.debug - 13] ISysAbstractDsfService : ***  4546555.594  ***  Memory Service block retrieval initialized.
4546532 INFO  [si.isystem.eclipse.debug - 13] ISysAbstractDsfService : ***  4546555.6482  ***  Loading memory area properties.
4546533 INFO  [si.isystem.eclipse.debug - 13] ISysAbstractDsfService : ***  4546556.7306  ***  Adding 1 memory blocks.
4546533 INFO  [si.isystem.eclipse.debug - 13] ISysAbstractDsfService : ***  4546556.7759  ***  Block 'Virtual' [00000000:ffffffff] MAU=8 visible
4546533 INFO  [si.isystem.eclipse.debug - 13] ISysAbstractDsfService : ***  4546556.7846  ***  Memory Service block retrieval initialized.
4546533 INFO  [si.isystem.eclipse.debug - 13] ISysAbstractDsfService : ***  4546556.7955  ***  Registering memory model adapter and service.
4546534 INFO  [si.isystem.eclipse.debug - 13] ISysAbstractDsfService : ***  4546557.0571  ***  Memory model adapter and service registered.
4546534 INFO  [si.isystem.eclipse.debug - 13] ISysAbstractDsfService : ***  4546557.0776  ***  ISysMemoryService initialization(sub) finished.
4546534 INFO  [si.isystem.eclipse.debug - 13] ISysAbstractDsfService : ***  4546557.0887  ***  ISysSourceLookupService initialization(super) started.
4546534 INFO  [si.isystem.eclipse.debug - 13] ISysAbstractDsfService : ***  4546557.1918  ***  ISysSourceLookupService initialization(super) finished.
4546534 INFO  [si.isystem.eclipse.debug - 13] ISysAbstractDsfService : ***  4546557.202  ***  ISysSourceLookupService initialization(main) started.
4546534 INFO  [si.isystem.eclipse.debug - 13] ISysAbstractDsfService : ***  4546557.2144  ***  ISysSourceLookupService initialization(main) finished.
4546534 INFO  [si.isystem.eclipse.debug - 13] ISysAbstractDsfService : ***  4546557.2211  ***  ISysSourceLookupService initialization(sub) finished.
4546534 INFO  [si.isystem.eclipse.debug - 13] ISysAbstractDsfService : ***  4546557.2298  ***  ISysExpressionsService initialization(super) started.
4546534 INFO  [si.isystem.eclipse.debug - 13] ISysAbstractDsfService : ***  4546557.3451  ***  ISysExpressionsService initialization(super) finished.
4546534 INFO  [si.isystem.eclipse.debug - 13] ISysAbstractDsfService : ***  4546557.3554  ***  ISysExpressionsService initialization(main) started.
4546534 INFO  [si.isystem.eclipse.debug - 13] ISysAbstractDsfService : ***  4546557.3652  ***  ISysExpressionsService specified as service event listener (method: eventDispatched)
4546534 INFO  [si.isystem.eclipse.debug - 13] ISysAbstractDsfService : ***  4546557.3782  ***  ISysExpressionsService initialization(main) finished.
4546534 INFO  [si.isystem.eclipse.debug - 13] ISysAbstractDsfService : ***  4546557.385  ***  ISysExpressionsService initialization(sub) finished.
4546534 INFO  [si.isystem.eclipse.debug - 13] ISysAbstractDsfService : ***  4546557.3938  ***  ISysRegistersService initialization(super) started.
4546534 INFO  [si.isystem.eclipse.debug - 13] ISysAbstractDsfService : ***  4546557.7351  ***  ISysRegistersService initialization(super) finished.
4546534 INFO  [si.isystem.eclipse.debug - 13] ISysAbstractDsfService : ***  4546557.7506  ***  ISysRegistersService initialization(main) started.
4546534 INFO  [si.isystem.eclipse.debug - 13] ISysAbstractDsfService : ***  4546557.7615  ***  ISysRegistersService specified as service event listener (method: eventDispatched)
4546534 INFO  [si.isystem.eclipse.debug - 13] ISysAbstractDsfService : ***  4546557.773  ***  ISysRegistersService initialization(main) finished.
4546534 INFO  [si.isystem.eclipse.debug - 13] ISysAbstractDsfService : ***  4546557.7839  ***  ISysRegistersService initialization(sub) finished.
4546534 INFO  [si.isystem.eclipse.debug - 13] ISysAbstractDsfService : ***  4546557.8012  ***  ISysDisassemblyService initialization(super) started.
4546534 INFO  [si.isystem.eclipse.debug - 13] ISysAbstractDsfService : ***  4546558.0017  ***  ISysDisassemblyService initialization(super) finished.
4546534 INFO  [si.isystem.eclipse.debug - 13] ISysAbstractDsfService : ***  4546558.0171  ***  ISysDisassemblyService initialization(main) started.
4546534 INFO  [si.isystem.eclipse.debug - 13] ISysAbstractDsfService : ***  4546558.0286  ***  ISysDisassemblyService initialization(main) finished.
4546534 INFO  [si.isystem.eclipse.debug - 13] ISysAbstractDsfService : ***  4546558.0355  ***  ISysDisassemblyService initialization(sub) finished.
4546535 INFO  [si.isystem.eclipse.debug - 13] ISysAbstractDsfService : ***  4546558.0463  ***  ISysSfrService initialization(super) started.
4546535 INFO  [si.isystem.eclipse.debug - 13] ISysAbstractDsfService : ***  4546558.1437  ***  ISysSfrService initialization(super) finished.
4546535 INFO  [si.isystem.eclipse.debug - 13] ISysAbstractDsfService : ***  4546558.1547  ***  ISysSfrService initialization(main) started.
4546535 INFO  [si.isystem.eclipse.debug - 13] ISysAbstractDsfService : ***  4546558.1627  ***  ISysSfrService specified as service event listener (method: eventDispatched)
4546535 INFO  [si.isystem.eclipse.debug - 13] ISysAbstractDsfService : ***  4546558.1733  ***  ISysSfrService initialization(main) finished.
4546948 INFO  [si.isystem.eclipse.debug - 13] ISysAbstractDsfService : ***  4546971.3183  ***  ISysSfrService initialization(sub) finished.
4546951 INFO  [si.isystem.eclipse.debug - 13] ISysAbstractDsfService : ***  4546974.448  ***  ISysRteService initialization(super) started.
4546952 INFO  [si.isystem.eclipse.debug - 13] ISysAbstractDsfService : ***  4546974.6581  ***  ISysRteService initialization(super) finished.
4546952 INFO  [si.isystem.eclipse.debug - 13] ISysAbstractDsfService : ***  4546974.6696  ***  ISysRteService initialization(main) started.
4546952 INFO  [si.isystem.eclipse.debug - 13] ISysAbstractDsfService : ***  4546974.6803  ***  ISysRteService specified as service event listener (method: eventDispatched)
4546952 INFO  [si.isystem.eclipse.debug - 13] ISysAbstractDsfService : ***  4546974.6936  ***  ISysRteService initialization(main) finished.
4546952 INFO  [si.isystem.eclipse.debug - 13] ISysAbstractDsfService : ***  4546974.7002  ***  ISysRteService initialization(sub) finished.
4546952 INFO  [si.isystem.eclipse.debug - 13] ISysAbstractDsfService : ***  4546974.7096  ***  ISysBreakpointService initialization(super) started.
4546952 INFO  [si.isystem.eclipse.debug - 13] ISysAbstractDsfService : ***  4546974.801  ***  ISysBreakpointService initialization(super) finished.
4546952 INFO  [si.isystem.eclipse.debug - 13] ISysAbstractDsfService : ***  4546974.8104  ***  ISysBreakpointService initialization(main) started.
4546952 INFO  [si.isystem.eclipse.debug - 13] ISysAbstractDsfService : ***  4546974.8191  ***  ISysBreakpointService specified as service event listener (method: eventDispatched)
4546952 INFO  [si.isystem.eclipse.debug - 13] ISysAbstractDsfService : ***  4546974.8291  ***  ISysBreakpointService initialization(main) finished.
4546952 INFO  [si.isystem.eclipse.debug - 13] ISysAbstractDsfService : ***  4546974.8357  ***  ISysBreakpointService initialization(sub) finished.
4546953 INFO  [si.isystem.eclipse.debug - 13] ISysLaunch : ***  4546975.9728  ***  Services initialization sequence completed
4554823 INFO  [Worker-11: Command Executor Job] ISysAbstractDsfService : ***  4554846.2644  ***  ISysCommandControl command dequeued - exiting command processing loop
4554823 INFO  [si.isystem.eclipse.debug - 13] ISysAbstractCommand : ***  4554846.3027  ***  Processing the last command to be processed: si.isystem.dsf.control.commands.ISysCmdMiscTerminateDebugger
4554823 INFO  [si.isystem.eclipse.debug - 13] ISysAbstractDsfService : ***  4554846.3866  ***  Command Control was shut down - cancelling remaining commands in queue.
4554823 INFO  [si.isystem.eclipse.debug - 13] ISysAbstractDsfService : ***  4554846.4087  ***  Command Controll queue is empty and closed.
4554823 INFO  [si.isystem.eclipse.debug - 13] ISysAbstractDsfService : ***  4554846.7117  ***  ISysBreakpointService shutdown(super) started.
4554823 INFO  [si.isystem.eclipse.debug - 13] ISysAbstractDsfService : ***  4554846.7381  ***  ISysBreakpointService shutdown(super) finished.
4554823 INFO  [si.isystem.eclipse.debug - 13] ISysAbstractDsfService : ***  4554846.7485  ***  ISysBreakpointService shutdown(main) started.
4554823 INFO  [si.isystem.eclipse.debug - 13] ISysAbstractDsfService : ***  4554846.7606  ***  ISysBreakpointService removed from service event listener list
4554823 INFO  [si.isystem.eclipse.debug - 13] ISysAbstractDsfService : ***  4554846.8831  ***  ISysBreakpointService shutdown(main) finished.
4554823 INFO  [si.isystem.eclipse.debug - 13] ISysAbstractDsfService : ***  4554846.8972  ***  ISysBreakpointService shutdown(sub) finished.
4554823 INFO  [si.isystem.eclipse.debug - 13] ISysAbstractDsfService : ***  4554846.9173  ***  ISysRteService shutdown(super) started.
4554823 INFO  [si.isystem.eclipse.debug - 13] ISysAbstractDsfService : ***  4554846.9392  ***  ISysRteService shutdown(super) finished.
4554823 INFO  [si.isystem.eclipse.debug - 13] ISysAbstractDsfService : ***  4554846.9486  ***  ISysRteService shutdown(main) started.
4554823 INFO  [si.isystem.eclipse.debug - 13] ISysAbstractDsfService : ***  4554846.9593  ***  ISysRteService removed from service event listener list
4554823 INFO  [si.isystem.eclipse.debug - 13] ISysAbstractDsfService : ***  4554847.0741  ***  ISysRteService shutdown(main) finished.
4554823 INFO  [si.isystem.eclipse.debug - 13] ISysAbstractDsfService : ***  4554847.1179  ***  ISysRteService shutdown(sub) finished.
4554823 INFO  [si.isystem.eclipse.debug - 13] ISysAbstractDsfService : ***  4554847.1396  ***  ISysSfrService shutdown(super) started.
4554824 INFO  [si.isystem.eclipse.debug - 13] ISysAbstractDsfService : ***  4554847.1643  ***  ISysSfrService shutdown(super) finished.
4554824 INFO  [si.isystem.eclipse.debug - 13] ISysAbstractDsfService : ***  4554847.1747  ***  ISysSfrService shutdown(main) started.
4554824 INFO  [si.isystem.eclipse.debug - 13] ISysAbstractDsfService : ***  4554847.1848  ***  ISysSfrService removed from service event listener list
4554824 INFO  [si.isystem.eclipse.debug - 13] ISysAbstractDsfService : ***  4554847.2944  ***  ISysSfrService shutdown(main) finished.
4554824 INFO  [si.isystem.eclipse.debug - 13] ISysAbstractDsfService : ***  4554847.3221  ***  ISysSfrService shutdown(sub) finished.
4554824 INFO  [si.isystem.eclipse.debug - 13] ISysAbstractDsfService : ***  4554847.3421  ***  ISysDisassemblyService shutdown(super) started.
4554824 INFO  [si.isystem.eclipse.debug - 13] ISysAbstractDsfService : ***  4554847.3597  ***  ISysDisassemblyService shutdown(super) finished.
4554824 INFO  [si.isystem.eclipse.debug - 13] ISysAbstractDsfService : ***  4554847.3819  ***  ISysDisassemblyService shutdown(main) started.
4554824 INFO  [si.isystem.eclipse.debug - 13] ISysAbstractDsfService : ***  4554847.4586  ***  ISysDisassemblyService shutdown(main) finished.
4554824 INFO  [si.isystem.eclipse.debug - 13] ISysAbstractDsfService : ***  4554847.4672  ***  ISysDisassemblyService shutdown(sub) finished.
4554824 INFO  [si.isystem.eclipse.debug - 13] ISysAbstractDsfService : ***  4554847.4786  ***  ISysRegistersService shutdown(super) started.
4554824 INFO  [si.isystem.eclipse.debug - 13] ISysAbstractDsfService : ***  4554847.5008  ***  ISysRegistersService shutdown(super) finished.
4554824 INFO  [si.isystem.eclipse.debug - 13] ISysAbstractDsfService : ***  4554847.5073  ***  ISysRegistersService shutdown(main) started.
4554824 INFO  [si.isystem.eclipse.debug - 13] ISysAbstractDsfService : ***  4554847.5138  ***  ISysRegistersService removed from service event listener list
4554824 INFO  [si.isystem.eclipse.debug - 13] ISysAbstractDsfService : ***  4554847.6063  ***  ISysRegistersService shutdown(main) finished.
4554824 INFO  [si.isystem.eclipse.debug - 13] ISysAbstractDsfService : ***  4554847.6162  ***  ISysRegistersService shutdown(sub) finished.
4554824 INFO  [si.isystem.eclipse.debug - 13] ISysAbstractDsfService : ***  4554847.628  ***  ISysExpressionsService shutdown(super) started.
4554824 INFO  [si.isystem.eclipse.debug - 13] ISysAbstractDsfService : ***  4554847.639  ***  ISysExpressionsService shutdown(super) finished.
4554824 INFO  [si.isystem.eclipse.debug - 13] ISysAbstractDsfService : ***  4554847.645  ***  ISysExpressionsService shutdown(main) started.
4554824 INFO  [si.isystem.eclipse.debug - 13] ISysAbstractDsfService : ***  4554847.6515  ***  ISysExpressionsService removed from service event listener list
4554824 INFO  [si.isystem.eclipse.debug - 13] ISysAbstractDsfService : ***  4554847.7527  ***  ISysExpressionsService shutdown(main) finished.
4554824 INFO  [si.isystem.eclipse.debug - 13] ISysAbstractDsfService : ***  4554847.7613  ***  ISysExpressionsService shutdown(sub) finished.
4554824 INFO  [si.isystem.eclipse.debug - 13] ISysAbstractDsfService : ***  4554847.7734  ***  ISysSourceLookupService shutdown(super) started.
4554824 INFO  [si.isystem.eclipse.debug - 13] ISysAbstractDsfService : ***  4554847.7836  ***  ISysSourceLookupService shutdown(super) finished.
4554824 INFO  [si.isystem.eclipse.debug - 13] ISysAbstractDsfService : ***  4554847.7913  ***  ISysSourceLookupService shutdown(main) started.
4554824 INFO  [si.isystem.eclipse.debug - 13] ISysAbstractDsfService : ***  4554847.8597  ***  ISysSourceLookupService shutdown(main) finished.
4554824 INFO  [si.isystem.eclipse.debug - 13] ISysAbstractDsfService : ***  4554847.8679  ***  ISysSourceLookupService shutdown(sub) finished.
4554824 INFO  [si.isystem.eclipse.debug - 13] ISysAbstractDsfService : ***  4554847.8791  ***  ISysMemoryService shutdown(super) started.
4554824 INFO  [si.isystem.eclipse.debug - 13] ISysAbstractDsfService : ***  4554847.8899  ***  ISysMemoryService shutdown(super) finished.
4554824 INFO  [si.isystem.eclipse.debug - 13] ISysAbstractDsfService : ***  4554847.896  ***  ISysMemoryService shutdown(main) started.
4554824 INFO  [si.isystem.eclipse.debug - 13] ISysAbstractDsfService : ***  4554847.9023  ***  ISysMemoryService removed from service event listener list
4554824 INFO  [si.isystem.eclipse.debug - 13] ISysAbstractDsfService : ***  4554848.0461  ***  ISysMemoryService shutdown(main) finished.
4554824 INFO  [si.isystem.eclipse.debug - 13] ISysAbstractDsfService : ***  4554848.0549  ***  ISysMemoryService shutdown(sub) finished.
4554824 INFO  [si.isystem.eclipse.debug - 13] ISysAbstractDsfService : ***  4554848.0635  ***  ISysStackService shutdown(super) started.
4554824 INFO  [si.isystem.eclipse.debug - 13] ISysAbstractDsfService : ***  4554848.0732  ***  ISysStackService shutdown(super) finished.
4554824 INFO  [si.isystem.eclipse.debug - 13] ISysAbstractDsfService : ***  4554848.0793  ***  ISysStackService shutdown(main) started.
4554824 INFO  [si.isystem.eclipse.debug - 13] ISysAbstractDsfService : ***  4554848.0856  ***  ISysStackService removed from service event listener list
4554824 INFO  [si.isystem.eclipse.debug - 13] ISysAbstractDsfService : ***  4554848.1591  ***  ISysStackService shutdown(main) finished.
4554824 INFO  [si.isystem.eclipse.debug - 13] ISysAbstractDsfService : ***  4554848.1671  ***  ISysStackService shutdown(sub) finished.
4554825 INFO  [si.isystem.eclipse.debug - 13] ISysAbstractDsfService : ***  4554848.1774  ***  ISysRunControl shutdown(super) started.
4554825 INFO  [si.isystem.eclipse.debug - 13] ISysAbstractDsfService : ***  4554848.1903  ***  ISysRunControl shutdown(super) finished.
4554825 INFO  [si.isystem.eclipse.debug - 13] ISysAbstractDsfService : ***  4554848.1964  ***  ISysRunControl shutdown(main) started.
4554825 INFO  [si.isystem.eclipse.debug - 13] ISysAbstractDsfService : ***  4554848.2026  ***  ISysRunControl removed from service event listener list
4554825 INFO  [si.isystem.eclipse.debug - 13] ISysAbstractDsfService : ***  4554848.2771  ***  ISysRunControl shutdown(main) finished.
4554825 INFO  [si.isystem.eclipse.debug - 13] ISysAbstractDsfService : ***  4554848.2862  ***  ISysRunControl shutdown(sub) finished.
4554825 INFO  [si.isystem.eclipse.debug - 13] ISysAbstractDsfService : ***  4554848.2944  ***  ISysCommandControl shutdown(super) started.
4554825 INFO  [si.isystem.eclipse.debug - 13] ISysAbstractDsfService : ***  4554848.3044  ***  ISysCommandControl shutdown(super) finished.
4554825 INFO  [si.isystem.eclipse.debug - 13] ISysAbstractDsfService : ***  4554848.3107  ***  ISysCommandControl shutdown(main) started.
4554825 INFO  [si.isystem.eclipse.debug - 13] ISysAbstractDsfService : ***  4554848.3826  ***  ISysCommandControl shutdown(main) finished.
4554825 INFO  [si.isystem.eclipse.debug - 13] ISysAbstractDsfService : ***  4554848.3907  ***  ISysCommandControl shutdown(sub) finished.
4554825 INFO  [si.isystem.eclipse.debug - 13] ISysAbstractDsfService : ***  4554848.4148  ***  ISysConnectionService shutdown(super) started.
4554825 INFO  [si.isystem.eclipse.debug - 13] IConnectProxy : ***  4554848.4599  ***  Shutting down iConnect for cores: [I@205a93d6
4554825 INFO  [si.isystem.eclipse.debug - 13] IConnectProxy : ***  4554848.4742  ***  Disconnecting from and closing winIDEA on core 0.
4554864 INFO  [si.isystem.eclipse.debug - 13] ISysAbstractDsfService : ***  4554887.3537  ***  ISysConnectionService shutdown(super) finished.
4554864 INFO  [si.isystem.eclipse.debug - 13] ISysAbstractDsfService : ***  4554887.4584  ***  ISysConnectionService shutdown(main) started.
4554864 INFO  [si.isystem.eclipse.debug - 13] ISysAbstractDsfService : ***  4554887.4661  ***  ISysConnectionService shutdown(main) finished.
4554864 INFO  [si.isystem.eclipse.debug - 13] ISysAbstractDsfService : ***  4554887.4736  ***  ISysConnectionService shutdown(sub) finished.
4554865 INFO  [si.isystem.eclipse.debug - 13] ISysLaunch : ***  4554887.515  ***  Debug services shutdown completed.
5423598 INFO  [si.isystem.eclipse.debug - 14] ISysAbstractDsfService : ***  5423621.1511  ***  ISysConnectionService initialization(super) started.
5423598 INFO  [si.isystem.eclipse.debug - 14] IConLaunchManager : ***  5423621.4361  ***  
Starting debug session using launch configuration paramenters: 
 - Launch name = 'TC275-LED-Button TriCore Debug (TASKING)'
 - Project name = 'TC275-LED-Button'
 - Project path = 'D:/Project/Aurix-TC275/TC275-LED-Button'
 - Output file = 'TriCore Debug (TASKING)\TC275-LED-Button.elf'
 - Stop on startup = 'true'
 - Stop on startup location = 'core0_main'
 - Verbose mode = false' - winIDEA visible = 'false'
 - Bring winIDEA to top = 'true'
 - Verify download = 'true'
 - Analyze source files = 'false'
 - Shutdown winIDEA at terminate session = 'true'
 - winIDEA workspace path = '.ads/winIDEAWorkspaces/TriCore-Debug-(TASKING)/ADS.xjrf'
 - full winIDEA workspace path = 'D:\Project\Aurix-TC275\TC275-LED-Button\.ads\winIDEAWorkspaces\TriCore-Debug-(TASKING)\ADS.xjrf'
 - Device = 'TC275T'
 - Hardware = 'IFX_DAS'
 - Communication = 'USB'
 - Hardware debugger = ''
 - Image check = 'Default'
 - Create SMP = 'true'
 - After download action = 'none'
 - After download symbol = ''

5425462 INFO  [si.isystem.eclipse.debug - 14] ISysSessionManager : ***  5425485.5559  ***  Connecting to winIDEA 'C:\Infineon\AURIX-Studio-1.10.16\winIDEA\' with workspace 'N/A', winIDEA-ID: 'com.tasking.winIDEA.instance.id-TC275-LED-Button TriCore Debug (TASKING)', visible: false, CLI args: '/HideCrashDumpMessage /NOWSP'
5426188 INFO  [si.isystem.eclipse.debug - 14] ISysSessionManager : ***  5426211.524  ***  winIDEA workspace 'D:\Project\Aurix-TC275\TC275-LED-Button\.ads\winIDEAWorkspaces\TriCore-Debug-(TASKING)\ADS.xjrf' created.
5426188 INFO  [si.isystem.eclipse.debug - 14] ISysSessionManager : ***  5426211.5652  ***  Setting configuration to HW='IFX_DAS', Comm='USB', ImgCheck='Default'.
5426478 INFO  [si.isystem.eclipse.debug - 14] ISysConfigOptions : ***  5426501.003  ***  DAS Servers:
5426478 INFO  [si.isystem.eclipse.debug - 14] ISysConfigOptions : ***  5426501.2717  ***  [i] = 'IFX_DAS: AURIX LITE KIT V1.1 LK7WL7LF [USB]'
5426478 INFO  [si.isystem.eclipse.debug - 14] ISysConfigOptions : ***  5426501.3321  ***  Loading DAS Server list finished. [285ms]
5426524 INFO  [si.isystem.eclipse.debug - 14] ISysSessionManager : ***  5426547.0788  ***  Connected to winIDEA and setup workspace.
5426524 INFO  [si.isystem.eclipse.debug - 14] ISysSessionManager : ***  5426547.1291  ***  Version of isystem.connect for Java: 9.21.334.0
5426524 INFO  [si.isystem.eclipse.debug - 14] ISysSessionManager : ***  5426547.1943  ***  Version of isystem.connect DLL: 9.21.334.0.0
5426524 INFO  [si.isystem.eclipse.debug - 14] ISysSessionManager : ***  5426547.5686  ***  Version of winIDEA: 9.21.338.0.218131
5426524 INFO  [si.isystem.eclipse.debug - 14] ISysSessionManager : ***  5426547.5891  ***  Downloading ...
5427704 INFO  [si.isystem.eclipse.debug - 14] ISysSessionManager : ***  5427727.535  ***  Downloading finished.
5427767 INFO  [si.isystem.eclipse.debug - 14] IConLaunchManager : ***  5427791.0961  ***  Connected to target.
5427767 INFO  [si.isystem.eclipse.debug - 14] IConLaunchManager : ***  5427791.1353  ***  Log level set to INFO
5427826 INFO  [si.isystem.eclipse.debug - 14] ISysAbstractDsfService : ***  5427849.8595  ***  ISysConnectionService initialization(super) finished.
5427826 INFO  [si.isystem.eclipse.debug - 14] ISysAbstractDsfService : ***  5427849.9224  ***  ISysConnectionService initialization(main) started.
5427826 INFO  [si.isystem.eclipse.debug - 14] ISysAbstractDsfService : ***  5427849.9516  ***  ISysConnectionService initialization(main) finished.
5427826 INFO  [si.isystem.eclipse.debug - 14] ISysAbstractDsfService : ***  5427849.959  ***  ISysConnectionService initialization(sub) finished.
5427826 INFO  [si.isystem.eclipse.debug - 14] ISysAbstractDsfService : ***  5427849.9742  ***  ISysCommandControl initialization(super) started.
5427826 INFO  [Worker-8: Command Executor Job] ISysAbstractDsfService : ***  5427850.1229  ***  Command Executor Job started.
5427826 INFO  [si.isystem.eclipse.debug - 14] ISysAbstractDsfService : ***  5427850.1774  ***  ISysCommandControl initialization(super) finished.
5427826 INFO  [si.isystem.eclipse.debug - 14] ISysAbstractDsfService : ***  5427850.1885  ***  ISysCommandControl initialization(main) started.
5427826 INFO  [si.isystem.eclipse.debug - 14] ISysAbstractDsfService : ***  5427850.199  ***  ISysCommandControl initialization(main) finished.
5427826 INFO  [si.isystem.eclipse.debug - 14] ISysAbstractDsfService : ***  5427850.2055  ***  ISysCommandControl initialization(sub) finished.
5427827 INFO  [si.isystem.eclipse.debug - 14] ISysAbstractDsfService : ***  5427850.2169  ***  ISysRunControl initialization(super) started.
5427828 INFO  [si.isystem.eclipse.debug - 14] ISysAbstractDsfService : ***  5427851.3361  ***  ISysRunControl initialization(super) finished.
5427828 INFO  [si.isystem.eclipse.debug - 14] ISysAbstractDsfService : ***  5427851.3515  ***  ISysRunControl initialization(main) started.
5427828 INFO  [si.isystem.eclipse.debug - 14] ISysAbstractDsfService : ***  5427851.3641  ***  ISysRunControl specified as service event listener (method: eventDispatched)
5427828 INFO  [si.isystem.eclipse.debug - 14] ISysAbstractDsfService : ***  5427851.3796  ***  ISysRunControl initialization(main) finished.
5427829 INFO  [si.isystem.eclipse.debug - 14] ISysAbstractDsfService : ***  5427852.2979  ***  ISysRunControl initialization(sub) finished.
5427829 INFO  [si.isystem.eclipse.debug - 14] ISysAbstractDsfService : ***  5427852.318  ***  ISysStackService initialization(super) started.
5427829 INFO  [si.isystem.eclipse.debug - 14] ISysAbstractDsfService : ***  5427852.4363  ***  ISysStackService initialization(super) finished.
5427829 INFO  [si.isystem.eclipse.debug - 14] ISysAbstractDsfService : ***  5427852.447  ***  ISysStackService initialization(main) started.
5427829 INFO  [si.isystem.eclipse.debug - 14] ISysAbstractDsfService : ***  5427852.4601  ***  ISysStackService specified as service event listener (method: eventDispatched)
5427829 INFO  [si.isystem.eclipse.debug - 14] ISysAbstractDsfService : ***  5427852.4742  ***  ISysStackService initialization(main) finished.
5427829 INFO  [si.isystem.eclipse.debug - 14] ISysAbstractDsfService : ***  5427852.4845  ***  ISysStackService initialization(sub) finished.
5427829 INFO  [si.isystem.eclipse.debug - 14] ISysAbstractDsfService : ***  5427852.494  ***  ISysMemoryService initialization(super) started.
5427829 INFO  [si.isystem.eclipse.debug - 14] ISysAbstractDsfService : ***  5427852.5208  ***  Starting Memory Service sub-initialization sequence.
5427829 INFO  [si.isystem.eclipse.debug - 14] ISysAbstractDsfService : ***  5427852.5292  ***  ISysMemoryService initialization(super) finished.
5427829 INFO  [si.isystem.eclipse.debug - 14] ISysAbstractDsfService : ***  5427852.5346  ***  ISysMemoryService initialization(main) started.
5427829 INFO  [si.isystem.eclipse.debug - 14] ISysAbstractDsfService : ***  5427852.5421  ***  ISysMemoryService specified as service event listener (method: eventDispatched)
5427829 INFO  [si.isystem.eclipse.debug - 14] ISysAbstractDsfService : ***  5427852.551  ***  ISysMemoryService initialization(main) finished.
5427829 INFO  [si.isystem.eclipse.debug - 14] ISysAbstractDsfService : ***  5427852.563  ***  Initializing Memory Service block retrieval.
5427830 INFO  [si.isystem.eclipse.debug - 14] ISysAbstractDsfService : ***  5427853.6782  ***  Memory Service block retrieval initialized.
5427830 INFO  [si.isystem.eclipse.debug - 14] ISysAbstractDsfService : ***  5427853.7098  ***  Loading memory area properties.
5427831 INFO  [si.isystem.eclipse.debug - 14] ISysAbstractDsfService : ***  5427854.7414  ***  Adding 1 memory blocks.
5427831 INFO  [si.isystem.eclipse.debug - 14] ISysAbstractDsfService : ***  5427854.7847  ***  Block 'Virtual' [00000000:ffffffff] MAU=8 visible
5427831 INFO  [si.isystem.eclipse.debug - 14] ISysAbstractDsfService : ***  5427854.794  ***  Memory Service block retrieval initialized.
5427831 INFO  [si.isystem.eclipse.debug - 14] ISysAbstractDsfService : ***  5427854.8033  ***  Registering memory model adapter and service.
5427831 INFO  [si.isystem.eclipse.debug - 14] ISysAbstractDsfService : ***  5427854.9843  ***  Memory model adapter and service registered.
5427831 INFO  [si.isystem.eclipse.debug - 14] ISysAbstractDsfService : ***  5427855.0014  ***  ISysMemoryService initialization(sub) finished.
5427831 INFO  [si.isystem.eclipse.debug - 14] ISysAbstractDsfService : ***  5427855.0111  ***  ISysSourceLookupService initialization(super) started.
5427831 INFO  [si.isystem.eclipse.debug - 14] ISysAbstractDsfService : ***  5427855.0966  ***  ISysSourceLookupService initialization(super) finished.
5427831 INFO  [si.isystem.eclipse.debug - 14] ISysAbstractDsfService : ***  5427855.1061  ***  ISysSourceLookupService initialization(main) started.
5427831 INFO  [si.isystem.eclipse.debug - 14] ISysAbstractDsfService : ***  5427855.116  ***  ISysSourceLookupService initialization(main) finished.
5427831 INFO  [si.isystem.eclipse.debug - 14] ISysAbstractDsfService : ***  5427855.1221  ***  ISysSourceLookupService initialization(sub) finished.
5427831 INFO  [si.isystem.eclipse.debug - 14] ISysAbstractDsfService : ***  5427855.1306  ***  ISysExpressionsService initialization(super) started.
5427832 INFO  [si.isystem.eclipse.debug - 14] ISysAbstractDsfService : ***  5427855.2393  ***  ISysExpressionsService initialization(super) finished.
5427832 INFO  [si.isystem.eclipse.debug - 14] ISysAbstractDsfService : ***  5427855.2488  ***  ISysExpressionsService initialization(main) started.
5427832 INFO  [si.isystem.eclipse.debug - 14] ISysAbstractDsfService : ***  5427855.2575  ***  ISysExpressionsService specified as service event listener (method: eventDispatched)
5427832 INFO  [si.isystem.eclipse.debug - 14] ISysAbstractDsfService : ***  5427855.2687  ***  ISysExpressionsService initialization(main) finished.
5427832 INFO  [si.isystem.eclipse.debug - 14] ISysAbstractDsfService : ***  5427855.2781  ***  ISysExpressionsService initialization(sub) finished.
5427832 INFO  [si.isystem.eclipse.debug - 14] ISysAbstractDsfService : ***  5427855.2883  ***  ISysRegistersService initialization(super) started.
5427832 INFO  [si.isystem.eclipse.debug - 14] ISysAbstractDsfService : ***  5427855.6156  ***  ISysRegistersService initialization(super) finished.
5427832 INFO  [si.isystem.eclipse.debug - 14] ISysAbstractDsfService : ***  5427855.6273  ***  ISysRegistersService initialization(main) started.
5427832 INFO  [si.isystem.eclipse.debug - 14] ISysAbstractDsfService : ***  5427855.6366  ***  ISysRegistersService specified as service event listener (method: eventDispatched)
5427832 INFO  [si.isystem.eclipse.debug - 14] ISysAbstractDsfService : ***  5427855.647  ***  ISysRegistersService initialization(main) finished.
5427832 INFO  [si.isystem.eclipse.debug - 14] ISysAbstractDsfService : ***  5427855.6533  ***  ISysRegistersService initialization(sub) finished.
5427832 INFO  [si.isystem.eclipse.debug - 14] ISysAbstractDsfService : ***  5427855.662  ***  ISysDisassemblyService initialization(super) started.
5427832 INFO  [si.isystem.eclipse.debug - 14] ISysAbstractDsfService : ***  5427855.8366  ***  ISysDisassemblyService initialization(super) finished.
5427832 INFO  [si.isystem.eclipse.debug - 14] ISysAbstractDsfService : ***  5427855.8483  ***  ISysDisassemblyService initialization(main) started.
5427832 INFO  [si.isystem.eclipse.debug - 14] ISysAbstractDsfService : ***  5427855.8625  ***  ISysDisassemblyService initialization(main) finished.
5427832 INFO  [si.isystem.eclipse.debug - 14] ISysAbstractDsfService : ***  5427855.8693  ***  ISysDisassemblyService initialization(sub) finished.
5427832 INFO  [si.isystem.eclipse.debug - 14] ISysAbstractDsfService : ***  5427855.8784  ***  ISysSfrService initialization(super) started.
5427832 INFO  [si.isystem.eclipse.debug - 14] ISysAbstractDsfService : ***  5427856.0172  ***  ISysSfrService initialization(super) finished.
5427832 INFO  [si.isystem.eclipse.debug - 14] ISysAbstractDsfService : ***  5427856.0268  ***  ISysSfrService initialization(main) started.
5427832 INFO  [si.isystem.eclipse.debug - 14] ISysAbstractDsfService : ***  5427856.0351  ***  ISysSfrService specified as service event listener (method: eventDispatched)
5427832 INFO  [si.isystem.eclipse.debug - 14] ISysAbstractDsfService : ***  5427856.0454  ***  ISysSfrService initialization(main) finished.
5428241 INFO  [si.isystem.eclipse.debug - 14] ISysAbstractDsfService : ***  5428264.2089  ***  ISysSfrService initialization(sub) finished.
5428244 INFO  [si.isystem.eclipse.debug - 14] ISysAbstractDsfService : ***  5428267.6367  ***  ISysRteService initialization(super) started.
5428244 INFO  [si.isystem.eclipse.debug - 14] ISysAbstractDsfService : ***  5428267.8379  ***  ISysRteService initialization(super) finished.
5428244 INFO  [si.isystem.eclipse.debug - 14] ISysAbstractDsfService : ***  5428267.8587  ***  ISysRteService initialization(main) started.
5428244 INFO  [si.isystem.eclipse.debug - 14] ISysAbstractDsfService : ***  5428267.8964  ***  ISysRteService specified as service event listener (method: eventDispatched)
5428244 INFO  [si.isystem.eclipse.debug - 14] ISysAbstractDsfService : ***  5428267.9287  ***  ISysRteService initialization(main) finished.
5428244 INFO  [si.isystem.eclipse.debug - 14] ISysAbstractDsfService : ***  5428267.9428  ***  ISysRteService initialization(sub) finished.
5428244 INFO  [si.isystem.eclipse.debug - 14] ISysAbstractDsfService : ***  5428267.9535  ***  ISysBreakpointService initialization(super) started.
5428244 INFO  [si.isystem.eclipse.debug - 14] ISysAbstractDsfService : ***  5428268.1186  ***  ISysBreakpointService initialization(super) finished.
5428244 INFO  [si.isystem.eclipse.debug - 14] ISysAbstractDsfService : ***  5428268.1288  ***  ISysBreakpointService initialization(main) started.
5428244 INFO  [si.isystem.eclipse.debug - 14] ISysAbstractDsfService : ***  5428268.1362  ***  ISysBreakpointService specified as service event listener (method: eventDispatched)
5428244 INFO  [si.isystem.eclipse.debug - 14] ISysAbstractDsfService : ***  5428268.1501  ***  ISysBreakpointService initialization(main) finished.
5428245 INFO  [si.isystem.eclipse.debug - 14] ISysAbstractDsfService : ***  5428268.1655  ***  ISysBreakpointService initialization(sub) finished.
5428246 INFO  [si.isystem.eclipse.debug - 14] ISysLaunch : ***  5428269.2844  ***  Services initialization sequence completed
5495104 INFO  [Worker-8: Command Executor Job] ISysAbstractDsfService : ***  5495126.7435  ***  ISysCommandControl command dequeued - exiting command processing loop
5495104 INFO  [si.isystem.eclipse.debug - 14] ISysAbstractCommand : ***  5495126.7809  ***  Processing the last command to be processed: si.isystem.dsf.control.commands.ISysCmdMiscTerminateDebugger
5495104 INFO  [si.isystem.eclipse.debug - 14] ISysAbstractDsfService : ***  5495126.8154  ***  Command Control was shut down - cancelling remaining commands in queue.
5495104 INFO  [si.isystem.eclipse.debug - 14] ISysAbstractDsfService : ***  5495126.8328  ***  Command Controll queue is empty and closed.
5495104 INFO  [si.isystem.eclipse.debug - 14] ISysAbstractDsfService : ***  5495127.1739  ***  ISysBreakpointService shutdown(super) started.
5495104 INFO  [si.isystem.eclipse.debug - 14] ISysAbstractDsfService : ***  5495127.2015  ***  ISysBreakpointService shutdown(super) finished.
5495104 INFO  [si.isystem.eclipse.debug - 14] ISysAbstractDsfService : ***  5495127.2117  ***  ISysBreakpointService shutdown(main) started.
5495104 INFO  [si.isystem.eclipse.debug - 14] ISysAbstractDsfService : ***  5495127.2239  ***  ISysBreakpointService removed from service event listener list
5495104 INFO  [si.isystem.eclipse.debug - 14] ISysAbstractDsfService : ***  5495127.3461  ***  ISysBreakpointService shutdown(main) finished.
5495104 INFO  [si.isystem.eclipse.debug - 14] ISysAbstractDsfService : ***  5495127.3606  ***  ISysBreakpointService shutdown(sub) finished.
5495104 INFO  [si.isystem.eclipse.debug - 14] ISysAbstractDsfService : ***  5495127.3812  ***  ISysRteService shutdown(super) started.
5495104 INFO  [si.isystem.eclipse.debug - 14] ISysAbstractDsfService : ***  5495127.401  ***  ISysRteService shutdown(super) finished.
5495104 INFO  [si.isystem.eclipse.debug - 14] ISysAbstractDsfService : ***  5495127.4109  ***  ISysRteService shutdown(main) started.
5495104 INFO  [si.isystem.eclipse.debug - 14] ISysAbstractDsfService : ***  5495127.4208  ***  ISysRteService removed from service event listener list
5495105 INFO  [si.isystem.eclipse.debug - 14] ISysAbstractDsfService : ***  5495127.5359  ***  ISysRteService shutdown(main) finished.
5495105 INFO  [si.isystem.eclipse.debug - 14] ISysAbstractDsfService : ***  5495127.6143  ***  ISysRteService shutdown(sub) finished.
5495105 INFO  [si.isystem.eclipse.debug - 14] ISysAbstractDsfService : ***  5495127.6441  ***  ISysSfrService shutdown(super) started.
5495105 INFO  [si.isystem.eclipse.debug - 14] ISysAbstractDsfService : ***  5495127.657  ***  ISysSfrService shutdown(super) finished.
5495105 INFO  [si.isystem.eclipse.debug - 14] ISysAbstractDsfService : ***  5495127.6639  ***  ISysSfrService shutdown(main) started.
5495105 INFO  [si.isystem.eclipse.debug - 14] ISysAbstractDsfService : ***  5495127.6703  ***  ISysSfrService removed from service event listener list
5495105 INFO  [si.isystem.eclipse.debug - 14] ISysAbstractDsfService : ***  5495127.7565  ***  ISysSfrService shutdown(main) finished.
5495105 INFO  [si.isystem.eclipse.debug - 14] ISysAbstractDsfService : ***  5495127.7757  ***  ISysSfrService shutdown(sub) finished.
5495105 INFO  [si.isystem.eclipse.debug - 14] ISysAbstractDsfService : ***  5495127.8023  ***  ISysDisassemblyService shutdown(super) started.
5495105 INFO  [si.isystem.eclipse.debug - 14] ISysAbstractDsfService : ***  5495127.814  ***  ISysDisassemblyService shutdown(super) finished.
5495105 INFO  [si.isystem.eclipse.debug - 14] ISysAbstractDsfService : ***  5495127.835  ***  ISysDisassemblyService shutdown(main) started.
5495105 INFO  [si.isystem.eclipse.debug - 14] ISysAbstractDsfService : ***  5495127.9616  ***  ISysDisassemblyService shutdown(main) finished.
5495105 INFO  [si.isystem.eclipse.debug - 14] ISysAbstractDsfService : ***  5495127.9721  ***  ISysDisassemblyService shutdown(sub) finished.
5495105 INFO  [si.isystem.eclipse.debug - 14] ISysAbstractDsfService : ***  5495127.9852  ***  ISysRegistersService shutdown(super) started.
5495105 INFO  [si.isystem.eclipse.debug - 14] ISysAbstractDsfService : ***  5495127.9957  ***  ISysRegistersService shutdown(super) finished.
5495105 INFO  [si.isystem.eclipse.debug - 14] ISysAbstractDsfService : ***  5495128.0017  ***  ISysRegistersService shutdown(main) started.
5495105 INFO  [si.isystem.eclipse.debug - 14] ISysAbstractDsfService : ***  5495128.008  ***  ISysRegistersService removed from service event listener list
5495105 INFO  [si.isystem.eclipse.debug - 14] ISysAbstractDsfService : ***  5495128.1025  ***  ISysRegistersService shutdown(main) finished.
5495105 INFO  [si.isystem.eclipse.debug - 14] ISysAbstractDsfService : ***  5495128.1113  ***  ISysRegistersService shutdown(sub) finished.
5495105 INFO  [si.isystem.eclipse.debug - 14] ISysAbstractDsfService : ***  5495128.1226  ***  ISysExpressionsService shutdown(super) started.
5495105 INFO  [si.isystem.eclipse.debug - 14] ISysAbstractDsfService : ***  5495128.1332  ***  ISysExpressionsService shutdown(super) finished.
5495105 INFO  [si.isystem.eclipse.debug - 14] ISysAbstractDsfService : ***  5495128.1394  ***  ISysExpressionsService shutdown(main) started.
5495105 INFO  [si.isystem.eclipse.debug - 14] ISysAbstractDsfService : ***  5495128.1459  ***  ISysExpressionsService removed from service event listener list
5495105 INFO  [si.isystem.eclipse.debug - 14] ISysAbstractDsfService : ***  5495128.2472  ***  ISysExpressionsService shutdown(main) finished.
5495105 INFO  [si.isystem.eclipse.debug - 14] ISysAbstractDsfService : ***  5495128.2554  ***  ISysExpressionsService shutdown(sub) finished.
5495105 INFO  [si.isystem.eclipse.debug - 14] ISysAbstractDsfService : ***  5495128.2673  ***  ISysSourceLookupService shutdown(super) started.
5495105 INFO  [si.isystem.eclipse.debug - 14] ISysAbstractDsfService : ***  5495128.2771  ***  ISysSourceLookupService shutdown(super) finished.
5495105 INFO  [si.isystem.eclipse.debug - 14] ISysAbstractDsfService : ***  5495128.2831  ***  ISysSourceLookupService shutdown(main) started.
5495105 INFO  [si.isystem.eclipse.debug - 14] ISysAbstractDsfService : ***  5495128.3484  ***  ISysSourceLookupService shutdown(main) finished.
5495105 INFO  [si.isystem.eclipse.debug - 14] ISysAbstractDsfService : ***  5495128.3566  ***  ISysSourceLookupService shutdown(sub) finished.
5495105 INFO  [si.isystem.eclipse.debug - 14] ISysAbstractDsfService : ***  5495128.3674  ***  ISysMemoryService shutdown(super) started.
5495105 INFO  [si.isystem.eclipse.debug - 14] ISysAbstractDsfService : ***  5495128.378  ***  ISysMemoryService shutdown(super) finished.
5495105 INFO  [si.isystem.eclipse.debug - 14] ISysAbstractDsfService : ***  5495128.3838  ***  ISysMemoryService shutdown(main) started.
5495105 INFO  [si.isystem.eclipse.debug - 14] ISysAbstractDsfService : ***  5495128.3908  ***  ISysMemoryService removed from service event listener list
5495105 INFO  [si.isystem.eclipse.debug - 14] ISysAbstractDsfService : ***  5495128.4697  ***  ISysMemoryService shutdown(main) finished.
5495105 INFO  [si.isystem.eclipse.debug - 14] ISysAbstractDsfService : ***  5495128.4779  ***  ISysMemoryService shutdown(sub) finished.
5495105 INFO  [si.isystem.eclipse.debug - 14] ISysAbstractDsfService : ***  5495128.4874  ***  ISysStackService shutdown(super) started.
5495105 INFO  [si.isystem.eclipse.debug - 14] ISysAbstractDsfService : ***  5495128.4972  ***  ISysStackService shutdown(super) finished.
5495105 INFO  [si.isystem.eclipse.debug - 14] ISysAbstractDsfService : ***  5495128.5032  ***  ISysStackService shutdown(main) started.
5495105 INFO  [si.isystem.eclipse.debug - 14] ISysAbstractDsfService : ***  5495128.5109  ***  ISysStackService removed from service event listener list
5495106 INFO  [si.isystem.eclipse.debug - 14] ISysAbstractDsfService : ***  5495128.5866  ***  ISysStackService shutdown(main) finished.
5495106 INFO  [si.isystem.eclipse.debug - 14] ISysAbstractDsfService : ***  5495128.5949  ***  ISysStackService shutdown(sub) finished.
5495106 INFO  [si.isystem.eclipse.debug - 14] ISysAbstractDsfService : ***  5495128.6033  ***  ISysRunControl shutdown(super) started.
5495106 INFO  [si.isystem.eclipse.debug - 14] ISysAbstractDsfService : ***  5495128.6131  ***  ISysRunControl shutdown(super) finished.
5495106 INFO  [si.isystem.eclipse.debug - 14] ISysAbstractDsfService : ***  5495128.6188  ***  ISysRunControl shutdown(main) started.
5495106 INFO  [si.isystem.eclipse.debug - 14] ISysAbstractDsfService : ***  5495128.6251  ***  ISysRunControl removed from service event listener list
5495106 INFO  [si.isystem.eclipse.debug - 14] ISysAbstractDsfService : ***  5495128.6974  ***  ISysRunControl shutdown(main) finished.
5495106 INFO  [si.isystem.eclipse.debug - 14] ISysAbstractDsfService : ***  5495128.7054  ***  ISysRunControl shutdown(sub) finished.
5495106 INFO  [si.isystem.eclipse.debug - 14] ISysAbstractDsfService : ***  5495128.7131  ***  ISysCommandControl shutdown(super) started.
5495106 INFO  [si.isystem.eclipse.debug - 14] ISysAbstractDsfService : ***  5495128.7228  ***  ISysCommandControl shutdown(super) finished.
5495106 INFO  [si.isystem.eclipse.debug - 14] ISysAbstractDsfService : ***  5495128.7288  ***  ISysCommandControl shutdown(main) started.
5495106 INFO  [si.isystem.eclipse.debug - 14] ISysAbstractDsfService : ***  5495128.8  ***  ISysCommandControl shutdown(main) finished.
5495106 INFO  [si.isystem.eclipse.debug - 14] ISysAbstractDsfService : ***  5495128.8078  ***  ISysCommandControl shutdown(sub) finished.
5495106 INFO  [si.isystem.eclipse.debug - 14] ISysAbstractDsfService : ***  5495128.8209  ***  ISysConnectionService shutdown(super) started.
5495106 INFO  [si.isystem.eclipse.debug - 14] IConnectProxy : ***  5495128.8606  ***  Shutting down iConnect for cores: [I@1f5c1dcc
5495106 INFO  [si.isystem.eclipse.debug - 14] IConnectProxy : ***  5495128.875  ***  Disconnecting from and closing winIDEA on core 0.
5495150 INFO  [si.isystem.eclipse.debug - 14] ISysAbstractDsfService : ***  5495174.0301  ***  ISysConnectionService shutdown(super) finished.
5495151 INFO  [si.isystem.eclipse.debug - 14] ISysAbstractDsfService : ***  5495174.0675  ***  ISysConnectionService shutdown(main) started.
5495151 INFO  [si.isystem.eclipse.debug - 14] ISysAbstractDsfService : ***  5495174.1088  ***  ISysConnectionService shutdown(main) finished.
5495151 INFO  [si.isystem.eclipse.debug - 14] ISysAbstractDsfService : ***  5495174.1171  ***  ISysConnectionService shutdown(sub) finished.
5495151 INFO  [si.isystem.eclipse.debug - 14] ISysLaunch : ***  5495174.1614  ***  Debug services shutdown completed.
5498668 INFO  [si.isystem.eclipse.debug - 15] ISysAbstractDsfService : ***  5498691.1143  ***  ISysConnectionService initialization(super) started.
5498668 INFO  [si.isystem.eclipse.debug - 15] IConLaunchManager : ***  5498691.4193  ***  
Starting debug session using launch configuration paramenters: 
 - Launch name = 'TC275-LED-Button TriCore Debug (TASKING)'
 - Project name = 'TC275-LED-Button'
 - Project path = 'D:/Project/Aurix-TC275/TC275-LED-Button'
 - Output file = 'TriCore Debug (TASKING)\TC275-LED-Button.elf'
 - Stop on startup = 'true'
 - Stop on startup location = 'core0_main'
 - Verbose mode = false' - winIDEA visible = 'false'
 - Bring winIDEA to top = 'true'
 - Verify download = 'true'
 - Analyze source files = 'false'
 - Shutdown winIDEA at terminate session = 'true'
 - winIDEA workspace path = '.ads/winIDEAWorkspaces/TriCore-Debug-(TASKING)/ADS.xjrf'
 - full winIDEA workspace path = 'D:\Project\Aurix-TC275\TC275-LED-Button\.ads\winIDEAWorkspaces\TriCore-Debug-(TASKING)\ADS.xjrf'
 - Device = 'TC275T'
 - Hardware = 'IFX_DAS'
 - Communication = 'USB'
 - Hardware debugger = ''
 - Image check = 'Default'
 - Create SMP = 'true'
 - After download action = 'none'
 - After download symbol = ''

5498669 INFO  [si.isystem.eclipse.debug - 15] ISysSessionManager : ***  5498691.5099  ***  Setting winIDEA workspace path to 'D:\Project\Aurix-TC275\TC275-LED-Button\.ads\winIDEAWorkspaces\TriCore-Debug-(TASKING)\ADS.xjrf'
5498669 INFO  [si.isystem.eclipse.debug - 15] ISysSessionManager : ***  5498691.6146  ***  Connecting to winIDEA 'C:\Infineon\AURIX-Studio-1.10.16\winIDEA\' with workspace 'D:\Project\Aurix-TC275\TC275-LED-Button\.ads\winIDEAWorkspaces\TriCore-Debug-(TASKING)\ADS.xjrf', winIDEA-ID: 'com.tasking.winIDEA.instance.id-TC275-LED-Button TriCore Debug (TASKING)', visible: false, CLI args: '/HideCrashDumpMessage'
5499396 INFO  [si.isystem.eclipse.debug - 15] ISysSessionManager : ***  5499419.8042  ***  Connected to winIDEA and setup workspace.
5499396 INFO  [si.isystem.eclipse.debug - 15] ISysSessionManager : ***  5499419.8535  ***  Version of isystem.connect for Java: 9.21.334.0
5499396 INFO  [si.isystem.eclipse.debug - 15] ISysSessionManager : ***  5499419.8906  ***  Version of isystem.connect DLL: 9.21.334.0.0
5499397 INFO  [si.isystem.eclipse.debug - 15] ISysSessionManager : ***  5499420.2411  ***  Version of winIDEA: 9.21.338.0.218131
5499397 INFO  [si.isystem.eclipse.debug - 15] ISysSessionManager : ***  5499420.2593  ***  Downloading ...
5500713 INFO  [si.isystem.eclipse.debug - 15] ISysSessionManager : ***  5500736.647  ***  Downloading finished.
5500769 INFO  [si.isystem.eclipse.debug - 15] IConLaunchManager : ***  5500792.2091  ***  Connected to target.
5500769 INFO  [si.isystem.eclipse.debug - 15] IConLaunchManager : ***  5500792.2467  ***  Log level set to INFO
5500829 INFO  [si.isystem.eclipse.debug - 15] ISysAbstractDsfService : ***  5500852.4978  ***  ISysConnectionService initialization(super) finished.
5500829 INFO  [si.isystem.eclipse.debug - 15] ISysAbstractDsfService : ***  5500852.5553  ***  ISysConnectionService initialization(main) started.
5500829 INFO  [si.isystem.eclipse.debug - 15] ISysAbstractDsfService : ***  5500852.5676  ***  ISysConnectionService initialization(main) finished.
5500829 INFO  [si.isystem.eclipse.debug - 15] ISysAbstractDsfService : ***  5500852.5776  ***  ISysConnectionService initialization(sub) finished.
5500829 INFO  [si.isystem.eclipse.debug - 15] ISysAbstractDsfService : ***  5500852.607  ***  ISysCommandControl initialization(super) started.
5500829 INFO  [Worker-10: Command Executor Job] ISysAbstractDsfService : ***  5500852.6782  ***  Command Executor Job started.
5500829 INFO  [si.isystem.eclipse.debug - 15] ISysAbstractDsfService : ***  5500852.7785  ***  ISysCommandControl initialization(super) finished.
5500829 INFO  [si.isystem.eclipse.debug - 15] ISysAbstractDsfService : ***  5500852.7892  ***  ISysCommandControl initialization(main) started.
5500829 INFO  [si.isystem.eclipse.debug - 15] ISysAbstractDsfService : ***  5500852.7977  ***  ISysCommandControl initialization(main) finished.
5500829 INFO  [si.isystem.eclipse.debug - 15] ISysAbstractDsfService : ***  5500852.8043  ***  ISysCommandControl initialization(sub) finished.
5500829 INFO  [si.isystem.eclipse.debug - 15] ISysAbstractDsfService : ***  5500852.8155  ***  ISysRunControl initialization(super) started.
5500831 INFO  [si.isystem.eclipse.debug - 15] ISysAbstractDsfService : ***  5500854.4852  ***  ISysRunControl initialization(super) finished.
5500831 INFO  [si.isystem.eclipse.debug - 15] ISysAbstractDsfService : ***  5500854.5057  ***  ISysRunControl initialization(main) started.
5500831 INFO  [si.isystem.eclipse.debug - 15] ISysAbstractDsfService : ***  5500854.5168  ***  ISysRunControl specified as service event listener (method: eventDispatched)
5500831 INFO  [si.isystem.eclipse.debug - 15] ISysAbstractDsfService : ***  5500854.532  ***  ISysRunControl initialization(main) finished.
5500833 INFO  [si.isystem.eclipse.debug - 15] ISysAbstractDsfService : ***  5500856.0348  ***  ISysRunControl initialization(sub) finished.
5500833 INFO  [si.isystem.eclipse.debug - 15] ISysAbstractDsfService : ***  5500856.0758  ***  ISysStackService initialization(super) started.
5500833 INFO  [si.isystem.eclipse.debug - 15] ISysAbstractDsfService : ***  5500856.2771  ***  ISysStackService initialization(super) finished.
5500833 INFO  [si.isystem.eclipse.debug - 15] ISysAbstractDsfService : ***  5500856.2899  ***  ISysStackService initialization(main) started.
5500833 INFO  [si.isystem.eclipse.debug - 15] ISysAbstractDsfService : ***  5500856.301  ***  ISysStackService specified as service event listener (method: eventDispatched)
5500833 INFO  [si.isystem.eclipse.debug - 15] ISysAbstractDsfService : ***  5500856.3153  ***  ISysStackService initialization(main) finished.
5500833 INFO  [si.isystem.eclipse.debug - 15] ISysAbstractDsfService : ***  5500856.3228  ***  ISysStackService initialization(sub) finished.
5500833 INFO  [si.isystem.eclipse.debug - 15] ISysAbstractDsfService : ***  5500856.3323  ***  ISysMemoryService initialization(super) started.
5500833 INFO  [si.isystem.eclipse.debug - 15] ISysAbstractDsfService : ***  5500856.3606  ***  Starting Memory Service sub-initialization sequence.
5500833 INFO  [si.isystem.eclipse.debug - 15] ISysAbstractDsfService : ***  5500856.3693  ***  ISysMemoryService initialization(super) finished.
5500833 INFO  [si.isystem.eclipse.debug - 15] ISysAbstractDsfService : ***  5500856.3747  ***  ISysMemoryService initialization(main) started.
5500833 INFO  [si.isystem.eclipse.debug - 15] ISysAbstractDsfService : ***  5500856.3813  ***  ISysMemoryService specified as service event listener (method: eventDispatched)
5500833 INFO  [si.isystem.eclipse.debug - 15] ISysAbstractDsfService : ***  5500856.3902  ***  ISysMemoryService initialization(main) finished.
5500833 INFO  [si.isystem.eclipse.debug - 15] ISysAbstractDsfService : ***  5500856.4047  ***  Initializing Memory Service block retrieval.
5500834 INFO  [si.isystem.eclipse.debug - 15] ISysAbstractDsfService : ***  5500857.6594  ***  Memory Service block retrieval initialized.
5500834 INFO  [si.isystem.eclipse.debug - 15] ISysAbstractDsfService : ***  5500857.6798  ***  Loading memory area properties.
5500835 INFO  [si.isystem.eclipse.debug - 15] ISysAbstractDsfService : ***  5500858.785  ***  Adding 1 memory blocks.
5500835 INFO  [si.isystem.eclipse.debug - 15] ISysAbstractDsfService : ***  5500858.817  ***  Block 'Virtual' [00000000:ffffffff] MAU=8 visible
5500835 INFO  [si.isystem.eclipse.debug - 15] ISysAbstractDsfService : ***  5500858.825  ***  Memory Service block retrieval initialized.
5500835 INFO  [si.isystem.eclipse.debug - 15] ISysAbstractDsfService : ***  5500858.8344  ***  Registering memory model adapter and service.
5500836 INFO  [si.isystem.eclipse.debug - 15] ISysAbstractDsfService : ***  5500859.0755  ***  Memory model adapter and service registered.
5500836 INFO  [si.isystem.eclipse.debug - 15] ISysAbstractDsfService : ***  5500859.0901  ***  ISysMemoryService initialization(sub) finished.
5500836 INFO  [si.isystem.eclipse.debug - 15] ISysAbstractDsfService : ***  5500859.1  ***  ISysSourceLookupService initialization(super) started.
5500836 INFO  [si.isystem.eclipse.debug - 15] ISysAbstractDsfService : ***  5500859.1907  ***  ISysSourceLookupService initialization(super) finished.
5500836 INFO  [si.isystem.eclipse.debug - 15] ISysAbstractDsfService : ***  5500859.2004  ***  ISysSourceLookupService initialization(main) started.
5500836 INFO  [si.isystem.eclipse.debug - 15] ISysAbstractDsfService : ***  5500859.2091  ***  ISysSourceLookupService initialization(main) finished.
5500836 INFO  [si.isystem.eclipse.debug - 15] ISysAbstractDsfService : ***  5500859.2157  ***  ISysSourceLookupService initialization(sub) finished.
5500836 INFO  [si.isystem.eclipse.debug - 15] ISysAbstractDsfService : ***  5500859.2245  ***  ISysExpressionsService initialization(super) started.
5500836 INFO  [si.isystem.eclipse.debug - 15] ISysAbstractDsfService : ***  5500859.3344  ***  ISysExpressionsService initialization(super) finished.
5500836 INFO  [si.isystem.eclipse.debug - 15] ISysAbstractDsfService : ***  5500859.3465  ***  ISysExpressionsService initialization(main) started.
5500836 INFO  [si.isystem.eclipse.debug - 15] ISysAbstractDsfService : ***  5500859.3557  ***  ISysExpressionsService specified as service event listener (method: eventDispatched)
5500836 INFO  [si.isystem.eclipse.debug - 15] ISysAbstractDsfService : ***  5500859.367  ***  ISysExpressionsService initialization(main) finished.
5500836 INFO  [si.isystem.eclipse.debug - 15] ISysAbstractDsfService : ***  5500859.3737  ***  ISysExpressionsService initialization(sub) finished.
5500836 INFO  [si.isystem.eclipse.debug - 15] ISysAbstractDsfService : ***  5500859.3821  ***  ISysRegistersService initialization(super) started.
5500836 INFO  [si.isystem.eclipse.debug - 15] ISysAbstractDsfService : ***  5500859.7516  ***  ISysRegistersService initialization(super) finished.
5500836 INFO  [si.isystem.eclipse.debug - 15] ISysAbstractDsfService : ***  5500859.7632  ***  ISysRegistersService initialization(main) started.
5500836 INFO  [si.isystem.eclipse.debug - 15] ISysAbstractDsfService : ***  5500859.7708  ***  ISysRegistersService specified as service event listener (method: eventDispatched)
5500836 INFO  [si.isystem.eclipse.debug - 15] ISysAbstractDsfService : ***  5500859.781  ***  ISysRegistersService initialization(main) finished.
5500836 INFO  [si.isystem.eclipse.debug - 15] ISysAbstractDsfService : ***  5500859.7879  ***  ISysRegistersService initialization(sub) finished.
5500836 INFO  [si.isystem.eclipse.debug - 15] ISysAbstractDsfService : ***  5500859.7963  ***  ISysDisassemblyService initialization(super) started.
5500837 INFO  [si.isystem.eclipse.debug - 15] ISysAbstractDsfService : ***  5500859.9859  ***  ISysDisassemblyService initialization(super) finished.
5500837 INFO  [si.isystem.eclipse.debug - 15] ISysAbstractDsfService : ***  5500859.9973  ***  ISysDisassemblyService initialization(main) started.
5500837 INFO  [si.isystem.eclipse.debug - 15] ISysAbstractDsfService : ***  5500860.0046  ***  ISysDisassemblyService initialization(main) finished.
5500837 INFO  [si.isystem.eclipse.debug - 15] ISysAbstractDsfService : ***  5500860.0132  ***  ISysDisassemblyService initialization(sub) finished.
5500837 INFO  [si.isystem.eclipse.debug - 15] ISysAbstractDsfService : ***  5500860.0217  ***  ISysSfrService initialization(super) started.
5500837 INFO  [si.isystem.eclipse.debug - 15] ISysAbstractDsfService : ***  5500860.1045  ***  ISysSfrService initialization(super) finished.
5500837 INFO  [si.isystem.eclipse.debug - 15] ISysAbstractDsfService : ***  5500860.114  ***  ISysSfrService initialization(main) started.
5500837 INFO  [si.isystem.eclipse.debug - 15] ISysAbstractDsfService : ***  5500860.1206  ***  ISysSfrService specified as service event listener (method: eventDispatched)
5500837 INFO  [si.isystem.eclipse.debug - 15] ISysAbstractDsfService : ***  5500860.132  ***  ISysSfrService initialization(main) finished.
5501254 INFO  [si.isystem.eclipse.debug - 15] ISysAbstractDsfService : ***  5501277.5045  ***  ISysSfrService initialization(sub) finished.
5501258 INFO  [si.isystem.eclipse.debug - 15] ISysAbstractDsfService : ***  5501281.3305  ***  ISysRteService initialization(super) started.
5501258 INFO  [si.isystem.eclipse.debug - 15] ISysAbstractDsfService : ***  5501281.5101  ***  ISysRteService initialization(super) finished.
5501258 INFO  [si.isystem.eclipse.debug - 15] ISysAbstractDsfService : ***  5501281.5211  ***  ISysRteService initialization(main) started.
5501258 INFO  [si.isystem.eclipse.debug - 15] ISysAbstractDsfService : ***  5501281.5314  ***  ISysRteService specified as service event listener (method: eventDispatched)
5501258 INFO  [si.isystem.eclipse.debug - 15] ISysAbstractDsfService : ***  5501281.5447  ***  ISysRteService initialization(main) finished.
5501258 INFO  [si.isystem.eclipse.debug - 15] ISysAbstractDsfService : ***  5501281.5524  ***  ISysRteService initialization(sub) finished.
5501258 INFO  [si.isystem.eclipse.debug - 15] ISysAbstractDsfService : ***  5501281.5647  ***  ISysBreakpointService initialization(super) started.
5501258 INFO  [si.isystem.eclipse.debug - 15] ISysAbstractDsfService : ***  5501281.6528  ***  ISysBreakpointService initialization(super) finished.
5501258 INFO  [si.isystem.eclipse.debug - 15] ISysAbstractDsfService : ***  5501281.6618  ***  ISysBreakpointService initialization(main) started.
5501258 INFO  [si.isystem.eclipse.debug - 15] ISysAbstractDsfService : ***  5501281.68  ***  ISysBreakpointService specified as service event listener (method: eventDispatched)
5501258 INFO  [si.isystem.eclipse.debug - 15] ISysAbstractDsfService : ***  5501281.6898  ***  ISysBreakpointService initialization(main) finished.
5501258 INFO  [si.isystem.eclipse.debug - 15] ISysAbstractDsfService : ***  5501281.6964  ***  ISysBreakpointService initialization(sub) finished.
5501259 INFO  [si.isystem.eclipse.debug - 15] ISysLaunch : ***  5501282.9057  ***  Services initialization sequence completed
5706616 INFO  [Worker-10: Command Executor Job] ISysAbstractDsfService : ***  5706638.6477  ***  ISysCommandControl command dequeued - exiting command processing loop
5706616 INFO  [si.isystem.eclipse.debug - 15] ISysAbstractCommand : ***  5706638.6601  ***  Processing the last command to be processed: si.isystem.dsf.control.commands.ISysCmdMiscTerminateDebugger
5706616 INFO  [si.isystem.eclipse.debug - 15] ISysAbstractDsfService : ***  5706638.7075  ***  Command Control was shut down - cancelling remaining commands in queue.
5706616 INFO  [si.isystem.eclipse.debug - 15] ISysAbstractDsfService : ***  5706638.72  ***  Command Controll queue is empty and closed.
5706616 INFO  [si.isystem.eclipse.debug - 15] ISysAbstractDsfService : ***  5706638.9473  ***  ISysBreakpointService shutdown(super) started.
5706616 INFO  [si.isystem.eclipse.debug - 15] ISysAbstractDsfService : ***  5706638.9644  ***  ISysBreakpointService shutdown(super) finished.
5706616 INFO  [si.isystem.eclipse.debug - 15] ISysAbstractDsfService : ***  5706638.9711  ***  ISysBreakpointService shutdown(main) started.
5706616 INFO  [si.isystem.eclipse.debug - 15] ISysAbstractDsfService : ***  5706638.9915  ***  ISysBreakpointService removed from service event listener list
5706616 INFO  [si.isystem.eclipse.debug - 15] ISysAbstractDsfService : ***  5706639.0871  ***  ISysBreakpointService shutdown(main) finished.
5706616 INFO  [si.isystem.eclipse.debug - 15] ISysAbstractDsfService : ***  5706639.097  ***  ISysBreakpointService shutdown(sub) finished.
5706616 INFO  [si.isystem.eclipse.debug - 15] ISysAbstractDsfService : ***  5706639.1101  ***  ISysRteService shutdown(super) started.
5706616 INFO  [si.isystem.eclipse.debug - 15] ISysAbstractDsfService : ***  5706639.125  ***  ISysRteService shutdown(super) finished.
5706616 INFO  [si.isystem.eclipse.debug - 15] ISysAbstractDsfService : ***  5706639.1317  ***  ISysRteService shutdown(main) started.
5706616 INFO  [si.isystem.eclipse.debug - 15] ISysAbstractDsfService : ***  5706639.1381  ***  ISysRteService removed from service event listener list
5706616 INFO  [si.isystem.eclipse.debug - 15] ISysAbstractDsfService : ***  5706639.2041  ***  ISysRteService shutdown(main) finished.
5706616 INFO  [si.isystem.eclipse.debug - 15] ISysAbstractDsfService : ***  5706639.2382  ***  ISysRteService shutdown(sub) finished.
5706616 INFO  [si.isystem.eclipse.debug - 15] ISysAbstractDsfService : ***  5706639.2516  ***  ISysSfrService shutdown(super) started.
5706616 INFO  [si.isystem.eclipse.debug - 15] ISysAbstractDsfService : ***  5706639.2643  ***  ISysSfrService shutdown(super) finished.
5706616 INFO  [si.isystem.eclipse.debug - 15] ISysAbstractDsfService : ***  5706639.2709  ***  ISysSfrService shutdown(main) started.
5706616 INFO  [si.isystem.eclipse.debug - 15] ISysAbstractDsfService : ***  5706639.277  ***  ISysSfrService removed from service event listener list
5706616 INFO  [si.isystem.eclipse.debug - 15] ISysAbstractDsfService : ***  5706639.3522  ***  ISysSfrService shutdown(main) finished.
5706616 INFO  [si.isystem.eclipse.debug - 15] ISysAbstractDsfService : ***  5706639.4195  ***  ISysSfrService shutdown(sub) finished.
5706616 INFO  [si.isystem.eclipse.debug - 15] ISysAbstractDsfService : ***  5706639.4379  ***  ISysDisassemblyService shutdown(super) started.
5706617 INFO  [si.isystem.eclipse.debug - 15] ISysAbstractDsfService : ***  5706639.4526  ***  ISysDisassemblyService shutdown(super) finished.
5706617 INFO  [si.isystem.eclipse.debug - 15] ISysAbstractDsfService : ***  5706639.459  ***  ISysDisassemblyService shutdown(main) started.
5706617 INFO  [si.isystem.eclipse.debug - 15] ISysAbstractDsfService : ***  5706639.5422  ***  ISysDisassemblyService shutdown(main) finished.
5706617 INFO  [si.isystem.eclipse.debug - 15] ISysAbstractDsfService : ***  5706639.5509  ***  ISysDisassemblyService shutdown(sub) finished.
5706617 INFO  [si.isystem.eclipse.debug - 15] ISysAbstractDsfService : ***  5706639.562  ***  ISysRegistersService shutdown(super) started.
5706617 INFO  [si.isystem.eclipse.debug - 15] ISysAbstractDsfService : ***  5706639.5722  ***  ISysRegistersService shutdown(super) finished.
5706617 INFO  [si.isystem.eclipse.debug - 15] ISysAbstractDsfService : ***  5706639.5833  ***  ISysRegistersService shutdown(main) started.
5706617 INFO  [si.isystem.eclipse.debug - 15] ISysAbstractDsfService : ***  5706639.5909  ***  ISysRegistersService removed from service event listener list
5706617 INFO  [si.isystem.eclipse.debug - 15] ISysAbstractDsfService : ***  5706639.7127  ***  ISysRegistersService shutdown(main) finished.
5706617 INFO  [si.isystem.eclipse.debug - 15] ISysAbstractDsfService : ***  5706639.7231  ***  ISysRegistersService shutdown(sub) finished.
5706617 INFO  [si.isystem.eclipse.debug - 15] ISysAbstractDsfService : ***  5706639.7353  ***  ISysExpressionsService shutdown(super) started.
5706617 INFO  [si.isystem.eclipse.debug - 15] ISysAbstractDsfService : ***  5706639.747  ***  ISysExpressionsService shutdown(super) finished.
5706617 INFO  [si.isystem.eclipse.debug - 15] ISysAbstractDsfService : ***  5706639.7534  ***  ISysExpressionsService shutdown(main) started.
5706617 INFO  [si.isystem.eclipse.debug - 15] ISysAbstractDsfService : ***  5706639.7599  ***  ISysExpressionsService removed from service event listener list
5706617 INFO  [si.isystem.eclipse.debug - 15] ISysAbstractDsfService : ***  5706639.8683  ***  ISysExpressionsService shutdown(main) finished.
5706617 INFO  [si.isystem.eclipse.debug - 15] ISysAbstractDsfService : ***  5706639.8771  ***  ISysExpressionsService shutdown(sub) finished.
5706617 INFO  [si.isystem.eclipse.debug - 15] ISysAbstractDsfService : ***  5706639.8894  ***  ISysSourceLookupService shutdown(super) started.
5706617 INFO  [si.isystem.eclipse.debug - 15] ISysAbstractDsfService : ***  5706639.8993  ***  ISysSourceLookupService shutdown(super) finished.
5706617 INFO  [si.isystem.eclipse.debug - 15] ISysAbstractDsfService : ***  5706639.9054  ***  ISysSourceLookupService shutdown(main) started.
5706617 INFO  [si.isystem.eclipse.debug - 15] ISysAbstractDsfService : ***  5706639.9734  ***  ISysSourceLookupService shutdown(main) finished.
5706617 INFO  [si.isystem.eclipse.debug - 15] ISysAbstractDsfService : ***  5706639.9819  ***  ISysSourceLookupService shutdown(sub) finished.
5706617 INFO  [si.isystem.eclipse.debug - 15] ISysAbstractDsfService : ***  5706639.9929  ***  ISysMemoryService shutdown(super) started.
5706617 INFO  [si.isystem.eclipse.debug - 15] ISysAbstractDsfService : ***  5706640.004  ***  ISysMemoryService shutdown(super) finished.
5706617 INFO  [si.isystem.eclipse.debug - 15] ISysAbstractDsfService : ***  5706640.0101  ***  ISysMemoryService shutdown(main) started.
5706617 INFO  [si.isystem.eclipse.debug - 15] ISysAbstractDsfService : ***  5706640.0199  ***  ISysMemoryService removed from service event listener list
5706617 INFO  [si.isystem.eclipse.debug - 15] ISysAbstractDsfService : ***  5706640.1023  ***  ISysMemoryService shutdown(main) finished.
5706617 INFO  [si.isystem.eclipse.debug - 15] ISysAbstractDsfService : ***  5706640.1132  ***  ISysMemoryService shutdown(sub) finished.
5706617 INFO  [si.isystem.eclipse.debug - 15] ISysAbstractDsfService : ***  5706640.1245  ***  ISysStackService shutdown(super) started.
5706617 INFO  [si.isystem.eclipse.debug - 15] ISysAbstractDsfService : ***  5706640.1352  ***  ISysStackService shutdown(super) finished.
5706617 INFO  [si.isystem.eclipse.debug - 15] ISysAbstractDsfService : ***  5706640.1415  ***  ISysStackService shutdown(main) started.
5706617 INFO  [si.isystem.eclipse.debug - 15] ISysAbstractDsfService : ***  5706640.1476  ***  ISysStackService removed from service event listener list
5706617 INFO  [si.isystem.eclipse.debug - 15] ISysAbstractDsfService : ***  5706640.2225  ***  ISysStackService shutdown(main) finished.
5706617 INFO  [si.isystem.eclipse.debug - 15] ISysAbstractDsfService : ***  5706640.2309  ***  ISysStackService shutdown(sub) finished.
5706617 INFO  [si.isystem.eclipse.debug - 15] ISysAbstractDsfService : ***  5706640.2401  ***  ISysRunControl shutdown(super) started.
5706617 INFO  [si.isystem.eclipse.debug - 15] ISysAbstractDsfService : ***  5706640.2505  ***  ISysRunControl shutdown(super) finished.
5706617 INFO  [si.isystem.eclipse.debug - 15] ISysAbstractDsfService : ***  5706640.2566  ***  ISysRunControl shutdown(main) started.
5706617 INFO  [si.isystem.eclipse.debug - 15] ISysAbstractDsfService : ***  5706640.2629  ***  ISysRunControl removed from service event listener list
5706617 INFO  [si.isystem.eclipse.debug - 15] ISysAbstractDsfService : ***  5706640.3393  ***  ISysRunControl shutdown(main) finished.
5706617 INFO  [si.isystem.eclipse.debug - 15] ISysAbstractDsfService : ***  5706640.3481  ***  ISysRunControl shutdown(sub) finished.
5706617 INFO  [si.isystem.eclipse.debug - 15] ISysAbstractDsfService : ***  5706640.357  ***  ISysCommandControl shutdown(super) started.
5706617 INFO  [si.isystem.eclipse.debug - 15] ISysAbstractDsfService : ***  5706640.3665  ***  ISysCommandControl shutdown(super) finished.
5706617 INFO  [si.isystem.eclipse.debug - 15] ISysAbstractDsfService : ***  5706640.3726  ***  ISysCommandControl shutdown(main) started.
5706617 INFO  [si.isystem.eclipse.debug - 15] ISysAbstractDsfService : ***  5706640.4468  ***  ISysCommandControl shutdown(main) finished.
5706617 INFO  [si.isystem.eclipse.debug - 15] ISysAbstractDsfService : ***  5706640.4557  ***  ISysCommandControl shutdown(sub) finished.
5706617 INFO  [si.isystem.eclipse.debug - 15] ISysAbstractDsfService : ***  5706640.4691  ***  ISysConnectionService shutdown(super) started.
5706617 INFO  [si.isystem.eclipse.debug - 15] IConnectProxy : ***  5706640.5177  ***  Shutting down iConnect for cores: [I@453d534c
5706617 INFO  [si.isystem.eclipse.debug - 15] IConnectProxy : ***  5706640.5353  ***  Disconnecting from and closing winIDEA on core 0.
5706657 INFO  [si.isystem.eclipse.debug - 15] ISysAbstractDsfService : ***  5706680.5703  ***  ISysConnectionService shutdown(super) finished.
5706657 INFO  [si.isystem.eclipse.debug - 15] ISysAbstractDsfService : ***  5706680.6233  ***  ISysConnectionService shutdown(main) started.
5706657 INFO  [si.isystem.eclipse.debug - 15] ISysAbstractDsfService : ***  5706680.6312  ***  ISysConnectionService shutdown(main) finished.
5706657 INFO  [si.isystem.eclipse.debug - 15] ISysAbstractDsfService : ***  5706680.6389  ***  ISysConnectionService shutdown(sub) finished.
5706657 INFO  [si.isystem.eclipse.debug - 15] ISysLaunch : ***  5706680.6953  ***  Debug services shutdown completed.
8236973 INFO  [si.isystem.eclipse.debug - 16] ISysAbstractDsfService : ***  8236996.3899  ***  ISysConnectionService initialization(super) started.
8236973 INFO  [si.isystem.eclipse.debug - 16] IConLaunchManager : ***  8236996.5976  ***  
Starting debug session using launch configuration paramenters: 
 - Launch name = 'IO_Port_Test1 TriCore Debug (TASKING)'
 - Project name = 'IO_Port_Test1'
 - Project path = 'D:/Project/Aurix-TC275/IO_Port_Test1'
 - Output file = 'TriCore Debug (TASKING)/IO_Port_Test1.elf'
 - Stop on startup = 'true'
 - Stop on startup location = 'core0_main'
 - Verbose mode = false' - winIDEA visible = 'false'
 - Bring winIDEA to top = 'true'
 - Verify download = 'true'
 - Analyze source files = 'false'
 - Shutdown winIDEA at terminate session = 'true'
 - winIDEA workspace path = '.ads/winIDEAWorkspaces/TriCore-Debug-(TASKING)/ADS.xjrf'
 - full winIDEA workspace path = 'D:\Project\Aurix-TC275\IO_Port_Test1\.ads\winIDEAWorkspaces\TriCore-Debug-(TASKING)\ADS.xjrf'
 - Device = 'TC275T'
 - Hardware = 'IFX_DAS'
 - Communication = 'USB'
 - Hardware debugger = ''
 - Image check = 'Default'
 - Create SMP = 'true'
 - After download action = 'none'
 - After download symbol = ''

8243277 INFO  [si.isystem.eclipse.debug - 16] ISysSessionManager : ***  8243300.205  ***  Connecting to winIDEA 'C:\Infineon\AURIX-Studio-1.10.16\winIDEA\' with workspace 'N/A', winIDEA-ID: 'com.tasking.winIDEA.instance.id-IO_Port_Test1 TriCore Debug (TASKING)', visible: false, CLI args: '/HideCrashDumpMessage /NOWSP'
8244026 INFO  [si.isystem.eclipse.debug - 16] ISysSessionManager : ***  8244049.1382  ***  winIDEA workspace 'D:\Project\Aurix-TC275\IO_Port_Test1\.ads\winIDEAWorkspaces\TriCore-Debug-(TASKING)\ADS.xjrf' created.
8244026 INFO  [si.isystem.eclipse.debug - 16] ISysSessionManager : ***  8244049.1845  ***  Setting configuration to HW='IFX_DAS', Comm='USB', ImgCheck='Default'.
8244315 INFO  [si.isystem.eclipse.debug - 16] ISysConfigOptions : ***  8244338.8718  ***  DAS Servers:
8244315 INFO  [si.isystem.eclipse.debug - 16] ISysConfigOptions : ***  8244338.9652  ***  [i] = 'IFX_DAS: AURIX LITE KIT V1.1 LK7WL7LF [USB]'
8244315 INFO  [si.isystem.eclipse.debug - 16] ISysConfigOptions : ***  8244338.9788  ***  Loading DAS Server list finished. [284ms]
8244342 INFO  [si.isystem.eclipse.debug - 16] ISysSessionManager : ***  8244365.5962  ***  Connected to winIDEA and setup workspace.
8244342 INFO  [si.isystem.eclipse.debug - 16] ISysSessionManager : ***  8244365.6412  ***  Version of isystem.connect for Java: 9.21.334.0
8244342 INFO  [si.isystem.eclipse.debug - 16] ISysSessionManager : ***  8244365.6781  ***  Version of isystem.connect DLL: 9.21.334.0.0
8244342 INFO  [si.isystem.eclipse.debug - 16] ISysSessionManager : ***  8244366.0529  ***  Version of winIDEA: 9.21.338.0.218131
8244342 INFO  [si.isystem.eclipse.debug - 16] ISysSessionManager : ***  8244366.0728  ***  Downloading ...
8245542 INFO  [si.isystem.eclipse.debug - 16] ISysSessionManager : ***  8245566.0184  ***  Downloading finished.
8245604 INFO  [si.isystem.eclipse.debug - 16] IConLaunchManager : ***  8245627.2193  ***  Connected to target.
8245604 INFO  [si.isystem.eclipse.debug - 16] IConLaunchManager : ***  8245627.2614  ***  Log level set to INFO
8245665 INFO  [si.isystem.eclipse.debug - 16] ISysAbstractDsfService : ***  8245688.7187  ***  ISysConnectionService initialization(super) finished.
8245665 INFO  [si.isystem.eclipse.debug - 16] ISysAbstractDsfService : ***  8245688.8276  ***  ISysConnectionService initialization(main) started.
8245666 INFO  [si.isystem.eclipse.debug - 16] ISysAbstractDsfService : ***  8245689.3362  ***  ISysConnectionService initialization(main) finished.
8245666 INFO  [si.isystem.eclipse.debug - 16] ISysAbstractDsfService : ***  8245689.418  ***  ISysConnectionService initialization(sub) finished.
8245666 INFO  [si.isystem.eclipse.debug - 16] ISysAbstractDsfService : ***  8245689.4949  ***  ISysCommandControl initialization(super) started.
8245666 INFO  [Worker-12: Command Executor Job] ISysAbstractDsfService : ***  8245689.7311  ***  Command Executor Job started.
8245666 INFO  [si.isystem.eclipse.debug - 16] ISysAbstractDsfService : ***  8245690.036  ***  ISysCommandControl initialization(super) finished.
8245666 INFO  [si.isystem.eclipse.debug - 16] ISysAbstractDsfService : ***  8245690.0892  ***  ISysCommandControl initialization(main) started.
8245667 INFO  [si.isystem.eclipse.debug - 16] ISysAbstractDsfService : ***  8245690.494  ***  ISysCommandControl initialization(main) finished.
8245667 INFO  [si.isystem.eclipse.debug - 16] ISysAbstractDsfService : ***  8245690.5578  ***  ISysCommandControl initialization(sub) finished.
8245667 INFO  [si.isystem.eclipse.debug - 16] ISysAbstractDsfService : ***  8245690.6342  ***  ISysRunControl initialization(super) started.
8245673 INFO  [si.isystem.eclipse.debug - 16] ISysAbstractDsfService : ***  8245696.7233  ***  ISysRunControl initialization(super) finished.
8245673 INFO  [si.isystem.eclipse.debug - 16] ISysAbstractDsfService : ***  8245696.8192  ***  ISysRunControl initialization(main) started.
8245674 INFO  [si.isystem.eclipse.debug - 16] ISysAbstractDsfService : ***  8245697.9401  ***  ISysRunControl specified as service event listener (method: eventDispatched)
8245674 INFO  [si.isystem.eclipse.debug - 16] ISysAbstractDsfService : ***  8245698.1498  ***  ISysRunControl initialization(main) finished.
8245679 INFO  [si.isystem.eclipse.debug - 16] ISysAbstractDsfService : ***  8245703.0571  ***  ISysRunControl initialization(sub) finished.
8245679 INFO  [si.isystem.eclipse.debug - 16] ISysAbstractDsfService : ***  8245703.1755  ***  ISysStackService initialization(super) started.
8245680 INFO  [si.isystem.eclipse.debug - 16] ISysAbstractDsfService : ***  8245703.8067  ***  ISysStackService initialization(super) finished.
8245680 INFO  [si.isystem.eclipse.debug - 16] ISysAbstractDsfService : ***  8245703.863  ***  ISysStackService initialization(main) started.
8245681 INFO  [si.isystem.eclipse.debug - 16] ISysAbstractDsfService : ***  8245704.3439  ***  ISysStackService specified as service event listener (method: eventDispatched)
8245681 INFO  [si.isystem.eclipse.debug - 16] ISysAbstractDsfService : ***  8245704.4755  ***  ISysStackService initialization(main) finished.
8245681 INFO  [si.isystem.eclipse.debug - 16] ISysAbstractDsfService : ***  8245704.5211  ***  ISysStackService initialization(sub) finished.
8245681 INFO  [si.isystem.eclipse.debug - 16] ISysAbstractDsfService : ***  8245704.5804  ***  ISysMemoryService initialization(super) started.
8245681 INFO  [si.isystem.eclipse.debug - 16] ISysAbstractDsfService : ***  8245704.6996  ***  Starting Memory Service sub-initialization sequence.
8245681 INFO  [si.isystem.eclipse.debug - 16] ISysAbstractDsfService : ***  8245704.7446  ***  ISysMemoryService initialization(super) finished.
8245681 INFO  [si.isystem.eclipse.debug - 16] ISysAbstractDsfService : ***  8245704.7743  ***  ISysMemoryService initialization(main) started.
8245681 INFO  [si.isystem.eclipse.debug - 16] ISysAbstractDsfService : ***  8245705.0142  ***  ISysMemoryService specified as service event listener (method: eventDispatched)
8245681 INFO  [si.isystem.eclipse.debug - 16] ISysAbstractDsfService : ***  8245705.0786  ***  ISysMemoryService initialization(main) finished.
8245681 INFO  [si.isystem.eclipse.debug - 16] ISysAbstractDsfService : ***  8245705.1454  ***  Initializing Memory Service block retrieval.
8245686 INFO  [si.isystem.eclipse.debug - 16] ISysAbstractDsfService : ***  8245709.8722  ***  Memory Service block retrieval initialized.
8245686 INFO  [si.isystem.eclipse.debug - 16] ISysAbstractDsfService : ***  8245709.9422  ***  Loading memory area properties.
8245690 INFO  [si.isystem.eclipse.debug - 16] ISysAbstractDsfService : ***  8245713.6104  ***  Adding 1 memory blocks.
8245690 INFO  [si.isystem.eclipse.debug - 16] ISysAbstractDsfService : ***  8245713.6905  ***  Block 'Virtual' [00000000:ffffffff] MAU=8 visible
8245690 INFO  [si.isystem.eclipse.debug - 16] ISysAbstractDsfService : ***  8245713.7133  ***  Memory Service block retrieval initialized.
8245690 INFO  [si.isystem.eclipse.debug - 16] ISysAbstractDsfService : ***  8245713.7395  ***  Registering memory model adapter and service.
8245691 INFO  [si.isystem.eclipse.debug - 16] ISysAbstractDsfService : ***  8245714.363  ***  Memory model adapter and service registered.
8245691 INFO  [si.isystem.eclipse.debug - 16] ISysAbstractDsfService : ***  8245714.4127  ***  ISysMemoryService initialization(sub) finished.
8245691 INFO  [si.isystem.eclipse.debug - 16] ISysAbstractDsfService : ***  8245714.448  ***  ISysSourceLookupService initialization(super) started.
8245691 INFO  [si.isystem.eclipse.debug - 16] ISysAbstractDsfService : ***  8245714.7229  ***  ISysSourceLookupService initialization(super) finished.
8245691 INFO  [si.isystem.eclipse.debug - 16] ISysAbstractDsfService : ***  8245714.7577  ***  ISysSourceLookupService initialization(main) started.
8245691 INFO  [si.isystem.eclipse.debug - 16] ISysAbstractDsfService : ***  8245714.8562  ***  ISysSourceLookupService initialization(main) finished.
8245691 INFO  [si.isystem.eclipse.debug - 16] ISysAbstractDsfService : ***  8245714.88  ***  ISysSourceLookupService initialization(sub) finished.
8245691 INFO  [si.isystem.eclipse.debug - 16] ISysAbstractDsfService : ***  8245714.91  ***  ISysExpressionsService initialization(super) started.
8245691 INFO  [si.isystem.eclipse.debug - 16] ISysAbstractDsfService : ***  8245715.2327  ***  ISysExpressionsService initialization(super) finished.
8245692 INFO  [si.isystem.eclipse.debug - 16] ISysAbstractDsfService : ***  8245715.2633  ***  ISysExpressionsService initialization(main) started.
8245692 INFO  [si.isystem.eclipse.debug - 16] ISysAbstractDsfService : ***  8245715.557  ***  ISysExpressionsService specified as service event listener (method: eventDispatched)
8245692 INFO  [si.isystem.eclipse.debug - 16] ISysAbstractDsfService : ***  8245715.6022  ***  ISysExpressionsService initialization(main) finished.
8245692 INFO  [si.isystem.eclipse.debug - 16] ISysAbstractDsfService : ***  8245715.6234  ***  ISysExpressionsService initialization(sub) finished.
8245692 INFO  [si.isystem.eclipse.debug - 16] ISysAbstractDsfService : ***  8245715.6544  ***  ISysRegistersService initialization(super) started.
8245693 INFO  [si.isystem.eclipse.debug - 16] ISysAbstractDsfService : ***  8245716.7349  ***  ISysRegistersService initialization(super) finished.
8245693 INFO  [si.isystem.eclipse.debug - 16] ISysAbstractDsfService : ***  8245716.7769  ***  ISysRegistersService initialization(main) started.
8245693 INFO  [si.isystem.eclipse.debug - 16] ISysAbstractDsfService : ***  8245716.997  ***  ISysRegistersService specified as service event listener (method: eventDispatched)
8245693 INFO  [si.isystem.eclipse.debug - 16] ISysAbstractDsfService : ***  8245717.0325  ***  ISysRegistersService initialization(main) finished.
8245693 INFO  [si.isystem.eclipse.debug - 16] ISysAbstractDsfService : ***  8245717.0499  ***  ISysRegistersService initialization(sub) finished.
8245693 INFO  [si.isystem.eclipse.debug - 16] ISysAbstractDsfService : ***  8245717.0807  ***  ISysDisassemblyService initialization(super) started.
8245694 INFO  [si.isystem.eclipse.debug - 16] ISysAbstractDsfService : ***  8245717.5261  ***  ISysDisassemblyService initialization(super) finished.
8245694 INFO  [si.isystem.eclipse.debug - 16] ISysAbstractDsfService : ***  8245717.5591  ***  ISysDisassemblyService initialization(main) started.
8245694 INFO  [si.isystem.eclipse.debug - 16] ISysAbstractDsfService : ***  8245717.6649  ***  ISysDisassemblyService initialization(main) finished.
8245694 INFO  [si.isystem.eclipse.debug - 16] ISysAbstractDsfService : ***  8245717.6858  ***  ISysDisassemblyService initialization(sub) finished.
8245694 INFO  [si.isystem.eclipse.debug - 16] ISysAbstractDsfService : ***  8245717.7112  ***  ISysSfrService initialization(super) started.
8245694 INFO  [si.isystem.eclipse.debug - 16] ISysAbstractDsfService : ***  8245717.9198  ***  ISysSfrService initialization(super) finished.
8245694 INFO  [si.isystem.eclipse.debug - 16] ISysAbstractDsfService : ***  8245717.9421  ***  ISysSfrService initialization(main) started.
8245694 INFO  [si.isystem.eclipse.debug - 16] ISysAbstractDsfService : ***  8245718.0408  ***  ISysSfrService specified as service event listener (method: eventDispatched)
8245694 INFO  [si.isystem.eclipse.debug - 16] ISysAbstractDsfService : ***  8245718.0709  ***  ISysSfrService initialization(main) finished.
8246114 INFO  [si.isystem.eclipse.debug - 16] ISysAbstractDsfService : ***  8246137.6643  ***  ISysSfrService initialization(sub) finished.
8246118 INFO  [si.isystem.eclipse.debug - 16] ISysAbstractDsfService : ***  8246141.8257  ***  ISysRteService initialization(super) started.
8246119 INFO  [si.isystem.eclipse.debug - 16] ISysAbstractDsfService : ***  8246142.0239  ***  ISysRteService initialization(super) finished.
8246119 INFO  [si.isystem.eclipse.debug - 16] ISysAbstractDsfService : ***  8246142.0367  ***  ISysRteService initialization(main) started.
8246119 INFO  [si.isystem.eclipse.debug - 16] ISysAbstractDsfService : ***  8246142.1167  ***  ISysRteService specified as service event listener (method: eventDispatched)
8246119 INFO  [si.isystem.eclipse.debug - 16] ISysAbstractDsfService : ***  8246142.1384  ***  ISysRteService initialization(main) finished.
8246119 INFO  [si.isystem.eclipse.debug - 16] ISysAbstractDsfService : ***  8246142.1477  ***  ISysRteService initialization(sub) finished.
8246119 INFO  [si.isystem.eclipse.debug - 16] ISysAbstractDsfService : ***  8246142.1612  ***  ISysBreakpointService initialization(super) started.
8246119 INFO  [si.isystem.eclipse.debug - 16] ISysAbstractDsfService : ***  8246142.2574  ***  ISysBreakpointService initialization(super) finished.
8246119 INFO  [si.isystem.eclipse.debug - 16] ISysAbstractDsfService : ***  8246142.2668  ***  ISysBreakpointService initialization(main) started.
8246119 INFO  [si.isystem.eclipse.debug - 16] ISysAbstractDsfService : ***  8246142.3425  ***  ISysBreakpointService specified as service event listener (method: eventDispatched)
8246119 INFO  [si.isystem.eclipse.debug - 16] ISysAbstractDsfService : ***  8246142.3594  ***  ISysBreakpointService initialization(main) finished.
8246119 INFO  [si.isystem.eclipse.debug - 16] ISysAbstractDsfService : ***  8246142.3664  ***  ISysBreakpointService initialization(sub) finished.
8246120 INFO  [si.isystem.eclipse.debug - 16] ISysLaunch : ***  8246143.4348  ***  Services initialization sequence completed
8268672 INFO  [Worker-12: Command Executor Job] ISysAbstractDsfService : ***  8268695.1567  ***  ISysCommandControl command dequeued - exiting command processing loop
8268672 INFO  [si.isystem.eclipse.debug - 16] ISysAbstractCommand : ***  8268695.1897  ***  Processing the last command to be processed: si.isystem.dsf.control.commands.ISysCmdMiscTerminateDebugger
8268672 INFO  [si.isystem.eclipse.debug - 16] ISysAbstractDsfService : ***  8268695.2532  ***  Command Control was shut down - cancelling remaining commands in queue.
8268672 INFO  [si.isystem.eclipse.debug - 16] ISysAbstractDsfService : ***  8268695.2694  ***  Command Controll queue is empty and closed.
8268672 INFO  [si.isystem.eclipse.debug - 16] ISysAbstractDsfService : ***  8268695.5521  ***  ISysBreakpointService shutdown(super) started.
8268672 INFO  [si.isystem.eclipse.debug - 16] ISysAbstractDsfService : ***  8268695.5795  ***  ISysBreakpointService shutdown(super) finished.
8268672 INFO  [si.isystem.eclipse.debug - 16] ISysAbstractDsfService : ***  8268695.5894  ***  ISysBreakpointService shutdown(main) started.
8268672 INFO  [si.isystem.eclipse.debug - 16] ISysAbstractDsfService : ***  8268695.6004  ***  ISysBreakpointService removed from service event listener list
8268672 INFO  [si.isystem.eclipse.debug - 16] ISysAbstractDsfService : ***  8268695.7382  ***  ISysBreakpointService shutdown(main) finished.
8268672 INFO  [si.isystem.eclipse.debug - 16] ISysAbstractDsfService : ***  8268695.7537  ***  ISysBreakpointService shutdown(sub) finished.
8268672 INFO  [si.isystem.eclipse.debug - 16] ISysAbstractDsfService : ***  8268695.7714  ***  ISysRteService shutdown(super) started.
8268672 INFO  [si.isystem.eclipse.debug - 16] ISysAbstractDsfService : ***  8268695.792  ***  ISysRteService shutdown(super) finished.
8268672 INFO  [si.isystem.eclipse.debug - 16] ISysAbstractDsfService : ***  8268695.8017  ***  ISysRteService shutdown(main) started.
8268673 INFO  [si.isystem.eclipse.debug - 16] ISysAbstractDsfService : ***  8268695.8176  ***  ISysRteService removed from service event listener list
8268673 INFO  [si.isystem.eclipse.debug - 16] ISysAbstractDsfService : ***  8268695.9216  ***  ISysRteService shutdown(main) finished.
8268673 INFO  [si.isystem.eclipse.debug - 16] ISysAbstractDsfService : ***  8268695.9699  ***  ISysRteService shutdown(sub) finished.
8268673 INFO  [si.isystem.eclipse.debug - 16] ISysAbstractDsfService : ***  8268695.9897  ***  ISysSfrService shutdown(super) started.
8268673 INFO  [si.isystem.eclipse.debug - 16] ISysAbstractDsfService : ***  8268696.009  ***  ISysSfrService shutdown(super) finished.
8268673 INFO  [si.isystem.eclipse.debug - 16] ISysAbstractDsfService : ***  8268696.0183  ***  ISysSfrService shutdown(main) started.
8268673 INFO  [si.isystem.eclipse.debug - 16] ISysAbstractDsfService : ***  8268696.0276  ***  ISysSfrService removed from service event listener list
8268673 INFO  [si.isystem.eclipse.debug - 16] ISysAbstractDsfService : ***  8268696.1353  ***  ISysSfrService shutdown(main) finished.
8268673 INFO  [si.isystem.eclipse.debug - 16] ISysAbstractDsfService : ***  8268696.1621  ***  ISysSfrService shutdown(sub) finished.
8268673 INFO  [si.isystem.eclipse.debug - 16] ISysAbstractDsfService : ***  8268696.1798  ***  ISysDisassemblyService shutdown(super) started.
8268673 INFO  [si.isystem.eclipse.debug - 16] ISysAbstractDsfService : ***  8268696.1974  ***  ISysDisassemblyService shutdown(super) finished.
8268673 INFO  [si.isystem.eclipse.debug - 16] ISysAbstractDsfService : ***  8268696.2071  ***  ISysDisassemblyService shutdown(main) started.
8268673 INFO  [si.isystem.eclipse.debug - 16] ISysAbstractDsfService : ***  8268696.3254  ***  ISysDisassemblyService shutdown(main) finished.
8268673 INFO  [si.isystem.eclipse.debug - 16] ISysAbstractDsfService : ***  8268696.3372  ***  ISysDisassemblyService shutdown(sub) finished.
8268673 INFO  [si.isystem.eclipse.debug - 16] ISysAbstractDsfService : ***  8268696.3537  ***  ISysRegistersService shutdown(super) started.
8268673 INFO  [si.isystem.eclipse.debug - 16] ISysAbstractDsfService : ***  8268696.3689  ***  ISysRegistersService shutdown(super) finished.
8268673 INFO  [si.isystem.eclipse.debug - 16] ISysAbstractDsfService : ***  8268696.3781  ***  ISysRegistersService shutdown(main) started.
8268673 INFO  [si.isystem.eclipse.debug - 16] ISysAbstractDsfService : ***  8268696.387  ***  ISysRegistersService removed from service event listener list
8268673 INFO  [si.isystem.eclipse.debug - 16] ISysAbstractDsfService : ***  8268696.5249  ***  ISysRegistersService shutdown(main) finished.
8268673 INFO  [si.isystem.eclipse.debug - 16] ISysAbstractDsfService : ***  8268696.5374  ***  ISysRegistersService shutdown(sub) finished.
8268673 INFO  [si.isystem.eclipse.debug - 16] ISysAbstractDsfService : ***  8268696.5525  ***  ISysExpressionsService shutdown(super) started.
8268673 INFO  [si.isystem.eclipse.debug - 16] ISysAbstractDsfService : ***  8268696.5698  ***  ISysExpressionsService shutdown(super) finished.
8268673 INFO  [si.isystem.eclipse.debug - 16] ISysAbstractDsfService : ***  8268696.5797  ***  ISysExpressionsService shutdown(main) started.
8268673 INFO  [si.isystem.eclipse.debug - 16] ISysAbstractDsfService : ***  8268696.5887  ***  ISysExpressionsService removed from service event listener list
8268673 INFO  [si.isystem.eclipse.debug - 16] ISysAbstractDsfService : ***  8268696.746  ***  ISysExpressionsService shutdown(main) finished.
8268673 INFO  [si.isystem.eclipse.debug - 16] ISysAbstractDsfService : ***  8268696.7586  ***  ISysExpressionsService shutdown(sub) finished.
8268673 INFO  [si.isystem.eclipse.debug - 16] ISysAbstractDsfService : ***  8268696.7749  ***  ISysSourceLookupService shutdown(super) started.
8268673 INFO  [si.isystem.eclipse.debug - 16] ISysAbstractDsfService : ***  8268696.7895  ***  ISysSourceLookupService shutdown(super) finished.
8268673 INFO  [si.isystem.eclipse.debug - 16] ISysAbstractDsfService : ***  8268696.7983  ***  ISysSourceLookupService shutdown(main) started.
8268674 INFO  [si.isystem.eclipse.debug - 16] ISysAbstractDsfService : ***  8268696.9022  ***  ISysSourceLookupService shutdown(main) finished.
8268674 INFO  [si.isystem.eclipse.debug - 16] ISysAbstractDsfService : ***  8268696.9179  ***  ISysSourceLookupService shutdown(sub) finished.
8268674 INFO  [si.isystem.eclipse.debug - 16] ISysAbstractDsfService : ***  8268696.9362  ***  ISysMemoryService shutdown(super) started.
8268674 INFO  [si.isystem.eclipse.debug - 16] ISysAbstractDsfService : ***  8268696.9527  ***  ISysMemoryService shutdown(super) finished.
8268674 INFO  [si.isystem.eclipse.debug - 16] ISysAbstractDsfService : ***  8268696.9624  ***  ISysMemoryService shutdown(main) started.
8268674 INFO  [si.isystem.eclipse.debug - 16] ISysAbstractDsfService : ***  8268696.9716  ***  ISysMemoryService removed from service event listener list
8268674 INFO  [si.isystem.eclipse.debug - 16] ISysAbstractDsfService : ***  8268697.0946  ***  ISysMemoryService shutdown(main) finished.
8268674 INFO  [si.isystem.eclipse.debug - 16] ISysAbstractDsfService : ***  8268697.1069  ***  ISysMemoryService shutdown(sub) finished.
8268674 INFO  [si.isystem.eclipse.debug - 16] ISysAbstractDsfService : ***  8268697.1194  ***  ISysStackService shutdown(super) started.
8268674 INFO  [si.isystem.eclipse.debug - 16] ISysAbstractDsfService : ***  8268697.1349  ***  ISysStackService shutdown(super) finished.
8268674 INFO  [si.isystem.eclipse.debug - 16] ISysAbstractDsfService : ***  8268697.144  ***  ISysStackService shutdown(main) started.
8268674 INFO  [si.isystem.eclipse.debug - 16] ISysAbstractDsfService : ***  8268697.1529  ***  ISysStackService removed from service event listener list
8268674 INFO  [si.isystem.eclipse.debug - 16] ISysAbstractDsfService : ***  8268697.2656  ***  ISysStackService shutdown(main) finished.
8268674 INFO  [si.isystem.eclipse.debug - 16] ISysAbstractDsfService : ***  8268697.2779  ***  ISysStackService shutdown(sub) finished.
8268674 INFO  [si.isystem.eclipse.debug - 16] ISysAbstractDsfService : ***  8268697.2901  ***  ISysRunControl shutdown(super) started.
8268674 INFO  [si.isystem.eclipse.debug - 16] ISysAbstractDsfService : ***  8268697.3046  ***  ISysRunControl shutdown(super) finished.
8268674 INFO  [si.isystem.eclipse.debug - 16] ISysAbstractDsfService : ***  8268697.3143  ***  ISysRunControl shutdown(main) started.
8268674 INFO  [si.isystem.eclipse.debug - 16] ISysAbstractDsfService : ***  8268697.3237  ***  ISysRunControl removed from service event listener list
8268674 INFO  [si.isystem.eclipse.debug - 16] ISysAbstractDsfService : ***  8268697.4387  ***  ISysRunControl shutdown(main) finished.
8268674 INFO  [si.isystem.eclipse.debug - 16] ISysAbstractDsfService : ***  8268697.4506  ***  ISysRunControl shutdown(sub) finished.
8268674 INFO  [si.isystem.eclipse.debug - 16] ISysAbstractDsfService : ***  8268697.4628  ***  ISysCommandControl shutdown(super) started.
8268674 INFO  [si.isystem.eclipse.debug - 16] ISysAbstractDsfService : ***  8268697.4779  ***  ISysCommandControl shutdown(super) finished.
8268674 INFO  [si.isystem.eclipse.debug - 16] ISysAbstractDsfService : ***  8268697.4869  ***  ISysCommandControl shutdown(main) started.
8268674 INFO  [si.isystem.eclipse.debug - 16] ISysAbstractDsfService : ***  8268697.6377  ***  ISysCommandControl shutdown(main) finished.
8268674 INFO  [si.isystem.eclipse.debug - 16] ISysAbstractDsfService : ***  8268697.6543  ***  ISysCommandControl shutdown(sub) finished.
8268674 INFO  [si.isystem.eclipse.debug - 16] ISysAbstractDsfService : ***  8268697.6724  ***  ISysConnectionService shutdown(super) started.
8268674 INFO  [si.isystem.eclipse.debug - 16] IConnectProxy : ***  8268697.7241  ***  Shutting down iConnect for cores: [I@f6aeef7
8268674 INFO  [si.isystem.eclipse.debug - 16] IConnectProxy : ***  8268697.7431  ***  Disconnecting from and closing winIDEA on core 0.
8268727 INFO  [si.isystem.eclipse.debug - 16] ISysAbstractDsfService : ***  8268750.0467  ***  ISysConnectionService shutdown(super) finished.
8268727 INFO  [si.isystem.eclipse.debug - 16] ISysAbstractDsfService : ***  8268750.1062  ***  ISysConnectionService shutdown(main) started.
8268727 INFO  [si.isystem.eclipse.debug - 16] ISysAbstractDsfService : ***  8268750.1222  ***  ISysConnectionService shutdown(main) finished.
8268727 INFO  [si.isystem.eclipse.debug - 16] ISysAbstractDsfService : ***  8268750.132  ***  ISysConnectionService shutdown(sub) finished.
8268727 INFO  [si.isystem.eclipse.debug - 16] ISysLaunch : ***  8268750.1724  ***  Debug services shutdown completed.
11399279 INFO  [si.isystem.eclipse.debug - 17] ISysAbstractDsfService : ***  1.1399302204E7  ***  ISysConnectionService initialization(super) started.
11399279 INFO  [si.isystem.eclipse.debug - 17] IConLaunchManager : ***  1.13993024543E7  ***  
Starting debug session using launch configuration paramenters: 
 - Launch name = 'IO_Port_Test1 TriCore Debug (TASKING)'
 - Project name = 'IO_Port_Test1'
 - Project path = 'D:/Project/Aurix-TC275/IO_Port_Test1'
 - Output file = 'TriCore Debug (TASKING)/IO_Port_Test1.elf'
 - Stop on startup = 'true'
 - Stop on startup location = 'core0_main'
 - Verbose mode = false' - winIDEA visible = 'false'
 - Bring winIDEA to top = 'true'
 - Verify download = 'true'
 - Analyze source files = 'false'
 - Shutdown winIDEA at terminate session = 'true'
 - winIDEA workspace path = '.ads/winIDEAWorkspaces/TriCore-Debug-(TASKING)/ADS.xjrf'
 - full winIDEA workspace path = 'D:\Project\Aurix-TC275\IO_Port_Test1\.ads\winIDEAWorkspaces\TriCore-Debug-(TASKING)\ADS.xjrf'
 - Device = 'TC275T'
 - Hardware = 'IFX_DAS'
 - Communication = 'USB'
 - Hardware debugger = ''
 - Image check = 'Default'
 - Create SMP = 'true'
 - After download action = 'none'
 - After download symbol = ''

11399279 INFO  [si.isystem.eclipse.debug - 17] ISysSessionManager : ***  1.13993025601E7  ***  Setting winIDEA workspace path to 'D:\Project\Aurix-TC275\IO_Port_Test1\.ads\winIDEAWorkspaces\TriCore-Debug-(TASKING)\ADS.xjrf'
11399279 INFO  [si.isystem.eclipse.debug - 17] ISysSessionManager : ***  1.13993026738E7  ***  Connecting to winIDEA 'C:\Infineon\AURIX-Studio-1.10.16\winIDEA\' with workspace 'D:\Project\Aurix-TC275\IO_Port_Test1\.ads\winIDEAWorkspaces\TriCore-Debug-(TASKING)\ADS.xjrf', winIDEA-ID: 'com.tasking.winIDEA.instance.id-IO_Port_Test1 TriCore Debug (TASKING)', visible: false, CLI args: '/HideCrashDumpMessage'
11400037 INFO  [si.isystem.eclipse.debug - 17] ISysSessionManager : ***  1.14000600353E7  ***  Connected to winIDEA and setup workspace.
11400037 INFO  [si.isystem.eclipse.debug - 17] ISysSessionManager : ***  1.14000600831E7  ***  Version of isystem.connect for Java: 9.21.334.0
11400037 INFO  [si.isystem.eclipse.debug - 17] ISysSessionManager : ***  1.14000601189E7  ***  Version of isystem.connect DLL: 9.21.334.0.0
11400037 INFO  [si.isystem.eclipse.debug - 17] ISysSessionManager : ***  1.1400060437299E7  ***  Version of winIDEA: 9.21.338.0.218131
11400037 INFO  [si.isystem.eclipse.debug - 17] ISysSessionManager : ***  1.14000604561E7  ***  Downloading ...
11401406 INFO  [si.isystem.eclipse.debug - 17] ISysSessionManager : ***  1.14014295661E7  ***  Downloading finished.
11401463 INFO  [si.isystem.eclipse.debug - 17] IConLaunchManager : ***  1.14014859451E7  ***  Connected to target.
11401463 INFO  [si.isystem.eclipse.debug - 17] IConLaunchManager : ***  1.1401485984E7  ***  Log level set to INFO
11401580 INFO  [si.isystem.eclipse.debug - 17] ISysAbstractDsfService : ***  1.14016037365E7  ***  ISysConnectionService initialization(super) finished.
11401580 INFO  [si.isystem.eclipse.debug - 17] ISysAbstractDsfService : ***  1.14016037902E7  ***  ISysConnectionService initialization(main) started.
11401580 INFO  [si.isystem.eclipse.debug - 17] ISysAbstractDsfService : ***  1.14016039909E7  ***  ISysConnectionService initialization(main) finished.
11401580 INFO  [si.isystem.eclipse.debug - 17] ISysAbstractDsfService : ***  1.14016040035E7  ***  ISysConnectionService initialization(sub) finished.
11401580 INFO  [si.isystem.eclipse.debug - 17] ISysAbstractDsfService : ***  1.14016040234E7  ***  ISysCommandControl initialization(super) started.
11401581 INFO  [Worker-14: Command Executor Job] ISysAbstractDsfService : ***  1.14016041803E7  ***  Command Executor Job started.
11401581 INFO  [si.isystem.eclipse.debug - 17] ISysAbstractDsfService : ***  1.14016042243E7  ***  ISysCommandControl initialization(super) finished.
11401581 INFO  [si.isystem.eclipse.debug - 17] ISysAbstractDsfService : ***  1.1401604236399E7  ***  ISysCommandControl initialization(main) started.
11401581 INFO  [si.isystem.eclipse.debug - 17] ISysAbstractDsfService : ***  1.1401604351499E7  ***  ISysCommandControl initialization(main) finished.
11401581 INFO  [si.isystem.eclipse.debug - 17] ISysAbstractDsfService : ***  1.14016043748E7  ***  ISysCommandControl initialization(sub) finished.
11401581 INFO  [si.isystem.eclipse.debug - 17] ISysAbstractDsfService : ***  1.1401604406499E7  ***  ISysRunControl initialization(super) started.
11401582 INFO  [si.isystem.eclipse.debug - 17] ISysAbstractDsfService : ***  1.1401605849299E7  ***  ISysRunControl initialization(super) finished.
11401582 INFO  [si.isystem.eclipse.debug - 17] ISysAbstractDsfService : ***  1.14016058677E7  ***  ISysRunControl initialization(main) started.
11401582 INFO  [si.isystem.eclipse.debug - 17] ISysAbstractDsfService : ***  1.1401606127399E7  ***  ISysRunControl specified as service event listener (method: eventDispatched)
11401583 INFO  [si.isystem.eclipse.debug - 17] ISysAbstractDsfService : ***  1.14016061708E7  ***  ISysRunControl initialization(main) finished.
11401583 INFO  [si.isystem.eclipse.debug - 17] ISysAbstractDsfService : ***  1.1401607127899E7  ***  ISysRunControl initialization(sub) finished.
11401584 INFO  [si.isystem.eclipse.debug - 17] ISysAbstractDsfService : ***  1.14016071738E7  ***  ISysStackService initialization(super) started.
11401584 INFO  [si.isystem.eclipse.debug - 17] ISysAbstractDsfService : ***  1.1401607377699E7  ***  ISysStackService initialization(super) finished.
11401584 INFO  [si.isystem.eclipse.debug - 17] ISysAbstractDsfService : ***  1.14016073893E7  ***  ISysStackService initialization(main) started.
11401584 INFO  [si.isystem.eclipse.debug - 17] ISysAbstractDsfService : ***  1.14016075272E7  ***  ISysStackService specified as service event listener (method: eventDispatched)
11401584 INFO  [si.isystem.eclipse.debug - 17] ISysAbstractDsfService : ***  1.1401607556899E7  ***  ISysStackService initialization(main) finished.
11401584 INFO  [si.isystem.eclipse.debug - 17] ISysAbstractDsfService : ***  1.14016075657E7  ***  ISysStackService initialization(sub) finished.
11401584 INFO  [si.isystem.eclipse.debug - 17] ISysAbstractDsfService : ***  1.1401607578899E7  ***  ISysMemoryService initialization(super) started.
11401584 INFO  [si.isystem.eclipse.debug - 17] ISysAbstractDsfService : ***  1.14016076129E7  ***  Starting Memory Service sub-initialization sequence.
11401584 INFO  [si.isystem.eclipse.debug - 17] ISysAbstractDsfService : ***  1.14016076218E7  ***  ISysMemoryService initialization(super) finished.
11401584 INFO  [si.isystem.eclipse.debug - 17] ISysAbstractDsfService : ***  1.14016076272E7  ***  ISysMemoryService initialization(main) started.
11401584 INFO  [si.isystem.eclipse.debug - 17] ISysAbstractDsfService : ***  1.14016076871E7  ***  ISysMemoryService specified as service event listener (method: eventDispatched)
11401584 INFO  [si.isystem.eclipse.debug - 17] ISysAbstractDsfService : ***  1.14016076998E7  ***  ISysMemoryService initialization(main) finished.
11401584 INFO  [si.isystem.eclipse.debug - 17] ISysAbstractDsfService : ***  1.1401607717399E7  ***  Initializing Memory Service block retrieval.
11401585 INFO  [si.isystem.eclipse.debug - 17] ISysAbstractDsfService : ***  1.14016091467E7  ***  Memory Service block retrieval initialized.
11401586 INFO  [si.isystem.eclipse.debug - 17] ISysAbstractDsfService : ***  1.14016091949E7  ***  Loading memory area properties.
11401587 INFO  [si.isystem.eclipse.debug - 17] ISysAbstractDsfService : ***  1.1401610520999E7  ***  Adding 1 memory blocks.
11401587 INFO  [si.isystem.eclipse.debug - 17] ISysAbstractDsfService : ***  1.14016105744E7  ***  Block 'Virtual' [00000000:ffffffff] MAU=8 visible
11401587 INFO  [si.isystem.eclipse.debug - 17] ISysAbstractDsfService : ***  1.1401610587E7  ***  Memory Service block retrieval initialized.
11401587 INFO  [si.isystem.eclipse.debug - 17] ISysAbstractDsfService : ***  1.14016106009E7  ***  Registering memory model adapter and service.
11401587 INFO  [si.isystem.eclipse.debug - 17] ISysAbstractDsfService : ***  1.14016109406E7  ***  Memory model adapter and service registered.
11401587 INFO  [si.isystem.eclipse.debug - 17] ISysAbstractDsfService : ***  1.14016109657E7  ***  ISysMemoryService initialization(sub) finished.
11401587 INFO  [si.isystem.eclipse.debug - 17] ISysAbstractDsfService : ***  1.1401610984899E7  ***  ISysSourceLookupService initialization(super) started.
11401587 INFO  [si.isystem.eclipse.debug - 17] ISysAbstractDsfService : ***  1.14016111251E7  ***  ISysSourceLookupService initialization(super) finished.
11401587 INFO  [si.isystem.eclipse.debug - 17] ISysAbstractDsfService : ***  1.14016111361E7  ***  ISysSourceLookupService initialization(main) started.
11401588 INFO  [si.isystem.eclipse.debug - 17] ISysAbstractDsfService : ***  1.1401611191E7  ***  ISysSourceLookupService initialization(main) finished.
11401588 INFO  [si.isystem.eclipse.debug - 17] ISysAbstractDsfService : ***  1.14016111997E7  ***  ISysSourceLookupService initialization(sub) finished.
11401588 INFO  [si.isystem.eclipse.debug - 17] ISysAbstractDsfService : ***  1.1401611211799E7  ***  ISysExpressionsService initialization(super) started.
11401588 INFO  [si.isystem.eclipse.debug - 17] ISysAbstractDsfService : ***  1.14016113452E7  ***  ISysExpressionsService initialization(super) finished.
11401588 INFO  [si.isystem.eclipse.debug - 17] ISysAbstractDsfService : ***  1.14016113557E7  ***  ISysExpressionsService initialization(main) started.
11401588 INFO  [si.isystem.eclipse.debug - 17] ISysAbstractDsfService : ***  1.14016114809E7  ***  ISysExpressionsService specified as service event listener (method: eventDispatched)
11401588 INFO  [si.isystem.eclipse.debug - 17] ISysAbstractDsfService : ***  1.14016114989E7  ***  ISysExpressionsService initialization(main) finished.
11401588 INFO  [si.isystem.eclipse.debug - 17] ISysAbstractDsfService : ***  1.14016115065E7  ***  ISysExpressionsService initialization(sub) finished.
11401588 INFO  [si.isystem.eclipse.debug - 17] ISysAbstractDsfService : ***  1.14016115194E7  ***  ISysRegistersService initialization(super) started.
11401588 INFO  [si.isystem.eclipse.debug - 17] ISysAbstractDsfService : ***  1.14016119838E7  ***  ISysRegistersService initialization(super) finished.
11401588 INFO  [si.isystem.eclipse.debug - 17] ISysAbstractDsfService : ***  1.14016119986E7  ***  ISysRegistersService initialization(main) started.
11401588 INFO  [si.isystem.eclipse.debug - 17] ISysAbstractDsfService : ***  1.14016120977E7  ***  ISysRegistersService specified as service event listener (method: eventDispatched)
11401588 INFO  [si.isystem.eclipse.debug - 17] ISysAbstractDsfService : ***  1.14016121146E7  ***  ISysRegistersService initialization(main) finished.
11401588 INFO  [si.isystem.eclipse.debug - 17] ISysAbstractDsfService : ***  1.14016121223E7  ***  ISysRegistersService initialization(sub) finished.
11401588 INFO  [si.isystem.eclipse.debug - 17] ISysAbstractDsfService : ***  1.14016121346E7  ***  ISysDisassemblyService initialization(super) started.
11401589 INFO  [si.isystem.eclipse.debug - 17] ISysAbstractDsfService : ***  1.14016123459E7  ***  ISysDisassemblyService initialization(super) finished.
11401589 INFO  [si.isystem.eclipse.debug - 17] ISysAbstractDsfService : ***  1.14016123582E7  ***  ISysDisassemblyService initialization(main) started.
11401589 INFO  [si.isystem.eclipse.debug - 17] ISysAbstractDsfService : ***  1.14016124044E7  ***  ISysDisassemblyService initialization(main) finished.
11401589 INFO  [si.isystem.eclipse.debug - 17] ISysAbstractDsfService : ***  1.1401612413E7  ***  ISysDisassemblyService initialization(sub) finished.
11401589 INFO  [si.isystem.eclipse.debug - 17] ISysAbstractDsfService : ***  1.1401612427699E7  ***  ISysSfrService initialization(super) started.
11401589 INFO  [si.isystem.eclipse.debug - 17] ISysAbstractDsfService : ***  1.1401612524299E7  ***  ISysSfrService initialization(super) finished.
11401589 INFO  [si.isystem.eclipse.debug - 17] ISysAbstractDsfService : ***  1.14016125342E7  ***  ISysSfrService initialization(main) started.
11401589 INFO  [si.isystem.eclipse.debug - 17] ISysAbstractDsfService : ***  1.14016125836E7  ***  ISysSfrService specified as service event listener (method: eventDispatched)
11401589 INFO  [si.isystem.eclipse.debug - 17] ISysAbstractDsfService : ***  1.14016125975E7  ***  ISysSfrService initialization(main) finished.
11402000 INFO  [si.isystem.eclipse.debug - 17] ISysAbstractDsfService : ***  1.14020237761E7  ***  ISysSfrService initialization(sub) finished.
11402003 INFO  [si.isystem.eclipse.debug - 17] ISysAbstractDsfService : ***  1.14020269158E7  ***  ISysRteService initialization(super) started.
11402003 INFO  [si.isystem.eclipse.debug - 17] ISysAbstractDsfService : ***  1.1402027114199E7  ***  ISysRteService initialization(super) finished.
11402003 INFO  [si.isystem.eclipse.debug - 17] ISysAbstractDsfService : ***  1.14020271255E7  ***  ISysRteService initialization(main) started.
11402003 INFO  [si.isystem.eclipse.debug - 17] ISysAbstractDsfService : ***  1.14020271946E7  ***  ISysRteService specified as service event listener (method: eventDispatched)
11402003 INFO  [si.isystem.eclipse.debug - 17] ISysAbstractDsfService : ***  1.1402027214599E7  ***  ISysRteService initialization(main) finished.
11402004 INFO  [si.isystem.eclipse.debug - 17] ISysAbstractDsfService : ***  1.14020272239E7  ***  ISysRteService initialization(sub) finished.
11402004 INFO  [si.isystem.eclipse.debug - 17] ISysAbstractDsfService : ***  1.14020272584E7  ***  ISysBreakpointService initialization(super) started.
11402004 INFO  [si.isystem.eclipse.debug - 17] ISysAbstractDsfService : ***  1.14020273712E7  ***  ISysBreakpointService initialization(super) finished.
11402004 INFO  [si.isystem.eclipse.debug - 17] ISysAbstractDsfService : ***  1.14020273801E7  ***  ISysBreakpointService initialization(main) started.
11402004 INFO  [si.isystem.eclipse.debug - 17] ISysAbstractDsfService : ***  1.14020274579E7  ***  ISysBreakpointService specified as service event listener (method: eventDispatched)
11402004 INFO  [si.isystem.eclipse.debug - 17] ISysAbstractDsfService : ***  1.14020274705E7  ***  ISysBreakpointService initialization(main) finished.
11402004 INFO  [si.isystem.eclipse.debug - 17] ISysAbstractDsfService : ***  1.1402027477E7  ***  ISysBreakpointService initialization(sub) finished.
11402005 INFO  [si.isystem.eclipse.debug - 17] ISysLaunch : ***  1.14020284593E7  ***  Services initialization sequence completed
11942386 INFO  [si.isystem.eclipse.debug - 17] ISysAbstractDsfService : ***  1.1942409468E7  ***  Suspend failed
si.isystem.exceptions.SException: Invalid execution context type: class si.isystem.dsf.model.dm.ISysDebuggerDmContext
	at si.isystem.dsf.services.ISysRunControl.getThreadContext(Unknown Source)
	at si.isystem.dsf.services.ISysRunControl.isSuspended(Unknown Source)
	at org.eclipse.cdt.dsf.debug.ui.viewmodel.launch.AbstractContainerVMNode.updatePropertiesInSessionThread(AbstractContainerVMNode.java:168)
	at si.isystem.dsf.model.vm.ISysDebuggerVmNode.updatePropertiesInSessionThread(Unknown Source)
	at org.eclipse.cdt.dsf.debug.ui.viewmodel.launch.AbstractContainerVMNode$2.run(AbstractContainerVMNode.java:138)
	at java.base/java.util.concurrent.Executors$RunnableAdapter.call(Executors.java:539)
	at java.base/java.util.concurrent.FutureTask.run(FutureTask.java:264)
	at java.base/java.util.concurrent.ScheduledThreadPoolExecutor$ScheduledFutureTask.run(ScheduledThreadPoolExecutor.java:304)
	at java.base/java.util.concurrent.ThreadPoolExecutor.runWorker(ThreadPoolExecutor.java:1136)
	at java.base/java.util.concurrent.ThreadPoolExecutor$Worker.run(ThreadPoolExecutor.java:635)
	at java.base/java.lang.Thread.run(Thread.java:840)
11942386 INFO  [si.isystem.eclipse.debug - 17] ISysAbstractDsfService : ***  1.19424096472E7  ***  Suspend failed
si.isystem.exceptions.SException: Invalid execution context type: class si.isystem.dsf.model.dm.ISysDebuggerDmContext
	at si.isystem.dsf.services.ISysRunControl.getThreadContext(Unknown Source)
	at si.isystem.dsf.services.ISysRunControl.isSuspended(Unknown Source)
	at org.eclipse.cdt.dsf.debug.ui.viewmodel.launch.AbstractContainerVMNode.updatePropertiesInSessionThread(AbstractContainerVMNode.java:168)
	at si.isystem.dsf.model.vm.ISysDebuggerVmNode.updatePropertiesInSessionThread(Unknown Source)
	at org.eclipse.cdt.dsf.debug.ui.viewmodel.launch.AbstractContainerVMNode$2.run(AbstractContainerVMNode.java:138)
	at java.base/java.util.concurrent.Executors$RunnableAdapter.call(Executors.java:539)
	at java.base/java.util.concurrent.FutureTask.run(FutureTask.java:264)
	at java.base/java.util.concurrent.ScheduledThreadPoolExecutor$ScheduledFutureTask.run(ScheduledThreadPoolExecutor.java:304)
	at java.base/java.util.concurrent.ThreadPoolExecutor.runWorker(ThreadPoolExecutor.java:1136)
	at java.base/java.util.concurrent.ThreadPoolExecutor$Worker.run(ThreadPoolExecutor.java:635)
	at java.base/java.lang.Thread.run(Thread.java:840)
11942386 INFO  [si.isystem.eclipse.debug - 17] ISysAbstractDsfService : ***  1.19424097108E7  ***  Suspend failed
si.isystem.exceptions.SException: Invalid execution context type: class si.isystem.dsf.model.dm.ISysDebuggerDmContext
	at si.isystem.dsf.services.ISysRunControl.getThreadContext(Unknown Source)
	at si.isystem.dsf.services.ISysRunControl.isSuspended(Unknown Source)
	at org.eclipse.cdt.dsf.debug.ui.viewmodel.launch.AbstractContainerVMNode.updatePropertiesInSessionThread(AbstractContainerVMNode.java:168)
	at si.isystem.dsf.model.vm.ISysDebuggerVmNode.updatePropertiesInSessionThread(Unknown Source)
	at org.eclipse.cdt.dsf.debug.ui.viewmodel.launch.AbstractContainerVMNode$2.run(AbstractContainerVMNode.java:138)
	at java.base/java.util.concurrent.Executors$RunnableAdapter.call(Executors.java:539)
	at java.base/java.util.concurrent.FutureTask.run(FutureTask.java:264)
	at java.base/java.util.concurrent.ScheduledThreadPoolExecutor$ScheduledFutureTask.run(ScheduledThreadPoolExecutor.java:304)
	at java.base/java.util.concurrent.ThreadPoolExecutor.runWorker(ThreadPoolExecutor.java:1136)
	at java.base/java.util.concurrent.ThreadPoolExecutor$Worker.run(ThreadPoolExecutor.java:635)
	at java.base/java.lang.Thread.run(Thread.java:840)
11942386 INFO  [si.isystem.eclipse.debug - 17] ISysAbstractDsfService : ***  1.19424097605E7  ***  Suspend failed
si.isystem.exceptions.SException: Invalid execution context type: class si.isystem.dsf.model.dm.ISysDebuggerDmContext
	at si.isystem.dsf.services.ISysRunControl.getThreadContext(Unknown Source)
	at si.isystem.dsf.services.ISysRunControl.isSuspended(Unknown Source)
	at org.eclipse.cdt.dsf.debug.ui.viewmodel.launch.AbstractContainerVMNode.updatePropertiesInSessionThread(AbstractContainerVMNode.java:168)
	at si.isystem.dsf.model.vm.ISysDebuggerVmNode.updatePropertiesInSessionThread(Unknown Source)
	at org.eclipse.cdt.dsf.debug.ui.viewmodel.launch.AbstractContainerVMNode$2.run(AbstractContainerVMNode.java:138)
	at java.base/java.util.concurrent.Executors$RunnableAdapter.call(Executors.java:539)
	at java.base/java.util.concurrent.FutureTask.run(FutureTask.java:264)
	at java.base/java.util.concurrent.ScheduledThreadPoolExecutor$ScheduledFutureTask.run(ScheduledThreadPoolExecutor.java:304)
	at java.base/java.util.concurrent.ThreadPoolExecutor.runWorker(ThreadPoolExecutor.java:1136)
	at java.base/java.util.concurrent.ThreadPoolExecutor$Worker.run(ThreadPoolExecutor.java:635)
	at java.base/java.lang.Thread.run(Thread.java:840)
12083276 ERROR [si.isystem.eclipse.debug - 17] ISysAbstractDsfService : Resume failed
si.isystem.exceptions.SException: Invalid execution context type: class si.isystem.dsf.model.dm.ISysDebuggerDmContext
	at si.isystem.dsf.services.ISysRunControl.getThreadContext(Unknown Source)
	at si.isystem.dsf.services.ISysRunControl.canResume(Unknown Source)
	at si.isystem.dsf.services.ISysRunControl.canResume(Unknown Source)
	at org.eclipse.cdt.dsf.debug.ui.actions.DsfResumeCommand$2.doExecute(DsfResumeCommand.java:85)
	at org.eclipse.cdt.dsf.debug.ui.actions.DsfCommandRunnable.run(DsfCommandRunnable.java:120)
	at java.base/java.util.concurrent.Executors$RunnableAdapter.call(Executors.java:539)
	at java.base/java.util.concurrent.FutureTask.run(FutureTask.java:264)
	at java.base/java.util.concurrent.ScheduledThreadPoolExecutor$ScheduledFutureTask.run(ScheduledThreadPoolExecutor.java:304)
	at java.base/java.util.concurrent.ThreadPoolExecutor.runWorker(ThreadPoolExecutor.java:1136)
	at java.base/java.util.concurrent.ThreadPoolExecutor$Worker.run(ThreadPoolExecutor.java:635)
	at java.base/java.lang.Thread.run(Thread.java:840)
12083277 ERROR [si.isystem.eclipse.debug - 17] ISysAbstractDsfService : Step failed
si.isystem.exceptions.SException: Invalid execution context type: class si.isystem.dsf.model.dm.ISysDebuggerDmContext
	at si.isystem.dsf.services.ISysRunControl.getThreadContext(Unknown Source)
	at si.isystem.dsf.services.ISysRunControl.canStep(Unknown Source)
	at si.isystem.dsf.services.ISysRunControl.canStep(Unknown Source)
	at org.eclipse.cdt.dsf.debug.ui.viewmodel.SteppingController.canEnqueueStep(SteppingController.java:353)
	at org.eclipse.cdt.dsf.debug.ui.actions.DsfStepOverCommand$1.doExecute(DsfStepOverCommand.java:69)
	at org.eclipse.cdt.dsf.debug.ui.actions.DsfCommandRunnable.run(DsfCommandRunnable.java:120)
	at java.base/java.util.concurrent.Executors$RunnableAdapter.call(Executors.java:539)
	at java.base/java.util.concurrent.FutureTask.run(FutureTask.java:264)
	at java.base/java.util.concurrent.ScheduledThreadPoolExecutor$ScheduledFutureTask.run(ScheduledThreadPoolExecutor.java:304)
	at java.base/java.util.concurrent.ThreadPoolExecutor.runWorker(ThreadPoolExecutor.java:1136)
	at java.base/java.util.concurrent.ThreadPoolExecutor$Worker.run(ThreadPoolExecutor.java:635)
	at java.base/java.lang.Thread.run(Thread.java:840)
12083277 ERROR [si.isystem.eclipse.debug - 17] ISysAbstractDsfService : Suspend failed
si.isystem.exceptions.SException: Invalid execution context type: class si.isystem.dsf.model.dm.ISysDebuggerDmContext
	at si.isystem.dsf.services.ISysRunControl.getThreadContext(Unknown Source)
	at si.isystem.dsf.services.ISysRunControl.canSuspend(Unknown Source)
	at si.isystem.dsf.services.ISysRunControl.canSuspend(Unknown Source)
	at org.eclipse.cdt.dsf.debug.ui.actions.DsfSuspendCommand$2.doExecute(DsfSuspendCommand.java:84)
	at org.eclipse.cdt.dsf.debug.ui.actions.DsfCommandRunnable.run(DsfCommandRunnable.java:120)
	at java.base/java.util.concurrent.Executors$RunnableAdapter.call(Executors.java:539)
	at java.base/java.util.concurrent.FutureTask.run(FutureTask.java:264)
	at java.base/java.util.concurrent.ScheduledThreadPoolExecutor$ScheduledFutureTask.run(ScheduledThreadPoolExecutor.java:304)
	at java.base/java.util.concurrent.ThreadPoolExecutor.runWorker(ThreadPoolExecutor.java:1136)
	at java.base/java.util.concurrent.ThreadPoolExecutor$Worker.run(ThreadPoolExecutor.java:635)
	at java.base/java.lang.Thread.run(Thread.java:840)
12083277 ERROR [si.isystem.eclipse.debug - 17] ISysAbstractDsfService : Step failed
si.isystem.exceptions.SException: Invalid execution context type: class si.isystem.dsf.model.dm.ISysDebuggerDmContext
	at si.isystem.dsf.services.ISysRunControl.getThreadContext(Unknown Source)
	at si.isystem.dsf.services.ISysRunControl.canStep(Unknown Source)
	at si.isystem.dsf.services.ISysRunControl.canStep(Unknown Source)
	at org.eclipse.cdt.dsf.debug.ui.viewmodel.SteppingController.canEnqueueStep(SteppingController.java:353)
	at org.eclipse.cdt.dsf.debug.ui.actions.DsfStepIntoCommand$1.doExecute(DsfStepIntoCommand.java:68)
	at org.eclipse.cdt.dsf.debug.ui.actions.DsfCommandRunnable.run(DsfCommandRunnable.java:120)
	at java.base/java.util.concurrent.Executors$RunnableAdapter.call(Executors.java:539)
	at java.base/java.util.concurrent.FutureTask.run(FutureTask.java:264)
	at java.base/java.util.concurrent.ScheduledThreadPoolExecutor$ScheduledFutureTask.run(ScheduledThreadPoolExecutor.java:304)
	at java.base/java.util.concurrent.ThreadPoolExecutor.runWorker(ThreadPoolExecutor.java:1136)
	at java.base/java.util.concurrent.ThreadPoolExecutor$Worker.run(ThreadPoolExecutor.java:635)
	at java.base/java.lang.Thread.run(Thread.java:840)
12083278 ERROR [si.isystem.eclipse.debug - 17] ISysAbstractDsfService : Step failed
si.isystem.exceptions.SException: Invalid execution context type: class si.isystem.dsf.model.dm.ISysDebuggerDmContext
	at si.isystem.dsf.services.ISysRunControl.getThreadContext(Unknown Source)
	at si.isystem.dsf.services.ISysRunControl.canStep(Unknown Source)
	at si.isystem.dsf.services.ISysRunControl.canStep(Unknown Source)
	at org.eclipse.cdt.dsf.debug.ui.viewmodel.SteppingController.canEnqueueStep(SteppingController.java:353)
	at org.eclipse.cdt.dsf.debug.ui.actions.DsfStepReturnCommand$1.doExecute(DsfStepReturnCommand.java:65)
	at org.eclipse.cdt.dsf.debug.ui.actions.DsfCommandRunnable.run(DsfCommandRunnable.java:120)
	at java.base/java.util.concurrent.Executors$RunnableAdapter.call(Executors.java:539)
	at java.base/java.util.concurrent.FutureTask.run(FutureTask.java:264)
	at java.base/java.util.concurrent.ScheduledThreadPoolExecutor$ScheduledFutureTask.run(ScheduledThreadPoolExecutor.java:304)
	at java.base/java.util.concurrent.ThreadPoolExecutor.runWorker(ThreadPoolExecutor.java:1136)
	at java.base/java.util.concurrent.ThreadPoolExecutor$Worker.run(ThreadPoolExecutor.java:635)
	at java.base/java.lang.Thread.run(Thread.java:840)
12085442 INFO  [Worker-14: Command Executor Job] ISysAbstractDsfService : ***  1.20854651884E7  ***  ISysCommandControl command dequeued - exiting command processing loop
12085442 INFO  [si.isystem.eclipse.debug - 17] ISysAbstractCommand : ***  1.20854652018E7  ***  Processing the last command to be processed: si.isystem.dsf.control.commands.ISysCmdMiscTerminateDebugger
12085442 INFO  [si.isystem.eclipse.debug - 17] ISysAbstractDsfService : ***  1.20854652458E7  ***  Command Control was shut down - cancelling remaining commands in queue.
12085442 INFO  [si.isystem.eclipse.debug - 17] ISysAbstractDsfService : ***  1.20854652583E7  ***  Command Controll queue is empty and closed.
12085442 INFO  [si.isystem.eclipse.debug - 17] ISysAbstractDsfService : ***  1.20854654951E7  ***  ISysBreakpointService shutdown(super) started.
12085442 INFO  [si.isystem.eclipse.debug - 17] ISysAbstractDsfService : ***  1.20854655179E7  ***  ISysBreakpointService shutdown(super) finished.
12085442 INFO  [si.isystem.eclipse.debug - 17] ISysAbstractDsfService : ***  1.20854655254E7  ***  ISysBreakpointService shutdown(main) started.
12085442 INFO  [si.isystem.eclipse.debug - 17] ISysAbstractDsfService : ***  1.20854655343E7  ***  ISysBreakpointService removed from service event listener list
12085443 INFO  [si.isystem.eclipse.debug - 17] ISysAbstractDsfService : ***  1.20854656256E7  ***  ISysBreakpointService shutdown(main) finished.
12085443 INFO  [si.isystem.eclipse.debug - 17] ISysAbstractDsfService : ***  1.20854656347E7  ***  ISysBreakpointService shutdown(sub) finished.
12085443 INFO  [si.isystem.eclipse.debug - 17] ISysAbstractDsfService : ***  1.20854656488E7  ***  ISysRteService shutdown(super) started.
12085443 INFO  [si.isystem.eclipse.debug - 17] ISysAbstractDsfService : ***  1.20854656643E7  ***  ISysRteService shutdown(super) finished.
12085443 INFO  [si.isystem.eclipse.debug - 17] ISysAbstractDsfService : ***  1.20854656703E7  ***  ISysRteService shutdown(main) started.
12085443 INFO  [si.isystem.eclipse.debug - 17] ISysAbstractDsfService : ***  1.20854656771E7  ***  ISysRteService removed from service event listener list
12085443 INFO  [si.isystem.eclipse.debug - 17] ISysAbstractDsfService : ***  1.20854657446E7  ***  ISysRteService shutdown(main) finished.
12085443 INFO  [si.isystem.eclipse.debug - 17] ISysAbstractDsfService : ***  1.20854657837E7  ***  ISysRteService shutdown(sub) finished.
12085443 INFO  [si.isystem.eclipse.debug - 17] ISysAbstractDsfService : ***  1.20854658003E7  ***  ISysSfrService shutdown(super) started.
12085443 INFO  [si.isystem.eclipse.debug - 17] ISysAbstractDsfService : ***  1.20854658159E7  ***  ISysSfrService shutdown(super) finished.
12085443 INFO  [si.isystem.eclipse.debug - 17] ISysAbstractDsfService : ***  1.20854658227E7  ***  ISysSfrService shutdown(main) started.
12085443 INFO  [si.isystem.eclipse.debug - 17] ISysAbstractDsfService : ***  1.20854658316E7  ***  ISysSfrService removed from service event listener list
12085443 INFO  [si.isystem.eclipse.debug - 17] ISysAbstractDsfService : ***  1.20854659083E7  ***  ISysSfrService shutdown(main) finished.
12085443 INFO  [si.isystem.eclipse.debug - 17] ISysAbstractDsfService : ***  1.2085465931E7  ***  ISysSfrService shutdown(sub) finished.
12085443 INFO  [si.isystem.eclipse.debug - 17] ISysAbstractDsfService : ***  1.20854659441E7  ***  ISysDisassemblyService shutdown(super) started.
12085443 INFO  [si.isystem.eclipse.debug - 17] ISysAbstractDsfService : ***  1.2085465957E7  ***  ISysDisassemblyService shutdown(super) finished.
12085443 INFO  [si.isystem.eclipse.debug - 17] ISysAbstractDsfService : ***  1.20854659633E7  ***  ISysDisassemblyService shutdown(main) started.
12085443 INFO  [si.isystem.eclipse.debug - 17] ISysAbstractDsfService : ***  1.20854660454E7  ***  ISysDisassemblyService shutdown(main) finished.
12085443 INFO  [si.isystem.eclipse.debug - 17] ISysAbstractDsfService : ***  1.20854660536E7  ***  ISysDisassemblyService shutdown(sub) finished.
12085443 INFO  [si.isystem.eclipse.debug - 17] ISysAbstractDsfService : ***  1.20854660652E7  ***  ISysRegistersService shutdown(super) started.
12085443 INFO  [si.isystem.eclipse.debug - 17] ISysAbstractDsfService : ***  1.20854660757E7  ***  ISysRegistersService shutdown(super) finished.
12085443 INFO  [si.isystem.eclipse.debug - 17] ISysAbstractDsfService : ***  1.20854660819E7  ***  ISysRegistersService shutdown(main) started.
12085443 INFO  [si.isystem.eclipse.debug - 17] ISysAbstractDsfService : ***  1.2085466088E7  ***  ISysRegistersService removed from service event listener list
12085443 INFO  [si.isystem.eclipse.debug - 17] ISysAbstractDsfService : ***  1.20854661888E7  ***  ISysRegistersService shutdown(main) finished.
12085443 INFO  [si.isystem.eclipse.debug - 17] ISysAbstractDsfService : ***  1.20854661981E7  ***  ISysRegistersService shutdown(sub) finished.
12085443 INFO  [si.isystem.eclipse.debug - 17] ISysAbstractDsfService : ***  1.20854662087E7  ***  ISysExpressionsService shutdown(super) started.
12085443 INFO  [si.isystem.eclipse.debug - 17] ISysAbstractDsfService : ***  1.20854662194E7  ***  ISysExpressionsService shutdown(super) finished.
12085443 INFO  [si.isystem.eclipse.debug - 17] ISysAbstractDsfService : ***  1.20854662256E7  ***  ISysExpressionsService shutdown(main) started.
12085443 INFO  [si.isystem.eclipse.debug - 17] ISysAbstractDsfService : ***  1.20854662317E7  ***  ISysExpressionsService removed from service event listener list
12085443 INFO  [si.isystem.eclipse.debug - 17] ISysAbstractDsfService : ***  1.2085466342E7  ***  ISysExpressionsService shutdown(main) finished.
12085443 INFO  [si.isystem.eclipse.debug - 17] ISysAbstractDsfService : ***  1.20854663508E7  ***  ISysExpressionsService shutdown(sub) finished.
12085443 INFO  [si.isystem.eclipse.debug - 17] ISysAbstractDsfService : ***  1.20854663623E7  ***  ISysSourceLookupService shutdown(super) started.
12085443 INFO  [si.isystem.eclipse.debug - 17] ISysAbstractDsfService : ***  1.20854663726E7  ***  ISysSourceLookupService shutdown(super) finished.
12085443 INFO  [si.isystem.eclipse.debug - 17] ISysAbstractDsfService : ***  1.20854663788E7  ***  ISysSourceLookupService shutdown(main) started.
12085443 INFO  [si.isystem.eclipse.debug - 17] ISysAbstractDsfService : ***  1.20854664519E7  ***  ISysSourceLookupService shutdown(main) finished.
12085443 INFO  [si.isystem.eclipse.debug - 17] ISysAbstractDsfService : ***  1.20854664605E7  ***  ISysSourceLookupService shutdown(sub) finished.
12085443 INFO  [si.isystem.eclipse.debug - 17] ISysAbstractDsfService : ***  1.20854665192E7  ***  ISysMemoryService shutdown(super) started.
12085443 INFO  [si.isystem.eclipse.debug - 17] ISysAbstractDsfService : ***  1.20854665352E7  ***  ISysMemoryService shutdown(super) finished.
12085443 INFO  [si.isystem.eclipse.debug - 17] ISysAbstractDsfService : ***  1.20854665419E7  ***  ISysMemoryService shutdown(main) started.
12085443 INFO  [si.isystem.eclipse.debug - 17] ISysAbstractDsfService : ***  1.20854665481E7  ***  ISysMemoryService removed from service event listener list
12085444 INFO  [si.isystem.eclipse.debug - 17] ISysAbstractDsfService : ***  1.20854666422E7  ***  ISysMemoryService shutdown(main) finished.
12085444 INFO  [si.isystem.eclipse.debug - 17] ISysAbstractDsfService : ***  1.20854666512E7  ***  ISysMemoryService shutdown(sub) finished.
12085444 INFO  [si.isystem.eclipse.debug - 17] ISysAbstractDsfService : ***  1.20854666604E7  ***  ISysStackService shutdown(super) started.
12085444 INFO  [si.isystem.eclipse.debug - 17] ISysAbstractDsfService : ***  1.20854666717E7  ***  ISysStackService shutdown(super) finished.
12085444 INFO  [si.isystem.eclipse.debug - 17] ISysAbstractDsfService : ***  1.20854666775E7  ***  ISysStackService shutdown(main) started.
12085444 INFO  [si.isystem.eclipse.debug - 17] ISysAbstractDsfService : ***  1.20854666831E7  ***  ISysStackService removed from service event listener list
12085444 INFO  [si.isystem.eclipse.debug - 17] ISysAbstractDsfService : ***  1.20854667657E7  ***  ISysStackService shutdown(main) finished.
12085444 INFO  [si.isystem.eclipse.debug - 17] ISysAbstractDsfService : ***  1.20854667746E7  ***  ISysStackService shutdown(sub) finished.
12085444 INFO  [si.isystem.eclipse.debug - 17] ISysAbstractDsfService : ***  1.20854667835E7  ***  ISysRunControl shutdown(super) started.
12085444 INFO  [si.isystem.eclipse.debug - 17] ISysAbstractDsfService : ***  1.20854667936E7  ***  ISysRunControl shutdown(super) finished.
12085444 INFO  [si.isystem.eclipse.debug - 17] ISysAbstractDsfService : ***  1.20854668028E7  ***  ISysRunControl shutdown(main) started.
12085444 INFO  [si.isystem.eclipse.debug - 17] ISysAbstractDsfService : ***  1.20854668091E7  ***  ISysRunControl removed from service event listener list
12085444 INFO  [si.isystem.eclipse.debug - 17] ISysAbstractDsfService : ***  1.20854668892E7  ***  ISysRunControl shutdown(main) finished.
12085444 INFO  [si.isystem.eclipse.debug - 17] ISysAbstractDsfService : ***  1.20854668977E7  ***  ISysRunControl shutdown(sub) finished.
12085444 INFO  [si.isystem.eclipse.debug - 17] ISysAbstractDsfService : ***  1.20854669057E7  ***  ISysCommandControl shutdown(super) started.
12085444 INFO  [si.isystem.eclipse.debug - 17] ISysAbstractDsfService : ***  1.2085466917E7  ***  ISysCommandControl shutdown(super) finished.
12085444 INFO  [si.isystem.eclipse.debug - 17] ISysAbstractDsfService : ***  1.2085466923E7  ***  ISysCommandControl shutdown(main) started.
12085444 INFO  [si.isystem.eclipse.debug - 17] ISysAbstractDsfService : ***  1.2085467003E7  ***  ISysCommandControl shutdown(main) finished.
12085444 INFO  [si.isystem.eclipse.debug - 17] ISysAbstractDsfService : ***  1.20854670116E7  ***  ISysCommandControl shutdown(sub) finished.
12085444 INFO  [si.isystem.eclipse.debug - 17] ISysAbstractDsfService : ***  1.20854670229E7  ***  ISysConnectionService shutdown(super) started.
12085444 INFO  [si.isystem.eclipse.debug - 17] IConnectProxy : ***  1.20854670665E7  ***  Shutting down iConnect for cores: [I@3ec05b24
12085444 INFO  [si.isystem.eclipse.debug - 17] IConnectProxy : ***  1.20854670831E7  ***  Disconnecting from and closing winIDEA on core 0.
12085746 INFO  [si.isystem.eclipse.debug - 17] ISysAbstractDsfService : ***  1.20857693535E7  ***  ISysConnectionService shutdown(super) finished.
12085746 INFO  [si.isystem.eclipse.debug - 17] ISysAbstractDsfService : ***  1.20857693865E7  ***  ISysConnectionService shutdown(main) started.
12085746 INFO  [si.isystem.eclipse.debug - 17] ISysAbstractDsfService : ***  1.20857693975E7  ***  ISysConnectionService shutdown(main) finished.
12085746 INFO  [si.isystem.eclipse.debug - 17] ISysAbstractDsfService : ***  1.20857694069E7  ***  ISysConnectionService shutdown(sub) finished.
12085747 INFO  [si.isystem.eclipse.debug - 17] ISysLaunch : ***  1.20857695451E7  ***  Debug services shutdown completed.
12089782 INFO  [si.isystem.eclipse.debug - 18] ISysAbstractDsfService : ***  1.20898056095E7  ***  ISysConnectionService initialization(super) started.
12089782 INFO  [si.isystem.eclipse.debug - 18] IConLaunchManager : ***  1.2089805885E7  ***  
Starting debug session using launch configuration paramenters: 
 - Launch name = 'IO_Port_Test1 TriCore Debug (TASKING)'
 - Project name = 'IO_Port_Test1'
 - Project path = 'D:/Project/Aurix-TC275/IO_Port_Test1'
 - Output file = 'TriCore Debug (TASKING)/IO_Port_Test1.elf'
 - Stop on startup = 'true'
 - Stop on startup location = 'core0_main'
 - Verbose mode = false' - winIDEA visible = 'false'
 - Bring winIDEA to top = 'true'
 - Verify download = 'true'
 - Analyze source files = 'false'
 - Shutdown winIDEA at terminate session = 'true'
 - winIDEA workspace path = '.ads/winIDEAWorkspaces/TriCore-Debug-(TASKING)/ADS.xjrf'
 - full winIDEA workspace path = 'D:\Project\Aurix-TC275\IO_Port_Test1\.ads\winIDEAWorkspaces\TriCore-Debug-(TASKING)\ADS.xjrf'
 - Device = 'TC275T'
 - Hardware = 'IFX_DAS'
 - Communication = 'USB'
 - Hardware debugger = ''
 - Image check = 'Default'
 - Create SMP = 'true'
 - After download action = 'none'
 - After download symbol = ''

12089782 INFO  [si.isystem.eclipse.debug - 18] ISysSessionManager : ***  1.2089805977E7  ***  Setting winIDEA workspace path to 'D:\Project\Aurix-TC275\IO_Port_Test1\.ads\winIDEAWorkspaces\TriCore-Debug-(TASKING)\ADS.xjrf'
12089782 INFO  [si.isystem.eclipse.debug - 18] ISysSessionManager : ***  1.2089806088E7  ***  Connecting to winIDEA 'C:\Infineon\AURIX-Studio-1.10.16\winIDEA\' with workspace 'D:\Project\Aurix-TC275\IO_Port_Test1\.ads\winIDEAWorkspaces\TriCore-Debug-(TASKING)\ADS.xjrf', winIDEA-ID: 'com.tasking.winIDEA.instance.id-IO_Port_Test1 TriCore Debug (TASKING)', visible: false, CLI args: '/HideCrashDumpMessage'
12090548 INFO  [si.isystem.eclipse.debug - 18] ISysSessionManager : ***  1.2090571764E7  ***  Connected to winIDEA and setup workspace.
12090548 INFO  [si.isystem.eclipse.debug - 18] ISysSessionManager : ***  1.20905718101E7  ***  Version of isystem.connect for Java: 9.21.334.0
12090548 INFO  [si.isystem.eclipse.debug - 18] ISysSessionManager : ***  1.20905718511E7  ***  Version of isystem.connect DLL: 9.21.334.0.0
12090549 INFO  [si.isystem.eclipse.debug - 18] ISysSessionManager : ***  1.20905722313E7  ***  Version of winIDEA: 9.21.338.0.218131
12090549 INFO  [si.isystem.eclipse.debug - 18] ISysSessionManager : ***  1.20905722493E7  ***  Downloading ...
12105188 INFO  [si.isystem.eclipse.debug - 18] IConnectProxy : ***  1.21052119458E7  ***  Shutting down iConnect for cores: [I@1ee27245
12105188 INFO  [si.isystem.eclipse.debug - 18] IConnectProxy : ***  1.21052120142E7  ***  Disconnecting from and closing winIDEA on core 0.
12105215 INFO  [si.isystem.eclipse.debug - 18] ISysAbstractDsfService : ***  1.21052384723E7  ***  ISysConnectionService initialization(super) finished.
12105215 INFO  [si.isystem.eclipse.debug - 18] ISysAbstractDsfService : ***  1.21052385213E7  ***  ISysConnectionService initialization(main) started.
12105215 INFO  [si.isystem.eclipse.debug - 18] ISysAbstractDsfService : ***  1.21052385337E7  ***  ISysConnectionService initialization(main) finished.
12105216 ERROR [si.isystem.eclipse.debug - 18] ISysAbstractDsfService : ***  1.21052385624E7  ***  ISysConnectionService initialization(sub) failed: 'Failed to initialize connection service.'!
java.io.IOException: ICONNECT_E_ERROR: Error occurred while performing the requested operation. / Error programming Infineon TC27x_PFLASH_4MB  [IceSoCNNN.cpp, 7342] / isys::CSessionCtrl::begin_program() failed! winIDEA error:   [WrapperBase.cpp, 91]
	at si.isystem.connect.connectJNI.CSessionCtrl_begin_program(Native Method)
	at si.isystem.connect.CSessionCtrl.begin_program(CSessionCtrl.java:90)
	at si.isystem.debug.core.proxy.SessionControllerProxy.beginProgram(Unknown Source)
	at si.isystem.debug.core.proxy.ISysSessionManager.begin(Unknown Source)
	at si.isystem.debug.core.winidea.IConLaunchManager.startDebugSession(Unknown Source)
	at si.isystem.dsf.services.ISysConnectionService.startWinIdeaDebugSession(Unknown Source)
	at si.isystem.dsf.services.ISysConnectionService.startWinIdeaDebugSessionWithProgressDialog(Unknown Source)
	at si.isystem.dsf.services.ISysConnectionService.doInitialize(Unknown Source)
	at si.isystem.dsf.ISysAbstractDsfService.initialize(Unknown Source)
	at si.isystem.dsf.launch.ISysServiceInitializationSequence$1.execute(Unknown Source)
	at org.eclipse.cdt.dsf.concurrent.Sequence.executeStep(Sequence.java:475)
	at org.eclipse.cdt.dsf.concurrent.Sequence.run(Sequence.java:380)
	at java.base/java.util.concurrent.Executors$RunnableAdapter.call(Executors.java:539)
	at java.base/java.util.concurrent.FutureTask.run(FutureTask.java:264)
	at java.base/java.util.concurrent.ScheduledThreadPoolExecutor$ScheduledFutureTask.run(ScheduledThreadPoolExecutor.java:304)
	at java.base/java.util.concurrent.ThreadPoolExecutor.runWorker(ThreadPoolExecutor.java:1136)
	at java.base/java.util.concurrent.ThreadPoolExecutor$Worker.run(ThreadPoolExecutor.java:635)
	at java.base/java.lang.Thread.run(Thread.java:840)
12105216 ERROR [Worker-12: Launching IO_Port_Test1 TriCore Debug (TASKING)] ISysLaunchDelegate : Launch failed.
org.eclipse.debug.core.DebugException: TASKING winIDEA services initialization failed.
	at si.isystem.dsf.launch.ISysLaunchDelegate.initializeServices(Unknown Source)
	at si.isystem.dsf.launch.ISysLaunchDelegate.launch(Unknown Source)
	at org.eclipse.debug.internal.core.LaunchConfiguration.launch(LaunchConfiguration.java:805)
	at org.eclipse.debug.internal.core.LaunchConfiguration.launch(LaunchConfiguration.java:716)
	at org.eclipse.debug.internal.ui.DebugUIPlugin.buildAndLaunch(DebugUIPlugin.java:1038)
	at org.eclipse.debug.internal.ui.DebugUIPlugin$1.run(DebugUIPlugin.java:1241)
	at org.eclipse.core.internal.jobs.Worker.run(Worker.java:63)
Caused by: java.util.concurrent.ExecutionException: org.eclipse.core.runtime.CoreException: Failed to initialize connection service.
	at org.eclipse.cdt.dsf.concurrent.Query.get(Query.java:112)
	... 7 more
Caused by: org.eclipse.core.runtime.CoreException: Failed to initialize connection service.
	... 8 more
12120732 INFO  [si.isystem.eclipse.debug - 19] ISysAbstractDsfService : ***  1.21207553525E7  ***  ISysConnectionService initialization(super) started.
12120733 INFO  [si.isystem.eclipse.debug - 19] IConLaunchManager : ***  1.21207555852E7  ***  
Starting debug session using launch configuration paramenters: 
 - Launch name = 'IO_Port_Test1 TriCore Debug (TASKING)'
 - Project name = 'IO_Port_Test1'
 - Project path = 'D:/Project/Aurix-TC275/IO_Port_Test1'
 - Output file = 'TriCore Debug (TASKING)/IO_Port_Test1.elf'
 - Stop on startup = 'true'
 - Stop on startup location = 'core0_main'
 - Verbose mode = false' - winIDEA visible = 'false'
 - Bring winIDEA to top = 'true'
 - Verify download = 'true'
 - Analyze source files = 'false'
 - Shutdown winIDEA at terminate session = 'true'
 - winIDEA workspace path = '.ads/winIDEAWorkspaces/TriCore-Debug-(TASKING)/ADS.xjrf'
 - full winIDEA workspace path = 'D:\Project\Aurix-TC275\IO_Port_Test1\.ads\winIDEAWorkspaces\TriCore-Debug-(TASKING)\ADS.xjrf'
 - Device = 'TC275T'
 - Hardware = 'IFX_DAS'
 - Communication = 'USB'
 - Hardware debugger = ''
 - Image check = 'Default'
 - Create SMP = 'true'
 - After download action = 'none'
 - After download symbol = ''

12120733 INFO  [si.isystem.eclipse.debug - 19] ISysSessionManager : ***  1.21207556669E7  ***  Setting winIDEA workspace path to 'D:\Project\Aurix-TC275\IO_Port_Test1\.ads\winIDEAWorkspaces\TriCore-Debug-(TASKING)\ADS.xjrf'
12120733 INFO  [si.isystem.eclipse.debug - 19] ISysSessionManager : ***  1.21207557652E7  ***  Connecting to winIDEA 'C:\Infineon\AURIX-Studio-1.10.16\winIDEA\' with workspace 'D:\Project\Aurix-TC275\IO_Port_Test1\.ads\winIDEAWorkspaces\TriCore-Debug-(TASKING)\ADS.xjrf', winIDEA-ID: 'com.tasking.winIDEA.instance.id-IO_Port_Test1 TriCore Debug (TASKING)', visible: false, CLI args: '/HideCrashDumpMessage'
12121467 INFO  [si.isystem.eclipse.debug - 19] ISysSessionManager : ***  1.21214898388E7  ***  Connected to winIDEA and setup workspace.
12121467 INFO  [si.isystem.eclipse.debug - 19] ISysSessionManager : ***  1.21214898975E7  ***  Version of isystem.connect for Java: 9.21.334.0
12121467 INFO  [si.isystem.eclipse.debug - 19] ISysSessionManager : ***  1.21214899359E7  ***  Version of isystem.connect DLL: 9.21.334.0.0
12121467 INFO  [si.isystem.eclipse.debug - 19] ISysSessionManager : ***  1.2121490316E7  ***  Version of winIDEA: 9.21.338.0.218131
12121467 INFO  [si.isystem.eclipse.debug - 19] ISysSessionManager : ***  1.21214903323E7  ***  Downloading ...
12122272 INFO  [si.isystem.eclipse.debug - 19] ISysSessionManager : ***  1.21222953126E7  ***  Downloading finished.
12122328 INFO  [si.isystem.eclipse.debug - 19] IConLaunchManager : ***  1.21223509218E7  ***  Connected to target.
12122328 INFO  [si.isystem.eclipse.debug - 19] IConLaunchManager : ***  1.21223509573E7  ***  Log level set to INFO
12122440 INFO  [si.isystem.eclipse.debug - 19] ISysAbstractDsfService : ***  1.21224631407E7  ***  ISysConnectionService initialization(super) finished.
12122440 INFO  [si.isystem.eclipse.debug - 19] ISysAbstractDsfService : ***  1.21224631899E7  ***  ISysConnectionService initialization(main) started.
12122440 INFO  [si.isystem.eclipse.debug - 19] ISysAbstractDsfService : ***  1.21224632013E7  ***  ISysConnectionService initialization(main) finished.
12122440 INFO  [si.isystem.eclipse.debug - 19] ISysAbstractDsfService : ***  1.21224632096E7  ***  ISysConnectionService initialization(sub) finished.
12122440 INFO  [si.isystem.eclipse.debug - 19] ISysAbstractDsfService : ***  1.21224632394E7  ***  ISysCommandControl initialization(super) started.
12122440 INFO  [Worker-12: Command Executor Job] ISysAbstractDsfService : ***  1.21224633636E7  ***  Command Executor Job started.
12122440 INFO  [si.isystem.eclipse.debug - 19] ISysAbstractDsfService : ***  1.21224634193E7  ***  ISysCommandControl initialization(super) finished.
12122440 INFO  [si.isystem.eclipse.debug - 19] ISysAbstractDsfService : ***  1.2122463429E7  ***  ISysCommandControl initialization(main) started.
12122440 INFO  [si.isystem.eclipse.debug - 19] ISysAbstractDsfService : ***  1.21224634497E7  ***  ISysCommandControl initialization(main) finished.
12122440 INFO  [si.isystem.eclipse.debug - 19] ISysAbstractDsfService : ***  1.21224634557E7  ***  ISysCommandControl initialization(sub) finished.
12122441 INFO  [si.isystem.eclipse.debug - 19] ISysAbstractDsfService : ***  1.21224634847E7  ***  ISysRunControl initialization(super) started.
12122442 INFO  [si.isystem.eclipse.debug - 19] ISysAbstractDsfService : ***  1.21224649755E7  ***  ISysRunControl initialization(super) finished.
12122442 INFO  [si.isystem.eclipse.debug - 19] ISysAbstractDsfService : ***  1.21224649949E7  ***  ISysRunControl initialization(main) started.
12122442 INFO  [si.isystem.eclipse.debug - 19] ISysAbstractDsfService : ***  1.21224650076E7  ***  ISysRunControl specified as service event listener (method: eventDispatched)
12122442 INFO  [si.isystem.eclipse.debug - 19] ISysAbstractDsfService : ***  1.21224650222E7  ***  ISysRunControl initialization(main) finished.
12122443 INFO  [si.isystem.eclipse.debug - 19] ISysAbstractDsfService : ***  1.21224660111E7  ***  ISysRunControl initialization(sub) finished.
12122443 INFO  [si.isystem.eclipse.debug - 19] ISysAbstractDsfService : ***  1.212246604E7  ***  ISysStackService initialization(super) started.
12122443 INFO  [si.isystem.eclipse.debug - 19] ISysAbstractDsfService : ***  1.21224662313E7  ***  ISysStackService initialization(super) finished.
12122443 INFO  [si.isystem.eclipse.debug - 19] ISysAbstractDsfService : ***  1.2122466253E7  ***  ISysStackService initialization(main) started.
12122443 INFO  [si.isystem.eclipse.debug - 19] ISysAbstractDsfService : ***  1.2122466265E7  ***  ISysStackService specified as service event listener (method: eventDispatched)
12122443 INFO  [si.isystem.eclipse.debug - 19] ISysAbstractDsfService : ***  1.21224662785E7  ***  ISysStackService initialization(main) finished.
12122443 INFO  [si.isystem.eclipse.debug - 19] ISysAbstractDsfService : ***  1.21224662858E7  ***  ISysStackService initialization(sub) finished.
12122443 INFO  [si.isystem.eclipse.debug - 19] ISysAbstractDsfService : ***  1.21224662953E7  ***  ISysMemoryService initialization(super) started.
12122443 INFO  [si.isystem.eclipse.debug - 19] ISysAbstractDsfService : ***  1.21224663385E7  ***  Starting Memory Service sub-initialization sequence.
12122443 INFO  [si.isystem.eclipse.debug - 19] ISysAbstractDsfService : ***  1.21224663479E7  ***  ISysMemoryService initialization(super) finished.
12122443 INFO  [si.isystem.eclipse.debug - 19] ISysAbstractDsfService : ***  1.21224663531E7  ***  ISysMemoryService initialization(main) started.
12122443 INFO  [si.isystem.eclipse.debug - 19] ISysAbstractDsfService : ***  1.21224663599E7  ***  ISysMemoryService specified as service event listener (method: eventDispatched)
12122443 INFO  [si.isystem.eclipse.debug - 19] ISysAbstractDsfService : ***  1.21224663684E7  ***  ISysMemoryService initialization(main) finished.
12122443 INFO  [si.isystem.eclipse.debug - 19] ISysAbstractDsfService : ***  1.21224663816E7  ***  Initializing Memory Service block retrieval.
12122444 INFO  [si.isystem.eclipse.debug - 19] ISysAbstractDsfService : ***  1.21224675969E7  ***  Memory Service block retrieval initialized.
12122444 INFO  [si.isystem.eclipse.debug - 19] ISysAbstractDsfService : ***  1.21224676183E7  ***  Loading memory area properties.
12122445 INFO  [si.isystem.eclipse.debug - 19] ISysAbstractDsfService : ***  1.21224685454E7  ***  Adding 1 memory blocks.
12122445 INFO  [si.isystem.eclipse.debug - 19] ISysAbstractDsfService : ***  1.21224685823E7  ***  Block 'Virtual' [00000000:ffffffff] MAU=8 visible
12122445 INFO  [si.isystem.eclipse.debug - 19] ISysAbstractDsfService : ***  1.212246859E7  ***  Memory Service block retrieval initialized.
12122445 INFO  [si.isystem.eclipse.debug - 19] ISysAbstractDsfService : ***  1.21224686001E7  ***  Registering memory model adapter and service.
12122445 INFO  [si.isystem.eclipse.debug - 19] ISysAbstractDsfService : ***  1.21224688428E7  ***  Memory model adapter and service registered.
12122446 INFO  [si.isystem.eclipse.debug - 19] ISysAbstractDsfService : ***  1.21224688601E7  ***  ISysMemoryService initialization(sub) finished.
12122446 INFO  [si.isystem.eclipse.debug - 19] ISysAbstractDsfService : ***  1.21224688711E7  ***  ISysSourceLookupService initialization(super) started.
12122446 INFO  [si.isystem.eclipse.debug - 19] ISysAbstractDsfService : ***  1.2122468966E7  ***  ISysSourceLookupService initialization(super) finished.
12122446 INFO  [si.isystem.eclipse.debug - 19] ISysAbstractDsfService : ***  1.21224689752E7  ***  ISysSourceLookupService initialization(main) started.
12122446 INFO  [si.isystem.eclipse.debug - 19] ISysAbstractDsfService : ***  1.21224689842E7  ***  ISysSourceLookupService initialization(main) finished.
12122446 INFO  [si.isystem.eclipse.debug - 19] ISysAbstractDsfService : ***  1.21224689904E7  ***  ISysSourceLookupService initialization(sub) finished.
12122446 INFO  [si.isystem.eclipse.debug - 19] ISysAbstractDsfService : ***  1.21224689988E7  ***  ISysExpressionsService initialization(super) started.
12122446 INFO  [si.isystem.eclipse.debug - 19] ISysAbstractDsfService : ***  1.21224691149E7  ***  ISysExpressionsService initialization(super) finished.
12122446 INFO  [si.isystem.eclipse.debug - 19] ISysAbstractDsfService : ***  1.21224691239E7  ***  ISysExpressionsService initialization(main) started.
12122446 INFO  [si.isystem.eclipse.debug - 19] ISysAbstractDsfService : ***  1.21224691312E7  ***  ISysExpressionsService specified as service event listener (method: eventDispatched)
12122446 INFO  [si.isystem.eclipse.debug - 19] ISysAbstractDsfService : ***  1.2122469147E7  ***  ISysExpressionsService initialization(main) finished.
12122446 INFO  [si.isystem.eclipse.debug - 19] ISysAbstractDsfService : ***  1.21224691558E7  ***  ISysExpressionsService initialization(sub) finished.
12122446 INFO  [si.isystem.eclipse.debug - 19] ISysAbstractDsfService : ***  1.21224691644E7  ***  ISysRegistersService initialization(super) started.
12122446 INFO  [si.isystem.eclipse.debug - 19] ISysAbstractDsfService : ***  1.2122469518E7  ***  ISysRegistersService initialization(super) finished.
12122446 INFO  [si.isystem.eclipse.debug - 19] ISysAbstractDsfService : ***  1.21224695294E7  ***  ISysRegistersService initialization(main) started.
12122446 INFO  [si.isystem.eclipse.debug - 19] ISysAbstractDsfService : ***  1.21224695367E7  ***  ISysRegistersService specified as service event listener (method: eventDispatched)
12122446 INFO  [si.isystem.eclipse.debug - 19] ISysAbstractDsfService : ***  1.21224695712E7  ***  ISysRegistersService initialization(main) finished.
12122446 INFO  [si.isystem.eclipse.debug - 19] ISysAbstractDsfService : ***  1.21224695788E7  ***  ISysRegistersService initialization(sub) finished.
12122446 INFO  [si.isystem.eclipse.debug - 19] ISysAbstractDsfService : ***  1.21224695879E7  ***  ISysDisassemblyService initialization(super) started.
12122446 INFO  [si.isystem.eclipse.debug - 19] ISysAbstractDsfService : ***  1.21224697489E7  ***  ISysDisassemblyService initialization(super) finished.
12122446 INFO  [si.isystem.eclipse.debug - 19] ISysAbstractDsfService : ***  1.21224697602E7  ***  ISysDisassemblyService initialization(main) started.
12122446 INFO  [si.isystem.eclipse.debug - 19] ISysAbstractDsfService : ***  1.21224697679E7  ***  ISysDisassemblyService initialization(main) finished.
12122446 INFO  [si.isystem.eclipse.debug - 19] ISysAbstractDsfService : ***  1.21224697744E7  ***  ISysDisassemblyService initialization(sub) finished.
12122446 INFO  [si.isystem.eclipse.debug - 19] ISysAbstractDsfService : ***  1.21224697838E7  ***  ISysSfrService initialization(super) started.
12122447 INFO  [si.isystem.eclipse.debug - 19] ISysAbstractDsfService : ***  1.21224698872E7  ***  ISysSfrService initialization(super) finished.
12122447 INFO  [si.isystem.eclipse.debug - 19] ISysAbstractDsfService : ***  1.21224698962E7  ***  ISysSfrService initialization(main) started.
12122447 INFO  [si.isystem.eclipse.debug - 19] ISysAbstractDsfService : ***  1.21224699026E7  ***  ISysSfrService specified as service event listener (method: eventDispatched)
12122447 INFO  [si.isystem.eclipse.debug - 19] ISysAbstractDsfService : ***  1.2122469914E7  ***  ISysSfrService initialization(main) finished.
12122861 INFO  [si.isystem.eclipse.debug - 19] ISysAbstractDsfService : ***  1.21228846287E7  ***  ISysSfrService initialization(sub) finished.
12122865 INFO  [si.isystem.eclipse.debug - 19] ISysAbstractDsfService : ***  1.21228883003E7  ***  ISysRteService initialization(super) started.
12122865 INFO  [si.isystem.eclipse.debug - 19] ISysAbstractDsfService : ***  1.2122888478E7  ***  ISysRteService initialization(super) finished.
12122865 INFO  [si.isystem.eclipse.debug - 19] ISysAbstractDsfService : ***  1.21228884887E7  ***  ISysRteService initialization(main) started.
12122865 INFO  [si.isystem.eclipse.debug - 19] ISysAbstractDsfService : ***  1.21228884986E7  ***  ISysRteService specified as service event listener (method: eventDispatched)
12122865 INFO  [si.isystem.eclipse.debug - 19] ISysAbstractDsfService : ***  1.21228885293E7  ***  ISysRteService initialization(main) finished.
12122865 INFO  [si.isystem.eclipse.debug - 19] ISysAbstractDsfService : ***  1.21228885375E7  ***  ISysRteService initialization(sub) finished.
12122865 INFO  [si.isystem.eclipse.debug - 19] ISysAbstractDsfService : ***  1.21228885468E7  ***  ISysBreakpointService initialization(super) started.
12122865 INFO  [si.isystem.eclipse.debug - 19] ISysAbstractDsfService : ***  1.21228886392E7  ***  ISysBreakpointService initialization(super) finished.
12122865 INFO  [si.isystem.eclipse.debug - 19] ISysAbstractDsfService : ***  1.212288865E7  ***  ISysBreakpointService initialization(main) started.
12122865 INFO  [si.isystem.eclipse.debug - 19] ISysAbstractDsfService : ***  1.21228886581E7  ***  ISysBreakpointService specified as service event listener (method: eventDispatched)
12122865 INFO  [si.isystem.eclipse.debug - 19] ISysAbstractDsfService : ***  1.21228886668E7  ***  ISysBreakpointService initialization(main) finished.
12122865 INFO  [si.isystem.eclipse.debug - 19] ISysAbstractDsfService : ***  1.21228886732E7  ***  ISysBreakpointService initialization(sub) finished.
12122866 INFO  [si.isystem.eclipse.debug - 19] ISysLaunch : ***  1.21228896724E7  ***  Services initialization sequence completed
12128694 INFO  [si.isystem.eclipse.debug - 19] ISysAbstractDsfService : ***  1.21287170003E7  ***  Suspend failed
si.isystem.exceptions.SException: Invalid execution context type: class si.isystem.dsf.model.dm.ISysDebuggerDmContext
	at si.isystem.dsf.services.ISysRunControl.getThreadContext(Unknown Source)
	at si.isystem.dsf.services.ISysRunControl.isSuspended(Unknown Source)
	at org.eclipse.cdt.dsf.debug.ui.viewmodel.launch.AbstractContainerVMNode.updatePropertiesInSessionThread(AbstractContainerVMNode.java:168)
	at si.isystem.dsf.model.vm.ISysDebuggerVmNode.updatePropertiesInSessionThread(Unknown Source)
	at org.eclipse.cdt.dsf.debug.ui.viewmodel.launch.AbstractContainerVMNode$2.run(AbstractContainerVMNode.java:138)
	at java.base/java.util.concurrent.Executors$RunnableAdapter.call(Executors.java:539)
	at java.base/java.util.concurrent.FutureTask.run(FutureTask.java:264)
	at java.base/java.util.concurrent.ScheduledThreadPoolExecutor$ScheduledFutureTask.run(ScheduledThreadPoolExecutor.java:304)
	at java.base/java.util.concurrent.ThreadPoolExecutor.runWorker(ThreadPoolExecutor.java:1136)
	at java.base/java.util.concurrent.ThreadPoolExecutor$Worker.run(ThreadPoolExecutor.java:635)
	at java.base/java.lang.Thread.run(Thread.java:840)
12128694 INFO  [si.isystem.eclipse.debug - 19] ISysAbstractDsfService : ***  1.212871715E7  ***  Suspend failed
si.isystem.exceptions.SException: Invalid execution context type: class si.isystem.dsf.model.dm.ISysDebuggerDmContext
	at si.isystem.dsf.services.ISysRunControl.getThreadContext(Unknown Source)
	at si.isystem.dsf.services.ISysRunControl.isSuspended(Unknown Source)
	at org.eclipse.cdt.dsf.debug.ui.viewmodel.launch.AbstractContainerVMNode.updatePropertiesInSessionThread(AbstractContainerVMNode.java:168)
	at si.isystem.dsf.model.vm.ISysDebuggerVmNode.updatePropertiesInSessionThread(Unknown Source)
	at org.eclipse.cdt.dsf.debug.ui.viewmodel.launch.AbstractContainerVMNode$2.run(AbstractContainerVMNode.java:138)
	at java.base/java.util.concurrent.Executors$RunnableAdapter.call(Executors.java:539)
	at java.base/java.util.concurrent.FutureTask.run(FutureTask.java:264)
	at java.base/java.util.concurrent.ScheduledThreadPoolExecutor$ScheduledFutureTask.run(ScheduledThreadPoolExecutor.java:304)
	at java.base/java.util.concurrent.ThreadPoolExecutor.runWorker(ThreadPoolExecutor.java:1136)
	at java.base/java.util.concurrent.ThreadPoolExecutor$Worker.run(ThreadPoolExecutor.java:635)
	at java.base/java.lang.Thread.run(Thread.java:840)
12128694 INFO  [si.isystem.eclipse.debug - 19] ISysAbstractDsfService : ***  1.21287172102E7  ***  Suspend failed
si.isystem.exceptions.SException: Invalid execution context type: class si.isystem.dsf.model.dm.ISysDebuggerDmContext
	at si.isystem.dsf.services.ISysRunControl.getThreadContext(Unknown Source)
	at si.isystem.dsf.services.ISysRunControl.isSuspended(Unknown Source)
	at org.eclipse.cdt.dsf.debug.ui.viewmodel.launch.AbstractContainerVMNode.updatePropertiesInSessionThread(AbstractContainerVMNode.java:168)
	at si.isystem.dsf.model.vm.ISysDebuggerVmNode.updatePropertiesInSessionThread(Unknown Source)
	at org.eclipse.cdt.dsf.debug.ui.viewmodel.launch.AbstractContainerVMNode$2.run(AbstractContainerVMNode.java:138)
	at java.base/java.util.concurrent.Executors$RunnableAdapter.call(Executors.java:539)
	at java.base/java.util.concurrent.FutureTask.run(FutureTask.java:264)
	at java.base/java.util.concurrent.ScheduledThreadPoolExecutor$ScheduledFutureTask.run(ScheduledThreadPoolExecutor.java:304)
	at java.base/java.util.concurrent.ThreadPoolExecutor.runWorker(ThreadPoolExecutor.java:1136)
	at java.base/java.util.concurrent.ThreadPoolExecutor$Worker.run(ThreadPoolExecutor.java:635)
	at java.base/java.lang.Thread.run(Thread.java:840)
12133859 ERROR [si.isystem.eclipse.debug - 19] ISysAbstractDsfService : Resume failed
si.isystem.exceptions.SException: Invalid execution context type: class si.isystem.dsf.model.dm.ISysDebuggerDmContext
	at si.isystem.dsf.services.ISysRunControl.getThreadContext(Unknown Source)
	at si.isystem.dsf.services.ISysRunControl.canResume(Unknown Source)
	at si.isystem.dsf.services.ISysRunControl.canResume(Unknown Source)
	at org.eclipse.cdt.dsf.debug.ui.actions.DsfResumeCommand$2.doExecute(DsfResumeCommand.java:85)
	at org.eclipse.cdt.dsf.debug.ui.actions.DsfCommandRunnable.run(DsfCommandRunnable.java:120)
	at java.base/java.util.concurrent.Executors$RunnableAdapter.call(Executors.java:539)
	at java.base/java.util.concurrent.FutureTask.run(FutureTask.java:264)
	at java.base/java.util.concurrent.ScheduledThreadPoolExecutor$ScheduledFutureTask.run(ScheduledThreadPoolExecutor.java:304)
	at java.base/java.util.concurrent.ThreadPoolExecutor.runWorker(ThreadPoolExecutor.java:1136)
	at java.base/java.util.concurrent.ThreadPoolExecutor$Worker.run(ThreadPoolExecutor.java:635)
	at java.base/java.lang.Thread.run(Thread.java:840)
12133860 ERROR [si.isystem.eclipse.debug - 19] ISysAbstractDsfService : Step failed
si.isystem.exceptions.SException: Invalid execution context type: class si.isystem.dsf.model.dm.ISysDebuggerDmContext
	at si.isystem.dsf.services.ISysRunControl.getThreadContext(Unknown Source)
	at si.isystem.dsf.services.ISysRunControl.canStep(Unknown Source)
	at si.isystem.dsf.services.ISysRunControl.canStep(Unknown Source)
	at org.eclipse.cdt.dsf.debug.ui.viewmodel.SteppingController.canEnqueueStep(SteppingController.java:353)
	at org.eclipse.cdt.dsf.debug.ui.actions.DsfStepOverCommand$1.doExecute(DsfStepOverCommand.java:69)
	at org.eclipse.cdt.dsf.debug.ui.actions.DsfCommandRunnable.run(DsfCommandRunnable.java:120)
	at java.base/java.util.concurrent.Executors$RunnableAdapter.call(Executors.java:539)
	at java.base/java.util.concurrent.FutureTask.run(FutureTask.java:264)
	at java.base/java.util.concurrent.ScheduledThreadPoolExecutor$ScheduledFutureTask.run(ScheduledThreadPoolExecutor.java:304)
	at java.base/java.util.concurrent.ThreadPoolExecutor.runWorker(ThreadPoolExecutor.java:1136)
	at java.base/java.util.concurrent.ThreadPoolExecutor$Worker.run(ThreadPoolExecutor.java:635)
	at java.base/java.lang.Thread.run(Thread.java:840)
12133860 ERROR [si.isystem.eclipse.debug - 19] ISysAbstractDsfService : Suspend failed
si.isystem.exceptions.SException: Invalid execution context type: class si.isystem.dsf.model.dm.ISysDebuggerDmContext
	at si.isystem.dsf.services.ISysRunControl.getThreadContext(Unknown Source)
	at si.isystem.dsf.services.ISysRunControl.canSuspend(Unknown Source)
	at si.isystem.dsf.services.ISysRunControl.canSuspend(Unknown Source)
	at org.eclipse.cdt.dsf.debug.ui.actions.DsfSuspendCommand$2.doExecute(DsfSuspendCommand.java:84)
	at org.eclipse.cdt.dsf.debug.ui.actions.DsfCommandRunnable.run(DsfCommandRunnable.java:120)
	at java.base/java.util.concurrent.Executors$RunnableAdapter.call(Executors.java:539)
	at java.base/java.util.concurrent.FutureTask.run(FutureTask.java:264)
	at java.base/java.util.concurrent.ScheduledThreadPoolExecutor$ScheduledFutureTask.run(ScheduledThreadPoolExecutor.java:304)
	at java.base/java.util.concurrent.ThreadPoolExecutor.runWorker(ThreadPoolExecutor.java:1136)
	at java.base/java.util.concurrent.ThreadPoolExecutor$Worker.run(ThreadPoolExecutor.java:635)
	at java.base/java.lang.Thread.run(Thread.java:840)
12133860 ERROR [si.isystem.eclipse.debug - 19] ISysAbstractDsfService : Step failed
si.isystem.exceptions.SException: Invalid execution context type: class si.isystem.dsf.model.dm.ISysDebuggerDmContext
	at si.isystem.dsf.services.ISysRunControl.getThreadContext(Unknown Source)
	at si.isystem.dsf.services.ISysRunControl.canStep(Unknown Source)
	at si.isystem.dsf.services.ISysRunControl.canStep(Unknown Source)
	at org.eclipse.cdt.dsf.debug.ui.viewmodel.SteppingController.canEnqueueStep(SteppingController.java:353)
	at org.eclipse.cdt.dsf.debug.ui.actions.DsfStepIntoCommand$1.doExecute(DsfStepIntoCommand.java:68)
	at org.eclipse.cdt.dsf.debug.ui.actions.DsfCommandRunnable.run(DsfCommandRunnable.java:120)
	at java.base/java.util.concurrent.Executors$RunnableAdapter.call(Executors.java:539)
	at java.base/java.util.concurrent.FutureTask.run(FutureTask.java:264)
	at java.base/java.util.concurrent.ScheduledThreadPoolExecutor$ScheduledFutureTask.run(ScheduledThreadPoolExecutor.java:304)
	at java.base/java.util.concurrent.ThreadPoolExecutor.runWorker(ThreadPoolExecutor.java:1136)
	at java.base/java.util.concurrent.ThreadPoolExecutor$Worker.run(ThreadPoolExecutor.java:635)
	at java.base/java.lang.Thread.run(Thread.java:840)
12133860 ERROR [si.isystem.eclipse.debug - 19] ISysAbstractDsfService : Step failed
si.isystem.exceptions.SException: Invalid execution context type: class si.isystem.dsf.model.dm.ISysDebuggerDmContext
	at si.isystem.dsf.services.ISysRunControl.getThreadContext(Unknown Source)
	at si.isystem.dsf.services.ISysRunControl.canStep(Unknown Source)
	at si.isystem.dsf.services.ISysRunControl.canStep(Unknown Source)
	at org.eclipse.cdt.dsf.debug.ui.viewmodel.SteppingController.canEnqueueStep(SteppingController.java:353)
	at org.eclipse.cdt.dsf.debug.ui.actions.DsfStepReturnCommand$1.doExecute(DsfStepReturnCommand.java:65)
	at org.eclipse.cdt.dsf.debug.ui.actions.DsfCommandRunnable.run(DsfCommandRunnable.java:120)
	at java.base/java.util.concurrent.Executors$RunnableAdapter.call(Executors.java:539)
	at java.base/java.util.concurrent.FutureTask.run(FutureTask.java:264)
	at java.base/java.util.concurrent.ScheduledThreadPoolExecutor$ScheduledFutureTask.run(ScheduledThreadPoolExecutor.java:304)
	at java.base/java.util.concurrent.ThreadPoolExecutor.runWorker(ThreadPoolExecutor.java:1136)
	at java.base/java.util.concurrent.ThreadPoolExecutor$Worker.run(ThreadPoolExecutor.java:635)
	at java.base/java.lang.Thread.run(Thread.java:840)
12134931 INFO  [Worker-12: Command Executor Job] ISysAbstractDsfService : ***  1.2134953889E7  ***  ISysCommandControl command dequeued - exiting command processing loop
12134931 INFO  [si.isystem.eclipse.debug - 19] ISysAbstractCommand : ***  1.21349539205E7  ***  Processing the last command to be processed: si.isystem.dsf.control.commands.ISysCmdMiscTerminateDebugger
12134931 INFO  [si.isystem.eclipse.debug - 19] ISysAbstractDsfService : ***  1.21349539444E7  ***  Command Control was shut down - cancelling remaining commands in queue.
12134931 INFO  [si.isystem.eclipse.debug - 19] ISysAbstractDsfService : ***  1.21349539546E7  ***  Command Controll queue is empty and closed.
12134931 INFO  [si.isystem.eclipse.debug - 19] ISysAbstractDsfService : ***  1.21349541654E7  ***  ISysBreakpointService shutdown(super) started.
12134931 INFO  [si.isystem.eclipse.debug - 19] ISysAbstractDsfService : ***  1.21349541819E7  ***  ISysBreakpointService shutdown(super) finished.
12134931 INFO  [si.isystem.eclipse.debug - 19] ISysAbstractDsfService : ***  1.21349541879E7  ***  ISysBreakpointService shutdown(main) started.
12134931 INFO  [si.isystem.eclipse.debug - 19] ISysAbstractDsfService : ***  1.21349541949E7  ***  ISysBreakpointService removed from service event listener list
12134931 INFO  [si.isystem.eclipse.debug - 19] ISysAbstractDsfService : ***  1.21349542769E7  ***  ISysBreakpointService shutdown(main) finished.
12134931 INFO  [si.isystem.eclipse.debug - 19] ISysAbstractDsfService : ***  1.21349542857E7  ***  ISysBreakpointService shutdown(sub) finished.
12134931 INFO  [si.isystem.eclipse.debug - 19] ISysAbstractDsfService : ***  1.21349543007E7  ***  ISysRteService shutdown(super) started.
12134931 INFO  [si.isystem.eclipse.debug - 19] ISysAbstractDsfService : ***  1.21349543164E7  ***  ISysRteService shutdown(super) finished.
12134931 INFO  [si.isystem.eclipse.debug - 19] ISysAbstractDsfService : ***  1.21349543229E7  ***  ISysRteService shutdown(main) started.
12134931 INFO  [si.isystem.eclipse.debug - 19] ISysAbstractDsfService : ***  1.21349543287E7  ***  ISysRteService removed from service event listener list
12134931 INFO  [si.isystem.eclipse.debug - 19] ISysAbstractDsfService : ***  1.21349544044E7  ***  ISysRteService shutdown(main) finished.
12134931 INFO  [si.isystem.eclipse.debug - 19] ISysAbstractDsfService : ***  1.21349544369E7  ***  ISysRteService shutdown(sub) finished.
12134931 INFO  [si.isystem.eclipse.debug - 19] ISysAbstractDsfService : ***  1.21349544502E7  ***  ISysSfrService shutdown(super) started.
12134931 INFO  [si.isystem.eclipse.debug - 19] ISysAbstractDsfService : ***  1.21349544623E7  ***  ISysSfrService shutdown(super) finished.
12134932 INFO  [si.isystem.eclipse.debug - 19] ISysAbstractDsfService : ***  1.21349544684E7  ***  ISysSfrService shutdown(main) started.
12134932 INFO  [si.isystem.eclipse.debug - 19] ISysAbstractDsfService : ***  1.21349544755E7  ***  ISysSfrService removed from service event listener list
12134932 INFO  [si.isystem.eclipse.debug - 19] ISysAbstractDsfService : ***  1.21349545475E7  ***  ISysSfrService shutdown(main) finished.
12134932 INFO  [si.isystem.eclipse.debug - 19] ISysAbstractDsfService : ***  1.21349545666E7  ***  ISysSfrService shutdown(sub) finished.
12134932 INFO  [si.isystem.eclipse.debug - 19] ISysAbstractDsfService : ***  1.21349545788E7  ***  ISysDisassemblyService shutdown(super) started.
12134932 INFO  [si.isystem.eclipse.debug - 19] ISysAbstractDsfService : ***  1.21349545907E7  ***  ISysDisassemblyService shutdown(super) finished.
12134932 INFO  [si.isystem.eclipse.debug - 19] ISysAbstractDsfService : ***  1.21349545968E7  ***  ISysDisassemblyService shutdown(main) started.
12134932 INFO  [si.isystem.eclipse.debug - 19] ISysAbstractDsfService : ***  1.21349546745E7  ***  ISysDisassemblyService shutdown(main) finished.
12134932 INFO  [si.isystem.eclipse.debug - 19] ISysAbstractDsfService : ***  1.21349546821E7  ***  ISysDisassemblyService shutdown(sub) finished.
12134932 INFO  [si.isystem.eclipse.debug - 19] ISysAbstractDsfService : ***  1.21349546934E7  ***  ISysRegistersService shutdown(super) started.
12134932 INFO  [si.isystem.eclipse.debug - 19] ISysAbstractDsfService : ***  1.21349547037E7  ***  ISysRegistersService shutdown(super) finished.
12134932 INFO  [si.isystem.eclipse.debug - 19] ISysAbstractDsfService : ***  1.21349547093E7  ***  ISysRegistersService shutdown(main) started.
12134932 INFO  [si.isystem.eclipse.debug - 19] ISysAbstractDsfService : ***  1.21349547151E7  ***  ISysRegistersService removed from service event listener list
12134932 INFO  [si.isystem.eclipse.debug - 19] ISysAbstractDsfService : ***  1.21349548073E7  ***  ISysRegistersService shutdown(main) finished.
12134932 INFO  [si.isystem.eclipse.debug - 19] ISysAbstractDsfService : ***  1.21349548153E7  ***  ISysRegistersService shutdown(sub) finished.
12134932 INFO  [si.isystem.eclipse.debug - 19] ISysAbstractDsfService : ***  1.21349548266E7  ***  ISysExpressionsService shutdown(super) started.
12134932 INFO  [si.isystem.eclipse.debug - 19] ISysAbstractDsfService : ***  1.21349548366E7  ***  ISysExpressionsService shutdown(super) finished.
12134932 INFO  [si.isystem.eclipse.debug - 19] ISysAbstractDsfService : ***  1.21349548424E7  ***  ISysExpressionsService shutdown(main) started.
12134932 INFO  [si.isystem.eclipse.debug - 19] ISysAbstractDsfService : ***  1.2134954848E7  ***  ISysExpressionsService removed from service event listener list
12134932 INFO  [si.isystem.eclipse.debug - 19] ISysAbstractDsfService : ***  1.21349549519E7  ***  ISysExpressionsService shutdown(main) finished.
12134932 INFO  [si.isystem.eclipse.debug - 19] ISysAbstractDsfService : ***  1.2134954961E7  ***  ISysExpressionsService shutdown(sub) finished.
12134932 INFO  [si.isystem.eclipse.debug - 19] ISysAbstractDsfService : ***  1.21349549735E7  ***  ISysSourceLookupService shutdown(super) started.
12134932 INFO  [si.isystem.eclipse.debug - 19] ISysAbstractDsfService : ***  1.21349549835E7  ***  ISysSourceLookupService shutdown(super) finished.
12134932 INFO  [si.isystem.eclipse.debug - 19] ISysAbstractDsfService : ***  1.21349549891E7  ***  ISysSourceLookupService shutdown(main) started.
12134932 INFO  [si.isystem.eclipse.debug - 19] ISysAbstractDsfService : ***  1.21349550996E7  ***  ISysSourceLookupService shutdown(main) finished.
12134932 INFO  [si.isystem.eclipse.debug - 19] ISysAbstractDsfService : ***  1.21349551232E7  ***  ISysSourceLookupService shutdown(sub) finished.
12134932 INFO  [si.isystem.eclipse.debug - 19] ISysAbstractDsfService : ***  1.21349551346E7  ***  ISysMemoryService shutdown(super) started.
12134932 INFO  [si.isystem.eclipse.debug - 19] ISysAbstractDsfService : ***  1.2134955146E7  ***  ISysMemoryService shutdown(super) finished.
12134932 INFO  [si.isystem.eclipse.debug - 19] ISysAbstractDsfService : ***  1.2134955152E7  ***  ISysMemoryService shutdown(main) started.
12134932 INFO  [si.isystem.eclipse.debug - 19] ISysAbstractDsfService : ***  1.21349551602E7  ***  ISysMemoryService removed from service event listener list
12134932 INFO  [si.isystem.eclipse.debug - 19] ISysAbstractDsfService : ***  1.21349552622E7  ***  ISysMemoryService shutdown(main) finished.
12134932 INFO  [si.isystem.eclipse.debug - 19] ISysAbstractDsfService : ***  1.21349552705E7  ***  ISysMemoryService shutdown(sub) finished.
12134932 INFO  [si.isystem.eclipse.debug - 19] ISysAbstractDsfService : ***  1.21349552793E7  ***  ISysStackService shutdown(super) started.
12134932 INFO  [si.isystem.eclipse.debug - 19] ISysAbstractDsfService : ***  1.21349552892E7  ***  ISysStackService shutdown(super) finished.
12134932 INFO  [si.isystem.eclipse.debug - 19] ISysAbstractDsfService : ***  1.21349552951E7  ***  ISysStackService shutdown(main) started.
12134932 INFO  [si.isystem.eclipse.debug - 19] ISysAbstractDsfService : ***  1.21349553006E7  ***  ISysStackService removed from service event listener list
12134932 INFO  [si.isystem.eclipse.debug - 19] ISysAbstractDsfService : ***  1.21349553885E7  ***  ISysStackService shutdown(main) finished.
12134932 INFO  [si.isystem.eclipse.debug - 19] ISysAbstractDsfService : ***  1.21349553962E7  ***  ISysStackService shutdown(sub) finished.
12134932 INFO  [si.isystem.eclipse.debug - 19] ISysAbstractDsfService : ***  1.2134955404E7  ***  ISysRunControl shutdown(super) started.
12134932 INFO  [si.isystem.eclipse.debug - 19] ISysAbstractDsfService : ***  1.21349554131E7  ***  ISysRunControl shutdown(super) finished.
12134932 INFO  [si.isystem.eclipse.debug - 19] ISysAbstractDsfService : ***  1.21349554189E7  ***  ISysRunControl shutdown(main) started.
12134932 INFO  [si.isystem.eclipse.debug - 19] ISysAbstractDsfService : ***  1.21349554245E7  ***  ISysRunControl removed from service event listener list
12134933 INFO  [si.isystem.eclipse.debug - 19] ISysAbstractDsfService : ***  1.21349555005E7  ***  ISysRunControl shutdown(main) finished.
12134933 INFO  [si.isystem.eclipse.debug - 19] ISysAbstractDsfService : ***  1.21349555082E7  ***  ISysRunControl shutdown(sub) finished.
12134933 INFO  [si.isystem.eclipse.debug - 19] ISysAbstractDsfService : ***  1.21349555168E7  ***  ISysCommandControl shutdown(super) started.
12134933 INFO  [si.isystem.eclipse.debug - 19] ISysAbstractDsfService : ***  1.21349555261E7  ***  ISysCommandControl shutdown(super) finished.
12134933 INFO  [si.isystem.eclipse.debug - 19] ISysAbstractDsfService : ***  1.21349555317E7  ***  ISysCommandControl shutdown(main) started.
12134933 INFO  [si.isystem.eclipse.debug - 19] ISysAbstractDsfService : ***  1.21349556045E7  ***  ISysCommandControl shutdown(main) finished.
12134933 INFO  [si.isystem.eclipse.debug - 19] ISysAbstractDsfService : ***  1.21349556138E7  ***  ISysCommandControl shutdown(sub) finished.
12134933 INFO  [si.isystem.eclipse.debug - 19] ISysAbstractDsfService : ***  1.21349556263E7  ***  ISysConnectionService shutdown(super) started.
12134933 INFO  [si.isystem.eclipse.debug - 19] IConnectProxy : ***  1.21349556612E7  ***  Shutting down iConnect for cores: [I@1c6950c5
12134933 INFO  [si.isystem.eclipse.debug - 19] IConnectProxy : ***  1.2134955675E7  ***  Disconnecting from and closing winIDEA on core 0.
12134971 INFO  [si.isystem.eclipse.debug - 19] ISysAbstractDsfService : ***  1.21349948865E7  ***  ISysConnectionService shutdown(super) finished.
12134971 INFO  [si.isystem.eclipse.debug - 19] ISysAbstractDsfService : ***  1.21349949236E7  ***  ISysConnectionService shutdown(main) started.
12134971 INFO  [si.isystem.eclipse.debug - 19] ISysAbstractDsfService : ***  1.21349949306E7  ***  ISysConnectionService shutdown(main) finished.
12134971 INFO  [si.isystem.eclipse.debug - 19] ISysAbstractDsfService : ***  1.21349949381E7  ***  ISysConnectionService shutdown(sub) finished.
12134971 INFO  [si.isystem.eclipse.debug - 19] ISysLaunch : ***  1.21349949792E7  ***  Debug services shutdown completed.
12145363 INFO  [si.isystem.eclipse.debug - 20] ISysAbstractDsfService : ***  1.21453862395E7  ***  ISysConnectionService initialization(super) started.
12145363 INFO  [si.isystem.eclipse.debug - 20] IConLaunchManager : ***  1.21453864737E7  ***  
Starting debug session using launch configuration paramenters: 
 - Launch name = 'IO_Port_Test1 TriCore Debug (TASKING)'
 - Project name = 'IO_Port_Test1'
 - Project path = 'D:/Project/Aurix-TC275/IO_Port_Test1'
 - Output file = 'TriCore Debug (TASKING)/IO_Port_Test1.elf'
 - Stop on startup = 'true'
 - Stop on startup location = 'core0_main'
 - Verbose mode = false' - winIDEA visible = 'false'
 - Bring winIDEA to top = 'true'
 - Verify download = 'true'
 - Analyze source files = 'false'
 - Shutdown winIDEA at terminate session = 'true'
 - winIDEA workspace path = '.ads/winIDEAWorkspaces/TriCore-Debug-(TASKING)/ADS.xjrf'
 - full winIDEA workspace path = 'D:\Project\Aurix-TC275\IO_Port_Test1\.ads\winIDEAWorkspaces\TriCore-Debug-(TASKING)\ADS.xjrf'
 - Device = 'TC275T'
 - Hardware = 'IFX_DAS'
 - Communication = 'USB'
 - Hardware debugger = ''
 - Image check = 'Default'
 - Create SMP = 'true'
 - After download action = 'none'
 - After download symbol = ''

12145363 INFO  [si.isystem.eclipse.debug - 20] ISysSessionManager : ***  1.21453865583E7  ***  Setting winIDEA workspace path to 'D:\Project\Aurix-TC275\IO_Port_Test1\.ads\winIDEAWorkspaces\TriCore-Debug-(TASKING)\ADS.xjrf'
12145363 INFO  [si.isystem.eclipse.debug - 20] ISysSessionManager : ***  1.21453866634E7  ***  Connecting to winIDEA 'C:\Infineon\AURIX-Studio-1.10.16\winIDEA\' with workspace 'D:\Project\Aurix-TC275\IO_Port_Test1\.ads\winIDEAWorkspaces\TriCore-Debug-(TASKING)\ADS.xjrf', winIDEA-ID: 'com.tasking.winIDEA.instance.id-IO_Port_Test1 TriCore Debug (TASKING)', visible: false, CLI args: '/HideCrashDumpMessage'
12146095 INFO  [si.isystem.eclipse.debug - 20] ISysSessionManager : ***  1.21461187908E7  ***  Connected to winIDEA and setup workspace.
12146095 INFO  [si.isystem.eclipse.debug - 20] ISysSessionManager : ***  1.21461188505E7  ***  Version of isystem.connect for Java: 9.21.334.0
12146095 INFO  [si.isystem.eclipse.debug - 20] ISysSessionManager : ***  1.21461188862E7  ***  Version of isystem.connect DLL: 9.21.334.0.0
12146095 INFO  [si.isystem.eclipse.debug - 20] ISysSessionManager : ***  1.21461192486E7  ***  Version of winIDEA: 9.21.338.0.218131
12146095 INFO  [si.isystem.eclipse.debug - 20] ISysSessionManager : ***  1.21461192659E7  ***  Downloading ...
12147490 INFO  [si.isystem.eclipse.debug - 20] ISysSessionManager : ***  1.2147513634E7  ***  Downloading finished.
12147546 INFO  [si.isystem.eclipse.debug - 20] IConLaunchManager : ***  1.21475700238E7  ***  Connected to target.
12147546 INFO  [si.isystem.eclipse.debug - 20] IConLaunchManager : ***  1.21475700581E7  ***  Log level set to INFO
12147664 INFO  [si.isystem.eclipse.debug - 20] ISysAbstractDsfService : ***  1.21476882248E7  ***  ISysConnectionService initialization(super) finished.
12147664 INFO  [si.isystem.eclipse.debug - 20] ISysAbstractDsfService : ***  1.21476882601E7  ***  ISysConnectionService initialization(main) started.
12147664 INFO  [si.isystem.eclipse.debug - 20] ISysAbstractDsfService : ***  1.21476882724E7  ***  ISysConnectionService initialization(main) finished.
12147664 INFO  [si.isystem.eclipse.debug - 20] ISysAbstractDsfService : ***  1.21476882808E7  ***  ISysConnectionService initialization(sub) finished.
12147664 INFO  [si.isystem.eclipse.debug - 20] ISysAbstractDsfService : ***  1.2147688295E7  ***  ISysCommandControl initialization(super) started.
12147664 INFO  [Worker-12: Command Executor Job] ISysAbstractDsfService : ***  1.21476883462E7  ***  Command Executor Job started.
12147665 INFO  [si.isystem.eclipse.debug - 20] ISysAbstractDsfService : ***  1.21476884277E7  ***  ISysCommandControl initialization(super) finished.
12147665 INFO  [si.isystem.eclipse.debug - 20] ISysAbstractDsfService : ***  1.2147688438E7  ***  ISysCommandControl initialization(main) started.
12147665 INFO  [si.isystem.eclipse.debug - 20] ISysAbstractDsfService : ***  1.21476884455E7  ***  ISysCommandControl initialization(main) finished.
12147665 INFO  [si.isystem.eclipse.debug - 20] ISysAbstractDsfService : ***  1.2147688452E7  ***  ISysCommandControl initialization(sub) finished.
12147665 INFO  [si.isystem.eclipse.debug - 20] ISysAbstractDsfService : ***  1.21476884651E7  ***  ISysRunControl initialization(super) started.
12147666 INFO  [si.isystem.eclipse.debug - 20] ISysAbstractDsfService : ***  1.21476897701E7  ***  ISysRunControl initialization(super) finished.
12147666 INFO  [si.isystem.eclipse.debug - 20] ISysAbstractDsfService : ***  1.21476897877E7  ***  ISysRunControl initialization(main) started.
12147666 INFO  [si.isystem.eclipse.debug - 20] ISysAbstractDsfService : ***  1.21476898007E7  ***  ISysRunControl specified as service event listener (method: eventDispatched)
12147666 INFO  [si.isystem.eclipse.debug - 20] ISysAbstractDsfService : ***  1.21476898145E7  ***  ISysRunControl initialization(main) finished.
12147668 INFO  [si.isystem.eclipse.debug - 20] ISysAbstractDsfService : ***  1.21476907148E7  ***  ISysRunControl initialization(sub) finished.
12147668 INFO  [si.isystem.eclipse.debug - 20] ISysAbstractDsfService : ***  1.21476907351E7  ***  ISysStackService initialization(super) started.
12147668 INFO  [si.isystem.eclipse.debug - 20] ISysAbstractDsfService : ***  1.21476908951E7  ***  ISysStackService initialization(super) finished.
12147668 INFO  [si.isystem.eclipse.debug - 20] ISysAbstractDsfService : ***  1.21476909068E7  ***  ISysStackService initialization(main) started.
12147668 INFO  [si.isystem.eclipse.debug - 20] ISysAbstractDsfService : ***  1.21476909169E7  ***  ISysStackService specified as service event listener (method: eventDispatched)
12147668 INFO  [si.isystem.eclipse.debug - 20] ISysAbstractDsfService : ***  1.21476909307E7  ***  ISysStackService initialization(main) finished.
12147668 INFO  [si.isystem.eclipse.debug - 20] ISysAbstractDsfService : ***  1.21476909379E7  ***  ISysStackService initialization(sub) finished.
12147668 INFO  [si.isystem.eclipse.debug - 20] ISysAbstractDsfService : ***  1.21476909481E7  ***  ISysMemoryService initialization(super) started.
12147668 INFO  [si.isystem.eclipse.debug - 20] ISysAbstractDsfService : ***  1.21476909735E7  ***  Starting Memory Service sub-initialization sequence.
12147668 INFO  [si.isystem.eclipse.debug - 20] ISysAbstractDsfService : ***  1.21476909816E7  ***  ISysMemoryService initialization(super) finished.
12147668 INFO  [si.isystem.eclipse.debug - 20] ISysAbstractDsfService : ***  1.2147690987E7  ***  ISysMemoryService initialization(main) started.
12147668 INFO  [si.isystem.eclipse.debug - 20] ISysAbstractDsfService : ***  1.21476909934E7  ***  ISysMemoryService specified as service event listener (method: eventDispatched)
12147668 INFO  [si.isystem.eclipse.debug - 20] ISysAbstractDsfService : ***  1.21476910056E7  ***  ISysMemoryService initialization(main) finished.
12147668 INFO  [si.isystem.eclipse.debug - 20] ISysAbstractDsfService : ***  1.21476910215E7  ***  Initializing Memory Service block retrieval.
12147669 INFO  [si.isystem.eclipse.debug - 20] ISysAbstractDsfService : ***  1.21476925208E7  ***  Memory Service block retrieval initialized.
12147670 INFO  [si.isystem.eclipse.debug - 20] ISysAbstractDsfService : ***  1.21476925636E7  ***  Loading memory area properties.
12147671 INFO  [si.isystem.eclipse.debug - 20] ISysAbstractDsfService : ***  1.21476936862E7  ***  Adding 1 memory blocks.
12147671 INFO  [si.isystem.eclipse.debug - 20] ISysAbstractDsfService : ***  1.21476937355E7  ***  Block 'Virtual' [00000000:ffffffff] MAU=8 visible
12147671 INFO  [si.isystem.eclipse.debug - 20] ISysAbstractDsfService : ***  1.21476937446E7  ***  Memory Service block retrieval initialized.
12147671 INFO  [si.isystem.eclipse.debug - 20] ISysAbstractDsfService : ***  1.21476937567E7  ***  Registering memory model adapter and service.
12147671 INFO  [si.isystem.eclipse.debug - 20] ISysAbstractDsfService : ***  1.21476940246E7  ***  Memory model adapter and service registered.
12147671 INFO  [si.isystem.eclipse.debug - 20] ISysAbstractDsfService : ***  1.21476940432E7  ***  ISysMemoryService initialization(sub) finished.
12147671 INFO  [si.isystem.eclipse.debug - 20] ISysAbstractDsfService : ***  1.21476940546E7  ***  ISysSourceLookupService initialization(super) started.
12147671 INFO  [si.isystem.eclipse.debug - 20] ISysAbstractDsfService : ***  1.21476941603E7  ***  ISysSourceLookupService initialization(super) finished.
12147671 INFO  [si.isystem.eclipse.debug - 20] ISysAbstractDsfService : ***  1.21476941705E7  ***  ISysSourceLookupService initialization(main) started.
12147671 INFO  [si.isystem.eclipse.debug - 20] ISysAbstractDsfService : ***  1.21476941798E7  ***  ISysSourceLookupService initialization(main) finished.
12147671 INFO  [si.isystem.eclipse.debug - 20] ISysAbstractDsfService : ***  1.21476941862E7  ***  ISysSourceLookupService initialization(sub) finished.
12147671 INFO  [si.isystem.eclipse.debug - 20] ISysAbstractDsfService : ***  1.21476941948E7  ***  ISysExpressionsService initialization(super) started.
12147671 INFO  [si.isystem.eclipse.debug - 20] ISysAbstractDsfService : ***  1.21476943144E7  ***  ISysExpressionsService initialization(super) finished.
12147671 INFO  [si.isystem.eclipse.debug - 20] ISysAbstractDsfService : ***  1.21476943236E7  ***  ISysExpressionsService initialization(main) started.
12147671 INFO  [si.isystem.eclipse.debug - 20] ISysAbstractDsfService : ***  1.21476943313E7  ***  ISysExpressionsService specified as service event listener (method: eventDispatched)
12147671 INFO  [si.isystem.eclipse.debug - 20] ISysAbstractDsfService : ***  1.21476943424E7  ***  ISysExpressionsService initialization(main) finished.
12147671 INFO  [si.isystem.eclipse.debug - 20] ISysAbstractDsfService : ***  1.21476943493E7  ***  ISysExpressionsService initialization(sub) finished.
12147671 INFO  [si.isystem.eclipse.debug - 20] ISysAbstractDsfService : ***  1.21476943578E7  ***  ISysRegistersService initialization(super) started.
12147672 INFO  [si.isystem.eclipse.debug - 20] ISysAbstractDsfService : ***  1.21476947198E7  ***  ISysRegistersService initialization(super) finished.
12147672 INFO  [si.isystem.eclipse.debug - 20] ISysAbstractDsfService : ***  1.21476947356E7  ***  ISysRegistersService initialization(main) started.
12147672 INFO  [si.isystem.eclipse.debug - 20] ISysAbstractDsfService : ***  1.21476947449E7  ***  ISysRegistersService specified as service event listener (method: eventDispatched)
12147672 INFO  [si.isystem.eclipse.debug - 20] ISysAbstractDsfService : ***  1.21476947546E7  ***  ISysRegistersService initialization(main) finished.
12147672 INFO  [si.isystem.eclipse.debug - 20] ISysAbstractDsfService : ***  1.21476947621E7  ***  ISysRegistersService initialization(sub) finished.
12147672 INFO  [si.isystem.eclipse.debug - 20] ISysAbstractDsfService : ***  1.21476947751E7  ***  ISysDisassemblyService initialization(super) started.
12147672 INFO  [si.isystem.eclipse.debug - 20] ISysAbstractDsfService : ***  1.21476949838E7  ***  ISysDisassemblyService initialization(super) finished.
12147672 INFO  [si.isystem.eclipse.debug - 20] ISysAbstractDsfService : ***  1.21476949983E7  ***  ISysDisassemblyService initialization(main) started.
12147672 INFO  [si.isystem.eclipse.debug - 20] ISysAbstractDsfService : ***  1.21476950066E7  ***  ISysDisassemblyService initialization(main) finished.
12147672 INFO  [si.isystem.eclipse.debug - 20] ISysAbstractDsfService : ***  1.21476950141E7  ***  ISysDisassemblyService initialization(sub) finished.
12147672 INFO  [si.isystem.eclipse.debug - 20] ISysAbstractDsfService : ***  1.21476950234E7  ***  ISysSfrService initialization(super) started.
12147672 INFO  [si.isystem.eclipse.debug - 20] ISysAbstractDsfService : ***  1.21476951176E7  ***  ISysSfrService initialization(super) finished.
12147672 INFO  [si.isystem.eclipse.debug - 20] ISysAbstractDsfService : ***  1.21476951273E7  ***  ISysSfrService initialization(main) started.
12147672 INFO  [si.isystem.eclipse.debug - 20] ISysAbstractDsfService : ***  1.21476951347E7  ***  ISysSfrService specified as service event listener (method: eventDispatched)
12147672 INFO  [si.isystem.eclipse.debug - 20] ISysAbstractDsfService : ***  1.21476951438E7  ***  ISysSfrService initialization(main) finished.
12148075 INFO  [si.isystem.eclipse.debug - 20] ISysAbstractDsfService : ***  1.21480984309E7  ***  ISysSfrService initialization(sub) finished.
12148078 INFO  [si.isystem.eclipse.debug - 20] ISysAbstractDsfService : ***  1.21481013132E7  ***  ISysRteService initialization(super) started.
12148078 INFO  [si.isystem.eclipse.debug - 20] ISysAbstractDsfService : ***  1.21481014935E7  ***  ISysRteService initialization(super) finished.
12148078 INFO  [si.isystem.eclipse.debug - 20] ISysAbstractDsfService : ***  1.21481015042E7  ***  ISysRteService initialization(main) started.
12148078 INFO  [si.isystem.eclipse.debug - 20] ISysAbstractDsfService : ***  1.21481015145E7  ***  ISysRteService specified as service event listener (method: eventDispatched)
12148078 INFO  [si.isystem.eclipse.debug - 20] ISysAbstractDsfService : ***  1.21481015256E7  ***  ISysRteService initialization(main) finished.
12148078 INFO  [si.isystem.eclipse.debug - 20] ISysAbstractDsfService : ***  1.21481015384E7  ***  ISysRteService initialization(sub) finished.
12148078 INFO  [si.isystem.eclipse.debug - 20] ISysAbstractDsfService : ***  1.21481015475E7  ***  ISysBreakpointService initialization(super) started.
12148079 INFO  [si.isystem.eclipse.debug - 20] ISysAbstractDsfService : ***  1.21481016428E7  ***  ISysBreakpointService initialization(super) finished.
12148079 INFO  [si.isystem.eclipse.debug - 20] ISysAbstractDsfService : ***  1.21481016518E7  ***  ISysBreakpointService initialization(main) started.
12148079 INFO  [si.isystem.eclipse.debug - 20] ISysAbstractDsfService : ***  1.21481016592E7  ***  ISysBreakpointService specified as service event listener (method: eventDispatched)
12148079 INFO  [si.isystem.eclipse.debug - 20] ISysAbstractDsfService : ***  1.21481016677E7  ***  ISysBreakpointService initialization(main) finished.
12148079 INFO  [si.isystem.eclipse.debug - 20] ISysAbstractDsfService : ***  1.21481016739E7  ***  ISysBreakpointService initialization(sub) finished.
12148080 INFO  [si.isystem.eclipse.debug - 20] ISysLaunch : ***  1.21481028382E7  ***  Services initialization sequence completed
12154450 INFO  [si.isystem.eclipse.debug - 20] ISysAbstractDsfService : ***  1.21544729871E7  ***  Suspend failed
si.isystem.exceptions.SException: Invalid execution context type: class si.isystem.dsf.model.dm.ISysDebuggerDmContext
	at si.isystem.dsf.services.ISysRunControl.getThreadContext(Unknown Source)
	at si.isystem.dsf.services.ISysRunControl.isSuspended(Unknown Source)
	at org.eclipse.cdt.dsf.debug.ui.viewmodel.launch.AbstractContainerVMNode.updatePropertiesInSessionThread(AbstractContainerVMNode.java:168)
	at si.isystem.dsf.model.vm.ISysDebuggerVmNode.updatePropertiesInSessionThread(Unknown Source)
	at org.eclipse.cdt.dsf.debug.ui.viewmodel.launch.AbstractContainerVMNode$2.run(AbstractContainerVMNode.java:138)
	at java.base/java.util.concurrent.Executors$RunnableAdapter.call(Executors.java:539)
	at java.base/java.util.concurrent.FutureTask.run(FutureTask.java:264)
	at java.base/java.util.concurrent.ScheduledThreadPoolExecutor$ScheduledFutureTask.run(ScheduledThreadPoolExecutor.java:304)
	at java.base/java.util.concurrent.ThreadPoolExecutor.runWorker(ThreadPoolExecutor.java:1136)
	at java.base/java.util.concurrent.ThreadPoolExecutor$Worker.run(ThreadPoolExecutor.java:635)
	at java.base/java.lang.Thread.run(Thread.java:840)
12154450 INFO  [si.isystem.eclipse.debug - 20] ISysAbstractDsfService : ***  1.21544731176E7  ***  Suspend failed
si.isystem.exceptions.SException: Invalid execution context type: class si.isystem.dsf.model.dm.ISysDebuggerDmContext
	at si.isystem.dsf.services.ISysRunControl.getThreadContext(Unknown Source)
	at si.isystem.dsf.services.ISysRunControl.isSuspended(Unknown Source)
	at org.eclipse.cdt.dsf.debug.ui.viewmodel.launch.AbstractContainerVMNode.updatePropertiesInSessionThread(AbstractContainerVMNode.java:168)
	at si.isystem.dsf.model.vm.ISysDebuggerVmNode.updatePropertiesInSessionThread(Unknown Source)
	at org.eclipse.cdt.dsf.debug.ui.viewmodel.launch.AbstractContainerVMNode$2.run(AbstractContainerVMNode.java:138)
	at java.base/java.util.concurrent.Executors$RunnableAdapter.call(Executors.java:539)
	at java.base/java.util.concurrent.FutureTask.run(FutureTask.java:264)
	at java.base/java.util.concurrent.ScheduledThreadPoolExecutor$ScheduledFutureTask.run(ScheduledThreadPoolExecutor.java:304)
	at java.base/java.util.concurrent.ThreadPoolExecutor.runWorker(ThreadPoolExecutor.java:1136)
	at java.base/java.util.concurrent.ThreadPoolExecutor$Worker.run(ThreadPoolExecutor.java:635)
	at java.base/java.lang.Thread.run(Thread.java:840)
12154450 INFO  [si.isystem.eclipse.debug - 20] ISysAbstractDsfService : ***  1.21544731722E7  ***  Suspend failed
si.isystem.exceptions.SException: Invalid execution context type: class si.isystem.dsf.model.dm.ISysDebuggerDmContext
	at si.isystem.dsf.services.ISysRunControl.getThreadContext(Unknown Source)
	at si.isystem.dsf.services.ISysRunControl.isSuspended(Unknown Source)
	at org.eclipse.cdt.dsf.debug.ui.viewmodel.launch.AbstractContainerVMNode.updatePropertiesInSessionThread(AbstractContainerVMNode.java:168)
	at si.isystem.dsf.model.vm.ISysDebuggerVmNode.updatePropertiesInSessionThread(Unknown Source)
	at org.eclipse.cdt.dsf.debug.ui.viewmodel.launch.AbstractContainerVMNode$2.run(AbstractContainerVMNode.java:138)
	at java.base/java.util.concurrent.Executors$RunnableAdapter.call(Executors.java:539)
	at java.base/java.util.concurrent.FutureTask.run(FutureTask.java:264)
	at java.base/java.util.concurrent.ScheduledThreadPoolExecutor$ScheduledFutureTask.run(ScheduledThreadPoolExecutor.java:304)
	at java.base/java.util.concurrent.ThreadPoolExecutor.runWorker(ThreadPoolExecutor.java:1136)
	at java.base/java.util.concurrent.ThreadPoolExecutor$Worker.run(ThreadPoolExecutor.java:635)
	at java.base/java.lang.Thread.run(Thread.java:840)
12154450 INFO  [si.isystem.eclipse.debug - 20] ISysAbstractDsfService : ***  1.21544732188E7  ***  Suspend failed
si.isystem.exceptions.SException: Invalid execution context type: class si.isystem.dsf.model.dm.ISysDebuggerDmContext
	at si.isystem.dsf.services.ISysRunControl.getThreadContext(Unknown Source)
	at si.isystem.dsf.services.ISysRunControl.isSuspended(Unknown Source)
	at org.eclipse.cdt.dsf.debug.ui.viewmodel.launch.AbstractContainerVMNode.updatePropertiesInSessionThread(AbstractContainerVMNode.java:168)
	at si.isystem.dsf.model.vm.ISysDebuggerVmNode.updatePropertiesInSessionThread(Unknown Source)
	at org.eclipse.cdt.dsf.debug.ui.viewmodel.launch.AbstractContainerVMNode$2.run(AbstractContainerVMNode.java:138)
	at java.base/java.util.concurrent.Executors$RunnableAdapter.call(Executors.java:539)
	at java.base/java.util.concurrent.FutureTask.run(FutureTask.java:264)
	at java.base/java.util.concurrent.ScheduledThreadPoolExecutor$ScheduledFutureTask.run(ScheduledThreadPoolExecutor.java:304)
	at java.base/java.util.concurrent.ThreadPoolExecutor.runWorker(ThreadPoolExecutor.java:1136)
	at java.base/java.util.concurrent.ThreadPoolExecutor$Worker.run(ThreadPoolExecutor.java:635)
	at java.base/java.lang.Thread.run(Thread.java:840)
12241312 ERROR [si.isystem.eclipse.debug - 20] ISysAbstractDsfService : Resume failed
si.isystem.exceptions.SException: Invalid execution context type: class si.isystem.dsf.model.dm.ISysDebuggerDmContext
	at si.isystem.dsf.services.ISysRunControl.getThreadContext(Unknown Source)
	at si.isystem.dsf.services.ISysRunControl.canResume(Unknown Source)
	at si.isystem.dsf.services.ISysRunControl.canResume(Unknown Source)
	at org.eclipse.cdt.dsf.debug.ui.actions.DsfResumeCommand$2.doExecute(DsfResumeCommand.java:85)
	at org.eclipse.cdt.dsf.debug.ui.actions.DsfCommandRunnable.run(DsfCommandRunnable.java:120)
	at java.base/java.util.concurrent.Executors$RunnableAdapter.call(Executors.java:539)
	at java.base/java.util.concurrent.FutureTask.run(FutureTask.java:264)
	at java.base/java.util.concurrent.ScheduledThreadPoolExecutor$ScheduledFutureTask.run(ScheduledThreadPoolExecutor.java:304)
	at java.base/java.util.concurrent.ThreadPoolExecutor.runWorker(ThreadPoolExecutor.java:1136)
	at java.base/java.util.concurrent.ThreadPoolExecutor$Worker.run(ThreadPoolExecutor.java:635)
	at java.base/java.lang.Thread.run(Thread.java:840)
12241312 ERROR [si.isystem.eclipse.debug - 20] ISysAbstractDsfService : Step failed
si.isystem.exceptions.SException: Invalid execution context type: class si.isystem.dsf.model.dm.ISysDebuggerDmContext
	at si.isystem.dsf.services.ISysRunControl.getThreadContext(Unknown Source)
	at si.isystem.dsf.services.ISysRunControl.canStep(Unknown Source)
	at si.isystem.dsf.services.ISysRunControl.canStep(Unknown Source)
	at org.eclipse.cdt.dsf.debug.ui.viewmodel.SteppingController.canEnqueueStep(SteppingController.java:353)
	at org.eclipse.cdt.dsf.debug.ui.actions.DsfStepOverCommand$1.doExecute(DsfStepOverCommand.java:69)
	at org.eclipse.cdt.dsf.debug.ui.actions.DsfCommandRunnable.run(DsfCommandRunnable.java:120)
	at java.base/java.util.concurrent.Executors$RunnableAdapter.call(Executors.java:539)
	at java.base/java.util.concurrent.FutureTask.run(FutureTask.java:264)
	at java.base/java.util.concurrent.ScheduledThreadPoolExecutor$ScheduledFutureTask.run(ScheduledThreadPoolExecutor.java:304)
	at java.base/java.util.concurrent.ThreadPoolExecutor.runWorker(ThreadPoolExecutor.java:1136)
	at java.base/java.util.concurrent.ThreadPoolExecutor$Worker.run(ThreadPoolExecutor.java:635)
	at java.base/java.lang.Thread.run(Thread.java:840)
12241313 ERROR [si.isystem.eclipse.debug - 20] ISysAbstractDsfService : Suspend failed
si.isystem.exceptions.SException: Invalid execution context type: class si.isystem.dsf.model.dm.ISysDebuggerDmContext
	at si.isystem.dsf.services.ISysRunControl.getThreadContext(Unknown Source)
	at si.isystem.dsf.services.ISysRunControl.canSuspend(Unknown Source)
	at si.isystem.dsf.services.ISysRunControl.canSuspend(Unknown Source)
	at org.eclipse.cdt.dsf.debug.ui.actions.DsfSuspendCommand$2.doExecute(DsfSuspendCommand.java:84)
	at org.eclipse.cdt.dsf.debug.ui.actions.DsfCommandRunnable.run(DsfCommandRunnable.java:120)
	at java.base/java.util.concurrent.Executors$RunnableAdapter.call(Executors.java:539)
	at java.base/java.util.concurrent.FutureTask.run(FutureTask.java:264)
	at java.base/java.util.concurrent.ScheduledThreadPoolExecutor$ScheduledFutureTask.run(ScheduledThreadPoolExecutor.java:304)
	at java.base/java.util.concurrent.ThreadPoolExecutor.runWorker(ThreadPoolExecutor.java:1136)
	at java.base/java.util.concurrent.ThreadPoolExecutor$Worker.run(ThreadPoolExecutor.java:635)
	at java.base/java.lang.Thread.run(Thread.java:840)
12241313 ERROR [si.isystem.eclipse.debug - 20] ISysAbstractDsfService : Step failed
si.isystem.exceptions.SException: Invalid execution context type: class si.isystem.dsf.model.dm.ISysDebuggerDmContext
	at si.isystem.dsf.services.ISysRunControl.getThreadContext(Unknown Source)
	at si.isystem.dsf.services.ISysRunControl.canStep(Unknown Source)
	at si.isystem.dsf.services.ISysRunControl.canStep(Unknown Source)
	at org.eclipse.cdt.dsf.debug.ui.viewmodel.SteppingController.canEnqueueStep(SteppingController.java:353)
	at org.eclipse.cdt.dsf.debug.ui.actions.DsfStepIntoCommand$1.doExecute(DsfStepIntoCommand.java:68)
	at org.eclipse.cdt.dsf.debug.ui.actions.DsfCommandRunnable.run(DsfCommandRunnable.java:120)
	at java.base/java.util.concurrent.Executors$RunnableAdapter.call(Executors.java:539)
	at java.base/java.util.concurrent.FutureTask.run(FutureTask.java:264)
	at java.base/java.util.concurrent.ScheduledThreadPoolExecutor$ScheduledFutureTask.run(ScheduledThreadPoolExecutor.java:304)
	at java.base/java.util.concurrent.ThreadPoolExecutor.runWorker(ThreadPoolExecutor.java:1136)
	at java.base/java.util.concurrent.ThreadPoolExecutor$Worker.run(ThreadPoolExecutor.java:635)
	at java.base/java.lang.Thread.run(Thread.java:840)
12241313 ERROR [si.isystem.eclipse.debug - 20] ISysAbstractDsfService : Step failed
si.isystem.exceptions.SException: Invalid execution context type: class si.isystem.dsf.model.dm.ISysDebuggerDmContext
	at si.isystem.dsf.services.ISysRunControl.getThreadContext(Unknown Source)
	at si.isystem.dsf.services.ISysRunControl.canStep(Unknown Source)
	at si.isystem.dsf.services.ISysRunControl.canStep(Unknown Source)
	at org.eclipse.cdt.dsf.debug.ui.viewmodel.SteppingController.canEnqueueStep(SteppingController.java:353)
	at org.eclipse.cdt.dsf.debug.ui.actions.DsfStepReturnCommand$1.doExecute(DsfStepReturnCommand.java:65)
	at org.eclipse.cdt.dsf.debug.ui.actions.DsfCommandRunnable.run(DsfCommandRunnable.java:120)
	at java.base/java.util.concurrent.Executors$RunnableAdapter.call(Executors.java:539)
	at java.base/java.util.concurrent.FutureTask.run(FutureTask.java:264)
	at java.base/java.util.concurrent.ScheduledThreadPoolExecutor$ScheduledFutureTask.run(ScheduledThreadPoolExecutor.java:304)
	at java.base/java.util.concurrent.ThreadPoolExecutor.runWorker(ThreadPoolExecutor.java:1136)
	at java.base/java.util.concurrent.ThreadPoolExecutor$Worker.run(ThreadPoolExecutor.java:635)
	at java.base/java.lang.Thread.run(Thread.java:840)
12243644 INFO  [Worker-12: Command Executor Job] ISysAbstractDsfService : ***  1.22436673692E7  ***  ISysCommandControl command dequeued - exiting command processing loop
12243644 INFO  [si.isystem.eclipse.debug - 20] ISysAbstractCommand : ***  1.22436674292E7  ***  Processing the last command to be processed: si.isystem.dsf.control.commands.ISysCmdMiscTerminateDebugger
12243644 INFO  [si.isystem.eclipse.debug - 20] ISysAbstractDsfService : ***  1.22436674526E7  ***  Command Control was shut down - cancelling remaining commands in queue.
12243644 INFO  [si.isystem.eclipse.debug - 20] ISysAbstractDsfService : ***  1.22436674645E7  ***  Command Controll queue is empty and closed.
12243644 INFO  [si.isystem.eclipse.debug - 20] ISysAbstractDsfService : ***  1.22436677255E7  ***  ISysBreakpointService shutdown(super) started.
12243644 INFO  [si.isystem.eclipse.debug - 20] ISysAbstractDsfService : ***  1.22436677413E7  ***  ISysBreakpointService shutdown(super) finished.
12243644 INFO  [si.isystem.eclipse.debug - 20] ISysAbstractDsfService : ***  1.22436677472E7  ***  ISysBreakpointService shutdown(main) started.
12243644 INFO  [si.isystem.eclipse.debug - 20] ISysAbstractDsfService : ***  1.22436677546E7  ***  ISysBreakpointService removed from service event listener list
12243645 INFO  [si.isystem.eclipse.debug - 20] ISysAbstractDsfService : ***  1.22436678773E7  ***  ISysBreakpointService shutdown(main) finished.
12243645 INFO  [si.isystem.eclipse.debug - 20] ISysAbstractDsfService : ***  1.2243667886E7  ***  ISysBreakpointService shutdown(sub) finished.
12243645 INFO  [si.isystem.eclipse.debug - 20] ISysAbstractDsfService : ***  1.22436679013E7  ***  ISysRteService shutdown(super) started.
12243645 INFO  [si.isystem.eclipse.debug - 20] ISysAbstractDsfService : ***  1.22436679138E7  ***  ISysRteService shutdown(super) finished.
12243645 INFO  [si.isystem.eclipse.debug - 20] ISysAbstractDsfService : ***  1.22436679196E7  ***  ISysRteService shutdown(main) started.
12243645 INFO  [si.isystem.eclipse.debug - 20] ISysAbstractDsfService : ***  1.22436679251E7  ***  ISysRteService removed from service event listener list
12243645 INFO  [si.isystem.eclipse.debug - 20] ISysAbstractDsfService : ***  1.2243668025E7  ***  ISysRteService shutdown(main) finished.
12243645 INFO  [si.isystem.eclipse.debug - 20] ISysAbstractDsfService : ***  1.22436680553E7  ***  ISysRteService shutdown(sub) finished.
12243645 INFO  [si.isystem.eclipse.debug - 20] ISysAbstractDsfService : ***  1.22436680689E7  ***  ISysSfrService shutdown(super) started.
12243645 INFO  [si.isystem.eclipse.debug - 20] ISysAbstractDsfService : ***  1.22436680808E7  ***  ISysSfrService shutdown(super) finished.
12243645 INFO  [si.isystem.eclipse.debug - 20] ISysAbstractDsfService : ***  1.22436680865E7  ***  ISysSfrService shutdown(main) started.
12243645 INFO  [si.isystem.eclipse.debug - 20] ISysAbstractDsfService : ***  1.22436680921E7  ***  ISysSfrService removed from service event listener list
12243645 INFO  [si.isystem.eclipse.debug - 20] ISysAbstractDsfService : ***  1.22436681683E7  ***  ISysSfrService shutdown(main) finished.
12243645 INFO  [si.isystem.eclipse.debug - 20] ISysAbstractDsfService : ***  1.22436682007E7  ***  ISysSfrService shutdown(sub) finished.
12243645 INFO  [si.isystem.eclipse.debug - 20] ISysAbstractDsfService : ***  1.22436682122E7  ***  ISysDisassemblyService shutdown(super) started.
12243645 INFO  [si.isystem.eclipse.debug - 20] ISysAbstractDsfService : ***  1.22436682234E7  ***  ISysDisassemblyService shutdown(super) finished.
12243645 INFO  [si.isystem.eclipse.debug - 20] ISysAbstractDsfService : ***  1.2243668229E7  ***  ISysDisassemblyService shutdown(main) started.
12243645 INFO  [si.isystem.eclipse.debug - 20] ISysAbstractDsfService : ***  1.22436683148E7  ***  ISysDisassemblyService shutdown(main) finished.
12243645 INFO  [si.isystem.eclipse.debug - 20] ISysAbstractDsfService : ***  1.22436683229E7  ***  ISysDisassemblyService shutdown(sub) finished.
12243645 INFO  [si.isystem.eclipse.debug - 20] ISysAbstractDsfService : ***  1.22436683333E7  ***  ISysRegistersService shutdown(super) started.
12243645 INFO  [si.isystem.eclipse.debug - 20] ISysAbstractDsfService : ***  1.22436683431E7  ***  ISysRegistersService shutdown(super) finished.
12243645 INFO  [si.isystem.eclipse.debug - 20] ISysAbstractDsfService : ***  1.22436683484E7  ***  ISysRegistersService shutdown(main) started.
12243645 INFO  [si.isystem.eclipse.debug - 20] ISysAbstractDsfService : ***  1.22436683543E7  ***  ISysRegistersService removed from service event listener list
12243645 INFO  [si.isystem.eclipse.debug - 20] ISysAbstractDsfService : ***  1.2243668459E7  ***  ISysRegistersService shutdown(main) finished.
12243645 INFO  [si.isystem.eclipse.debug - 20] ISysAbstractDsfService : ***  1.22436684675E7  ***  ISysRegistersService shutdown(sub) finished.
12243645 INFO  [si.isystem.eclipse.debug - 20] ISysAbstractDsfService : ***  1.22436684778E7  ***  ISysExpressionsService shutdown(super) started.
12243645 INFO  [si.isystem.eclipse.debug - 20] ISysAbstractDsfService : ***  1.22436684877E7  ***  ISysExpressionsService shutdown(super) finished.
12243645 INFO  [si.isystem.eclipse.debug - 20] ISysAbstractDsfService : ***  1.22436684934E7  ***  ISysExpressionsService shutdown(main) started.
12243645 INFO  [si.isystem.eclipse.debug - 20] ISysAbstractDsfService : ***  1.22436684988E7  ***  ISysExpressionsService removed from service event listener list
12243645 INFO  [si.isystem.eclipse.debug - 20] ISysAbstractDsfService : ***  1.22436686056E7  ***  ISysExpressionsService shutdown(main) finished.
12243645 INFO  [si.isystem.eclipse.debug - 20] ISysAbstractDsfService : ***  1.22436686148E7  ***  ISysExpressionsService shutdown(sub) finished.
12243645 INFO  [si.isystem.eclipse.debug - 20] ISysAbstractDsfService : ***  1.2243668626E7  ***  ISysSourceLookupService shutdown(super) started.
12243645 INFO  [si.isystem.eclipse.debug - 20] ISysAbstractDsfService : ***  1.22436686353E7  ***  ISysSourceLookupService shutdown(super) finished.
12243645 INFO  [si.isystem.eclipse.debug - 20] ISysAbstractDsfService : ***  1.22436686836E7  ***  ISysSourceLookupService shutdown(main) started.
12243645 INFO  [si.isystem.eclipse.debug - 20] ISysAbstractDsfService : ***  1.22436687849E7  ***  ISysSourceLookupService shutdown(main) finished.
12243646 INFO  [si.isystem.eclipse.debug - 20] ISysAbstractDsfService : ***  1.22436687942E7  ***  ISysSourceLookupService shutdown(sub) finished.
12243646 INFO  [si.isystem.eclipse.debug - 20] ISysAbstractDsfService : ***  1.22436688048E7  ***  ISysMemoryService shutdown(super) started.
12243646 INFO  [si.isystem.eclipse.debug - 20] ISysAbstractDsfService : ***  1.22436688282E7  ***  ISysMemoryService shutdown(super) finished.
12243646 INFO  [si.isystem.eclipse.debug - 20] ISysAbstractDsfService : ***  1.2243668834E7  ***  ISysMemoryService shutdown(main) started.
12243646 INFO  [si.isystem.eclipse.debug - 20] ISysAbstractDsfService : ***  1.22436688396E7  ***  ISysMemoryService removed from service event listener list
12243646 INFO  [si.isystem.eclipse.debug - 20] ISysAbstractDsfService : ***  1.22436689393E7  ***  ISysMemoryService shutdown(main) finished.
12243646 INFO  [si.isystem.eclipse.debug - 20] ISysAbstractDsfService : ***  1.22436689474E7  ***  ISysMemoryService shutdown(sub) finished.
12243646 INFO  [si.isystem.eclipse.debug - 20] ISysAbstractDsfService : ***  1.22436689557E7  ***  ISysStackService shutdown(super) started.
12243646 INFO  [si.isystem.eclipse.debug - 20] ISysAbstractDsfService : ***  1.22436689786E7  ***  ISysStackService shutdown(super) finished.
12243646 INFO  [si.isystem.eclipse.debug - 20] ISysAbstractDsfService : ***  1.2243668984E7  ***  ISysStackService shutdown(main) started.
12243646 INFO  [si.isystem.eclipse.debug - 20] ISysAbstractDsfService : ***  1.22436689893E7  ***  ISysStackService removed from service event listener list
12243646 INFO  [si.isystem.eclipse.debug - 20] ISysAbstractDsfService : ***  1.22436690651E7  ***  ISysStackService shutdown(main) finished.
12243646 INFO  [si.isystem.eclipse.debug - 20] ISysAbstractDsfService : ***  1.22436690741E7  ***  ISysStackService shutdown(sub) finished.
12243646 INFO  [si.isystem.eclipse.debug - 20] ISysAbstractDsfService : ***  1.22436690823E7  ***  ISysRunControl shutdown(super) started.
12243646 INFO  [si.isystem.eclipse.debug - 20] ISysAbstractDsfService : ***  1.22436690917E7  ***  ISysRunControl shutdown(super) finished.
12243646 INFO  [si.isystem.eclipse.debug - 20] ISysAbstractDsfService : ***  1.22436690972E7  ***  ISysRunControl shutdown(main) started.
12243646 INFO  [si.isystem.eclipse.debug - 20] ISysAbstractDsfService : ***  1.22436691024E7  ***  ISysRunControl removed from service event listener list
12243646 INFO  [si.isystem.eclipse.debug - 20] ISysAbstractDsfService : ***  1.22436691773E7  ***  ISysRunControl shutdown(main) finished.
12243646 INFO  [si.isystem.eclipse.debug - 20] ISysAbstractDsfService : ***  1.22436691848E7  ***  ISysRunControl shutdown(sub) finished.
12243646 INFO  [si.isystem.eclipse.debug - 20] ISysAbstractDsfService : ***  1.22436691925E7  ***  ISysCommandControl shutdown(super) started.
12243646 INFO  [si.isystem.eclipse.debug - 20] ISysAbstractDsfService : ***  1.22436692014E7  ***  ISysCommandControl shutdown(super) finished.
12243646 INFO  [si.isystem.eclipse.debug - 20] ISysAbstractDsfService : ***  1.22436692068E7  ***  ISysCommandControl shutdown(main) started.
12243646 INFO  [si.isystem.eclipse.debug - 20] ISysAbstractDsfService : ***  1.22436692834E7  ***  ISysCommandControl shutdown(main) finished.
12243646 INFO  [si.isystem.eclipse.debug - 20] ISysAbstractDsfService : ***  1.22436692929E7  ***  ISysCommandControl shutdown(sub) finished.
12243646 INFO  [si.isystem.eclipse.debug - 20] ISysAbstractDsfService : ***  1.22436693039E7  ***  ISysConnectionService shutdown(super) started.
12243646 INFO  [si.isystem.eclipse.debug - 20] IConnectProxy : ***  1.22436693418E7  ***  Shutting down iConnect for cores: [I@7c4d16c
12243646 INFO  [si.isystem.eclipse.debug - 20] IConnectProxy : ***  1.2243669359E7  ***  Disconnecting from and closing winIDEA on core 0.
12243684 INFO  [si.isystem.eclipse.debug - 20] ISysAbstractDsfService : ***  1.2243707112E7  ***  ISysConnectionService shutdown(super) finished.
12243684 INFO  [si.isystem.eclipse.debug - 20] ISysAbstractDsfService : ***  1.22437071693E7  ***  ISysConnectionService shutdown(main) started.
12243684 INFO  [si.isystem.eclipse.debug - 20] ISysAbstractDsfService : ***  1.2243707177E7  ***  ISysConnectionService shutdown(main) finished.
12243684 INFO  [si.isystem.eclipse.debug - 20] ISysAbstractDsfService : ***  1.22437071842E7  ***  ISysConnectionService shutdown(sub) finished.
12243684 INFO  [si.isystem.eclipse.debug - 20] ISysLaunch : ***  1.22437072552E7  ***  Debug services shutdown completed.
